query_product_id,query_article_type,rank,retrieved_product_id,retrieved_article_type,similarity_score,is_relevant
28032,Briefs,1,25347,Briefs,0.7622120380401611,True
28032,Briefs,2,28030,Briefs,0.7437039613723755,True
28032,Briefs,3,28027,Briefs,0.7410881519317627,True
28032,Briefs,4,28028,Briefs,0.736682116985321,True
28032,Briefs,5,57027,Briefs,0.7173380851745605,True
28032,Briefs,6,27953,Briefs,0.7171971201896667,True
28032,Briefs,7,25342,Briefs,0.7162511348724365,True
28032,Briefs,8,28025,Briefs,0.7069675326347351,True
28032,Briefs,9,28003,Briefs,0.7061527371406555,True
28032,Briefs,10,17853,Briefs,0.6972779035568237,True
35322,Earrings,1,35320,Earrings,0.7716516256332397,True
35322,Earrings,2,48592,Earrings,0.7015551328659058,True
35322,Earrings,3,48684,Earrings,0.675733208656311,True
35322,Earrings,4,48716,Earrings,0.6560222506523132,True
35322,Earrings,5,48676,Earrings,0.6406150460243225,True
35322,Earrings,6,48708,Earrings,0.638687252998352,True
35322,Earrings,7,59528,Earrings,0.6308529376983643,True
35322,Earrings,8,52198,Pendant,0.6217228174209595,False
35322,Earrings,9,35326,Earrings,0.6216515302658081,True
35322,Earrings,10,46047,Earrings,0.6212902069091797,True
13284,Shorts,1,13285,Shorts,1.000000238418579,True
13284,Shorts,2,13244,Shorts,0.8702600598335266,True
13284,Shorts,3,13245,Shorts,0.8702600598335266,True
13284,Shorts,4,15645,Shorts,0.8511181473731995,True
13284,Shorts,5,28627,Shorts,0.8505216836929321,True
13284,Shorts,6,31449,Shorts,0.8488759994506836,True
13284,Shorts,7,13222,Shorts,0.8460785150527954,True
13284,Shorts,8,13223,Shorts,0.8460785150527954,True
13284,Shorts,9,39320,Shorts,0.8451396822929382,True
13284,Shorts,10,22644,Shorts,0.8448446989059448,True
26197,Perfume and Body Mist,1,26198,Perfume and Body Mist,0.8657910227775574,True
26197,Perfume and Body Mist,2,23547,Deodorant,0.7659186124801636,False
26197,Perfume and Body Mist,3,23556,Deodorant,0.7277085781097412,False
26197,Perfume and Body Mist,4,45567,Deodorant,0.7230247259140015,False
26197,Perfume and Body Mist,5,26196,Perfume and Body Mist,0.7211757898330688,True
26197,Perfume and Body Mist,6,20073,Deodorant,0.7057393193244934,False
26197,Perfume and Body Mist,7,44101,Perfume and Body Mist,0.7009159326553345,True
26197,Perfume and Body Mist,8,26010,Perfume and Body Mist,0.7008854150772095,True
26197,Perfume and Body Mist,9,26199,Perfume and Body Mist,0.6998732686042786,True
26197,Perfume and Body Mist,10,28262,Deodorant,0.6996622085571289,False
3391,Handbags,1,24652,Handbags,0.7466576099395752,True
3391,Handbags,2,3387,Handbags,0.7297433614730835,True
3391,Handbags,3,38473,Handbags,0.7214381694793701,True
3391,Handbags,4,47352,Handbags,0.7149091958999634,True
3391,Handbags,5,57244,Handbags,0.7087305188179016,True
3391,Handbags,6,49563,Handbags,0.6959253549575806,True
3391,Handbags,7,59430,Handbags,0.6877938508987427,True
3391,Handbags,8,27683,Handbags,0.6862636208534241,True
3391,Handbags,9,58195,Handbags,0.6788375377655029,True
3391,Handbags,10,59428,Handbags,0.6782478094100952,True
22361,Sports Sandals,1,10079,Sandals,0.902562141418457,False
22361,Sports Sandals,2,15457,Sandals,0.8378812670707703,False
22361,Sports Sandals,3,5599,Sandals,0.8232669830322266,False
22361,Sports Sandals,4,3503,Sports Sandals,0.8203467726707458,True
22361,Sports Sandals,5,6147,Sandals,0.8088154792785645,False
22361,Sports Sandals,6,5608,Sandals,0.7779759764671326,False
22361,Sports Sandals,7,22700,Sandals,0.7750107645988464,False
22361,Sports Sandals,8,5609,Sports Sandals,0.7724923491477966,True
22361,Sports Sandals,9,17965,Sports Sandals,0.7646300792694092,True
22361,Sports Sandals,10,10114,Sports Sandals,0.7561677098274231,True
55233,Foundation and Primer,1,55238,Foundation and Primer,0.817510724067688,True
55233,Foundation and Primer,2,55239,Foundation and Primer,0.8163667917251587,True
55233,Foundation and Primer,3,55236,Foundation and Primer,0.8147023320198059,True
55233,Foundation and Primer,4,55237,Foundation and Primer,0.813363790512085,True
55233,Foundation and Primer,5,55235,Foundation and Primer,0.7341066002845764,True
55233,Foundation and Primer,6,27330,Perfume and Body Mist,0.7084968090057373,False
55233,Foundation and Primer,7,57605,Lipstick,0.6876157522201538,False
55233,Foundation and Primer,8,57587,Lipstick,0.6866160035133362,False
55233,Foundation and Primer,9,56133,Foundation and Primer,0.6859404444694519,True
55233,Foundation and Primer,10,57593,Lipstick,0.6851027011871338,False
39147,Kurta Sets,1,56805,Kurta Sets,0.8096368312835693,True
39147,Kurta Sets,2,45733,Kurtas,0.7951416373252869,False
39147,Kurta Sets,3,43643,Dresses,0.7901932597160339,False
39147,Kurta Sets,4,57030,Tops,0.7854079604148865,False
39147,Kurta Sets,5,21908,Kurta Sets,0.7790989875793457,True
39147,Kurta Sets,6,41330,Dupatta,0.7770611047744751,False
39147,Kurta Sets,7,42555,Kurtas,0.7726374864578247,False
39147,Kurta Sets,8,21928,Kurtas,0.7703380584716797,False
39147,Kurta Sets,9,43633,Dresses,0.7649770975112915,False
39147,Kurta Sets,10,21910,Kurta Sets,0.7638495564460754,True
15983,Shirts,1,15976,Shirts,0.9084234833717346,True
15983,Shirts,2,15977,Shirts,0.8982227444648743,True
15983,Shirts,3,39788,Shirts,0.8720430135726929,True
15983,Shirts,4,31639,Shirts,0.8681301474571228,True
15983,Shirts,5,29636,Shirts,0.8681301474571228,True
15983,Shirts,6,39784,Shirts,0.8587780594825745,True
15983,Shirts,7,16389,Shirts,0.8556563258171082,True
15983,Shirts,8,16361,Shirts,0.8539607524871826,True
15983,Shirts,9,39783,Shirts,0.850071907043457,True
15983,Shirts,10,16332,Shirts,0.847705602645874,True
59290,Watches,1,40505,Watches,0.7918198108673096,True
59290,Watches,2,51629,Watches,0.7583155035972595,True
59290,Watches,3,45178,Watches,0.757080078125,True
59290,Watches,4,45177,Watches,0.7333201169967651,True
59290,Watches,5,59293,Watches,0.7312906384468079,True
59290,Watches,6,33933,Watches,0.7275121808052063,True
59290,Watches,7,58825,Watches,0.7218069434165955,True
59290,Watches,8,46431,Watches,0.7213225364685059,True
59290,Watches,9,45122,Watches,0.7169440984725952,True
59290,Watches,10,59215,Watches,0.7167878150939941,True
18459,Deodorant,1,18461,Deodorant,0.8933349847793579,True
18459,Deodorant,2,18458,Deodorant,0.8602768778800964,True
18459,Deodorant,3,20076,Deodorant,0.8146403431892395,True
18459,Deodorant,4,20074,Deodorant,0.8006467819213867,True
18459,Deodorant,5,22560,Deodorant,0.7959396839141846,True
18459,Deodorant,6,26737,Deodorant,0.7866235375404358,True
18459,Deodorant,7,43102,Deodorant,0.7793442606925964,True
18459,Deodorant,8,43103,Deodorant,0.7786949872970581,True
18459,Deodorant,9,36564,Deodorant,0.7782143354415894,True
18459,Deodorant,10,23553,Deodorant,0.7779662013053894,True
25385,Briefs,1,50532,Briefs,0.917704701423645,True
25385,Briefs,2,45640,Briefs,0.9158720970153809,True
25385,Briefs,3,42411,Briefs,0.9090473651885986,True
25385,Briefs,4,50443,Briefs,0.9078396558761597,True
25385,Briefs,5,50501,Briefs,0.9068987369537354,True
25385,Briefs,6,45630,Briefs,0.906639575958252,True
25385,Briefs,7,45633,Briefs,0.9016367793083191,True
25385,Briefs,8,18079,Briefs,0.9012600183486938,True
25385,Briefs,9,45634,Briefs,0.9009108543395996,True
25385,Briefs,10,50504,Briefs,0.9008810520172119,True
34038,Shirts,1,31098,Shirts,0.9999998211860657,True
34038,Shirts,2,34039,Shirts,0.9999998211860657,True
34038,Shirts,3,5021,Shirts,0.8838430643081665,True
34038,Shirts,4,37222,Shirts,0.8744317293167114,True
34038,Shirts,5,38478,Shirts,0.8494223356246948,True
34038,Shirts,6,33493,Shirts,0.8491944074630737,True
34038,Shirts,7,33492,Shirts,0.8491944074630737,True
34038,Shirts,8,27213,Shirts,0.8491944074630737,True
34038,Shirts,9,31097,Shirts,0.8392263650894165,True
34038,Shirts,10,34037,Shirts,0.8392263650894165,True
7169,Shirts,1,8801,Shirts,1.000000238418579,True
7169,Shirts,2,21150,Shirts,0.9192507266998291,True
7169,Shirts,3,13437,Tshirts,0.9175374507904053,False
7169,Shirts,4,10807,Shirts,0.9135808944702148,True
7169,Shirts,5,8721,Shirts,0.9100319147109985,True
7169,Shirts,6,9609,Shirts,0.9100319147109985,True
7169,Shirts,7,25539,Shirts,0.9075109958648682,True
7169,Shirts,8,8879,Shirts,0.906916618347168,True
7169,Shirts,9,8735,Shirts,0.8983690738677979,True
7169,Shirts,10,9639,Shirts,0.8983690738677979,True
23249,Formal Shoes,1,45584,Formal Shoes,0.8929468393325806,True
23249,Formal Shoes,2,7406,Formal Shoes,0.886142373085022,True
23249,Formal Shoes,3,23255,Formal Shoes,0.8860175013542175,True
23249,Formal Shoes,4,23246,Formal Shoes,0.8788332939147949,True
23249,Formal Shoes,5,45598,Formal Shoes,0.8674553036689758,True
23249,Formal Shoes,6,23244,Formal Shoes,0.8634335398674011,True
23249,Formal Shoes,7,45590,Formal Shoes,0.8589972853660583,True
23249,Formal Shoes,8,6502,Formal Shoes,0.8512524962425232,True
23249,Formal Shoes,9,23242,Formal Shoes,0.8503610491752625,True
23249,Formal Shoes,10,45605,Formal Shoes,0.8485950827598572,True
2040,Tshirts,1,2039,Tshirts,0.8814432621002197,True
2040,Tshirts,2,2009,Tshirts,0.8643946647644043,True
2040,Tshirts,3,2237,Tshirts,0.8578755259513855,True
2040,Tshirts,4,2033,Tshirts,0.8440932035446167,True
2040,Tshirts,5,2975,Tshirts,0.8440345525741577,True
2040,Tshirts,6,2493,Tshirts,0.8425624370574951,True
2040,Tshirts,7,4798,Tshirts,0.8424704074859619,True
2040,Tshirts,8,29798,Shirts,0.8403022289276123,False
2040,Tshirts,9,34239,Tshirts,0.8365349769592285,True
2040,Tshirts,10,7823,Tshirts,0.8364927768707275,True
25949,Scarves,1,17383,Mufflers,0.7311702966690063,False
25949,Scarves,2,20072,Stoles,0.7239904403686523,False
25949,Scarves,3,14636,Scarves,0.704744815826416,True
25949,Scarves,4,35092,Scarves,0.7045003771781921,True
25949,Scarves,5,25957,Scarves,0.6936471462249756,True
25949,Scarves,6,25939,Scarves,0.6935648918151855,True
25949,Scarves,7,25950,Scarves,0.6906843781471252,True
25949,Scarves,8,23474,Scarves,0.6744838356971741,True
25949,Scarves,9,20844,Mufflers,0.6725775003433228,False
25949,Scarves,10,38308,Scarves,0.669600248336792,True
46285,Dresses,1,24549,Tops,0.77130126953125,False
46285,Dresses,2,13523,Tops,0.7459501028060913,False
46285,Dresses,3,27092,Kurtas,0.7433254718780518,False
46285,Dresses,4,3968,Tops,0.742403507232666,False
46285,Dresses,5,11800,Kurtas,0.7422549724578857,False
46285,Dresses,6,41774,Dresses,0.7398631572723389,True
46285,Dresses,7,23052,Tops,0.7268875241279602,False
46285,Dresses,8,46255,Tunics,0.7259640693664551,False
46285,Dresses,9,28836,Kurtas,0.7252576351165771,False
46285,Dresses,10,22779,Kurtas,0.7209858298301697,False
25985,Perfume and Body Mist,1,25984,Deodorant,0.7679874897003174,False
25985,Perfume and Body Mist,2,45672,Perfume and Body Mist,0.6730343699455261,True
25985,Perfume and Body Mist,3,25995,Perfume and Body Mist,0.6526893377304077,True
25985,Perfume and Body Mist,4,56362,Perfume and Body Mist,0.6346098184585571,True
25985,Perfume and Body Mist,5,56359,Perfume and Body Mist,0.6343414783477783,True
25985,Perfume and Body Mist,6,45671,Perfume and Body Mist,0.6292468309402466,True
25985,Perfume and Body Mist,7,45673,Perfume and Body Mist,0.6132950782775879,True
25985,Perfume and Body Mist,8,30980,Perfume and Body Mist,0.6118703484535217,True
25985,Perfume and Body Mist,9,23571,Perfume and Body Mist,0.6036193370819092,True
25985,Perfume and Body Mist,10,26848,Perfume and Body Mist,0.6021466255187988,True
21189,Backpacks,1,21192,Backpacks,0.7414764761924744,True
21189,Backpacks,2,37671,Backpacks,0.7401220798492432,True
21189,Backpacks,3,7066,Backpacks,0.7376577854156494,True
21189,Backpacks,4,21193,Backpacks,0.7356241941452026,True
21189,Backpacks,5,39482,Backpacks,0.7324724793434143,True
21189,Backpacks,6,37685,Backpacks,0.731178343296051,True
21189,Backpacks,7,2221,Backpacks,0.7300410866737366,True
21189,Backpacks,8,25865,Backpacks,0.7222355604171753,True
21189,Backpacks,9,25864,Backpacks,0.7221969366073608,True
21189,Backpacks,10,53366,Backpacks,0.7214351892471313,True
37488,Watches,1,50388,Watches,0.7435924410820007,True
37488,Watches,2,50387,Watches,0.6929928064346313,True
37488,Watches,3,28440,Watches,0.6669716835021973,True
37488,Watches,4,59264,Watches,0.6508625745773315,True
37488,Watches,5,45194,Watches,0.6409551501274109,True
37488,Watches,6,59768,Earrings,0.6369245052337646,False
37488,Watches,7,45193,Watches,0.6209099292755127,True
37488,Watches,8,52225,Pendant,0.6157808303833008,False
37488,Watches,9,42624,Earrings,0.587755024433136,False
37488,Watches,10,48790,Pendant,0.5852320194244385,False
3398,Handbags,1,21553,Handbags,0.8416181802749634,True
3398,Handbags,2,21548,Handbags,0.8200525641441345,True
3398,Handbags,3,21557,Handbags,0.7837935090065002,True
3398,Handbags,4,21562,Handbags,0.7701660990715027,True
3398,Handbags,5,21547,Handbags,0.7509357333183289,True
3398,Handbags,6,21552,Handbags,0.7485101222991943,True
3398,Handbags,7,29734,Handbags,0.738120436668396,True
3398,Handbags,8,34558,Handbags,0.7361507415771484,True
3398,Handbags,9,21752,Handbags,0.7174010276794434,True
3398,Handbags,10,21558,Handbags,0.7099393606185913,True
3505,Casual Shoes,1,5909,Casual Shoes,0.7793188691139221,True
3505,Casual Shoes,2,26454,Casual Shoes,0.7685060501098633,True
3505,Casual Shoes,3,38535,Casual Shoes,0.7664399743080139,True
3505,Casual Shoes,4,26595,Sports Shoes,0.7661954164505005,False
3505,Casual Shoes,5,5340,Casual Shoes,0.7619935274124146,True
3505,Casual Shoes,6,4741,Casual Shoes,0.7497835159301758,True
3505,Casual Shoes,7,18482,Casual Shoes,0.748450756072998,True
3505,Casual Shoes,8,5926,Casual Shoes,0.7457528710365295,True
3505,Casual Shoes,9,2965,Casual Shoes,0.7435564994812012,True
3505,Casual Shoes,10,5920,Casual Shoes,0.7381691336631775,True
42410,Briefs,1,45630,Briefs,0.9314526319503784,True
42410,Briefs,2,45632,Briefs,0.9297603964805603,True
42410,Briefs,3,45634,Briefs,0.9256064295768738,True
42410,Briefs,4,45633,Briefs,0.9255045652389526,True
42410,Briefs,5,45631,Briefs,0.9244505763053894,True
42410,Briefs,6,47511,Briefs,0.9233229160308838,True
42410,Briefs,7,45637,Briefs,0.9219279885292053,True
42410,Briefs,8,45641,Briefs,0.9200767278671265,True
42410,Briefs,9,42975,Briefs,0.9166778922080994,True
42410,Briefs,10,45655,Briefs,0.9161983728408813,True
24868,Wallets,1,25093,Wallets,0.9708336591720581,True
24868,Wallets,2,24620,Wallets,0.9597594141960144,True
24868,Wallets,3,24619,Wallets,0.9480253458023071,True
24868,Wallets,4,25094,Wallets,0.9359544515609741,True
24868,Wallets,5,28587,Wallets,0.9321559071540833,True
24868,Wallets,6,12419,Wallets,0.9305224418640137,True
24868,Wallets,7,38297,Wallets,0.9302365779876709,True
24868,Wallets,8,27756,Wallets,0.9283086061477661,True
24868,Wallets,9,27755,Wallets,0.927642822265625,True
24868,Wallets,10,27751,Wallets,0.9253258109092712,True
33225,Dresses,1,33226,Dresses,0.8801673650741577,True
33225,Dresses,2,5764,Tops,0.848490834236145,False
33225,Dresses,3,35990,Dresses,0.8463156819343567,True
33225,Dresses,4,46254,Tunics,0.8258267641067505,False
33225,Dresses,5,36470,Kurtas,0.8183923959732056,False
33225,Dresses,6,7412,Kurtas,0.8117762207984924,False
33225,Dresses,7,37927,Tunics,0.8107717037200928,False
33225,Dresses,8,58653,Kurtas,0.80739426612854,False
33225,Dresses,9,40642,Kurtas,0.7992034554481506,False
33225,Dresses,10,52435,Nightdress,0.7973395586013794,False
34000,Tops,1,32930,Shirts,0.8883973956108093,False
34000,Tops,2,46121,Jackets,0.8795182108879089,False
34000,Tops,3,19726,Shirts,0.8733069896697998,False
34000,Tops,4,19679,Tops,0.8671717047691345,True
34000,Tops,5,20347,Sweaters,0.864482045173645,False
34000,Tops,6,52027,Rain Jacket,0.8591549396514893,False
34000,Tops,7,14095,Tops,0.8499737977981567,True
34000,Tops,8,17514,Sweaters,0.8479756116867065,False
34000,Tops,9,27874,Shirts,0.8459113836288452,False
34000,Tops,10,19339,Jackets,0.8415812849998474,False
47196,Sandals,1,47195,Sandals,0.9844027757644653,True
47196,Sandals,2,21055,Sandals,0.835525393486023,True
47196,Sandals,3,44539,Sandals,0.827942967414856,True
47196,Sandals,4,23676,Sandals,0.8251067399978638,True
47196,Sandals,5,21087,Sandals,0.8202419281005859,True
47196,Sandals,6,9719,Sandals,0.8152486085891724,True
47196,Sandals,7,16248,Flip Flops,0.8098481297492981,False
47196,Sandals,8,44551,Sandals,0.8089426755905151,True
47196,Sandals,9,22539,Heels,0.8076322674751282,False
47196,Sandals,10,16174,Sandals,0.8060843348503113,True
26333,Watches,1,15281,Watches,0.7540621757507324,True
26333,Watches,2,31843,Watches,0.7408536672592163,True
26333,Watches,3,33930,Watches,0.7375544905662537,True
26333,Watches,4,8124,Watches,0.7158390283584595,True
26333,Watches,5,45933,Watches,0.7096192836761475,True
26333,Watches,6,26341,Watches,0.7050905227661133,True
26333,Watches,7,19295,Watches,0.6986008286476135,True
26333,Watches,8,51629,Watches,0.695183515548706,True
26333,Watches,9,23291,Watches,0.6939159631729126,True
26333,Watches,10,11208,Watches,0.6804815530776978,True
37625,Tshirts,1,37597,Tshirts,0.9091825485229492,True
37625,Tshirts,2,37624,Tshirts,0.8539421558380127,True
37625,Tshirts,3,37596,Tshirts,0.8443456888198853,True
37625,Tshirts,4,38345,Tshirts,0.8344283699989319,True
37625,Tshirts,5,35877,Tshirts,0.8298823237419128,True
37625,Tshirts,6,4200,Tshirts,0.8256939649581909,True
37625,Tshirts,7,38346,Tshirts,0.8232236504554749,True
37625,Tshirts,8,23135,Tshirts,0.8174796104431152,True
37625,Tshirts,9,21873,Tshirts,0.8174796104431152,True
37625,Tshirts,10,35998,Tshirts,0.814741313457489,True
32357,Watches,1,32350,Watches,0.8700332045555115,True
32357,Watches,2,37323,Watches,0.8399686217308044,True
32357,Watches,3,29494,Watches,0.8393892049789429,True
32357,Watches,4,45141,Watches,0.8328005075454712,True
32357,Watches,5,45142,Watches,0.826446533203125,True
32357,Watches,6,33908,Watches,0.8259112238883972,True
32357,Watches,7,32287,Watches,0.8237452507019043,True
32357,Watches,8,45294,Watches,0.8176378607749939,True
32357,Watches,9,51649,Watches,0.816122829914093,True
32357,Watches,10,25335,Watches,0.8149958848953247,True
44747,Casual Shoes,1,24259,Casual Shoes,0.8221027255058289,True
44747,Casual Shoes,2,44781,Casual Shoes,0.8065639138221741,True
44747,Casual Shoes,3,22169,Casual Shoes,0.8060954809188843,True
44747,Casual Shoes,4,36451,Sports Shoes,0.8015542030334473,False
44747,Casual Shoes,5,54536,Sports Shoes,0.7938679456710815,False
44747,Casual Shoes,6,22690,Sports Shoes,0.7935370206832886,False
44747,Casual Shoes,7,59012,Sports Shoes,0.7924097180366516,False
44747,Casual Shoes,8,43237,Casual Shoes,0.7828402519226074,True
44747,Casual Shoes,9,23497,Casual Shoes,0.7810481786727905,True
44747,Casual Shoes,10,4129,Casual Shoes,0.7806627750396729,True
38652,Casual Shoes,1,15734,Casual Shoes,0.8990523815155029,True
38652,Casual Shoes,2,14558,Casual Shoes,0.8597023487091064,True
38652,Casual Shoes,3,38665,Sports Shoes,0.8575459718704224,False
38652,Casual Shoes,4,14343,Sports Shoes,0.8537256717681885,False
38652,Casual Shoes,5,8072,Sports Shoes,0.8530970811843872,False
38652,Casual Shoes,6,12429,Casual Shoes,0.8499086499214172,True
38652,Casual Shoes,7,9386,Casual Shoes,0.8458866477012634,True
38652,Casual Shoes,8,42139,Casual Shoes,0.8454751372337341,True
38652,Casual Shoes,9,43003,Sports Shoes,0.8433593511581421,False
38652,Casual Shoes,10,54533,Sports Shoes,0.8387387990951538,False
38460,Mobile Pouch,1,20967,Handbags,0.671046793460846,False
38460,Mobile Pouch,2,20929,Handbags,0.6600098013877869,False
38460,Mobile Pouch,3,47322,Mobile Pouch,0.6229439377784729,True
38460,Mobile Pouch,4,54396,Handbags,0.6225173473358154,False
38460,Mobile Pouch,5,57457,Free Gifts,0.6217116117477417,False
38460,Mobile Pouch,6,38432,Mobile Pouch,0.6076691746711731,True
38460,Mobile Pouch,7,33731,Belts,0.6071668863296509,False
38460,Mobile Pouch,8,47407,Wallets,0.6000062823295593,False
38460,Mobile Pouch,9,33437,Handbags,0.5979546904563904,False
38460,Mobile Pouch,10,36038,Handbags,0.5966379642486572,False
47109,Casual Shoes,1,6740,Sports Shoes,0.8000950813293457,False
47109,Casual Shoes,2,44759,Sports Shoes,0.7987399101257324,False
47109,Casual Shoes,3,43371,Sports Shoes,0.7917051315307617,False
47109,Casual Shoes,4,22977,Sports Shoes,0.7809041738510132,False
47109,Casual Shoes,5,1828,Sports Shoes,0.7780680060386658,False
47109,Casual Shoes,6,43372,Sports Shoes,0.7728462219238281,False
47109,Casual Shoes,7,44782,Sports Shoes,0.7688198089599609,False
47109,Casual Shoes,8,42991,Sports Shoes,0.7531213760375977,False
47109,Casual Shoes,9,36427,Sports Shoes,0.7522248029708862,False
47109,Casual Shoes,10,43373,Sports Shoes,0.7515822649002075,False
8172,Heels,1,2879,Heels,0.7305536866188049,True
8172,Heels,2,17003,Flats,0.6991820335388184,False
8172,Heels,3,22304,Heels,0.6976795196533203,True
8172,Heels,4,16994,Flats,0.6950668096542358,False
8172,Heels,5,43546,Sandals,0.6906386613845825,False
8172,Heels,6,20900,Heels,0.6850326061248779,True
8172,Heels,7,41703,Heels,0.6775985360145569,True
8172,Heels,8,39591,Heels,0.6659870743751526,True
8172,Heels,9,50175,Flats,0.6654053330421448,False
8172,Heels,10,14384,Heels,0.6635079383850098,True
25777,Suspenders,1,25786,Suspenders,0.9162125587463379,True
25777,Suspenders,2,25759,Suspenders,0.9090059995651245,True
25777,Suspenders,3,25781,Suspenders,0.9059478044509888,True
25777,Suspenders,4,25760,Suspenders,0.9039155840873718,True
25777,Suspenders,5,25794,Suspenders,0.8980324268341064,True
25777,Suspenders,6,25785,Suspenders,0.883782684803009,True
25777,Suspenders,7,25758,Suspenders,0.8800276517868042,True
25777,Suspenders,8,25767,Suspenders,0.8766338229179382,True
25777,Suspenders,9,25783,Suspenders,0.8763085603713989,True
25777,Suspenders,10,25766,Suspenders,0.8721568584442139,True
26334,Watches,1,33900,Watches,0.7850805521011353,True
26334,Watches,2,46739,Watches,0.7836400270462036,True
26334,Watches,3,54632,Watches,0.7564429044723511,True
26334,Watches,4,31813,Watches,0.7554099559783936,True
26334,Watches,5,43217,Watches,0.7531852722167969,True
26334,Watches,6,58827,Watches,0.7444106340408325,True
26334,Watches,7,53583,Watches,0.7411280274391174,True
26334,Watches,8,29494,Watches,0.7394718527793884,True
26334,Watches,9,24487,Watches,0.7386103272438049,True
26334,Watches,10,45112,Watches,0.7380766272544861,True
12333,Jeans,1,13346,Jeans,0.9622243642807007,True
12333,Jeans,2,12759,Jeans,0.9545058608055115,True
12333,Jeans,3,13348,Jeans,0.9520441293716431,True
12333,Jeans,4,20353,Jeans,0.9380972385406494,True
12333,Jeans,5,27009,Jeggings,0.9334969520568848,False
12333,Jeans,6,11236,Jeans,0.9324691891670227,True
12333,Jeans,7,10489,Jeans,0.928518533706665,True
12333,Jeans,8,11323,Jeans,0.9271186590194702,True
12333,Jeans,9,24204,Jeans,0.926048219203949,True
12333,Jeans,10,11235,Jeans,0.9255979061126709,True
45659,Innerwear Vests,1,47507,Innerwear Vests,0.8759788274765015,True
45659,Innerwear Vests,2,45661,Innerwear Vests,0.8668091893196106,True
45659,Innerwear Vests,3,50029,Innerwear Vests,0.8432976007461548,True
45659,Innerwear Vests,4,25383,Innerwear Vests,0.837141752243042,True
45659,Innerwear Vests,5,45664,Innerwear Vests,0.8296620845794678,True
45659,Innerwear Vests,6,50500,Innerwear Vests,0.8187440037727356,True
45659,Innerwear Vests,7,50638,Innerwear Vests,0.8144547939300537,True
45659,Innerwear Vests,8,50641,Innerwear Vests,0.8077925443649292,True
45659,Innerwear Vests,9,25396,Innerwear Vests,0.8032495975494385,True
45659,Innerwear Vests,10,17882,Innerwear Vests,0.803221583366394,True
21778,Belts,1,36889,Belts,0.9146778583526611,True
21778,Belts,2,48112,Belts,0.8943120837211609,True
21778,Belts,3,41239,Belts,0.8933868408203125,True
21778,Belts,4,44593,Belts,0.8928841352462769,True
21778,Belts,5,14971,Belts,0.890145480632782,True
21778,Belts,6,25747,Belts,0.8882012963294983,True
21778,Belts,7,18016,Belts,0.8878535628318787,True
21778,Belts,8,41016,Belts,0.8853551745414734,True
21778,Belts,9,42945,Belts,0.8843838572502136,True
21778,Belts,10,15938,Belts,0.8828507661819458,True
2210,Tshirts,1,2194,Tshirts,0.9577189683914185,True
2210,Tshirts,2,2256,Tshirts,0.949143648147583,True
2210,Tshirts,3,2050,Shirts,0.9476903676986694,False
2210,Tshirts,4,2201,Tshirts,0.9357842206954956,True
2210,Tshirts,5,2481,Tshirts,0.9340386390686035,True
2210,Tshirts,6,2234,Tshirts,0.9336785078048706,True
2210,Tshirts,7,2038,Tshirts,0.9301462769508362,True
2210,Tshirts,8,2034,Tshirts,0.9281507134437561,True
2210,Tshirts,9,2480,Tshirts,0.9274619817733765,True
2210,Tshirts,10,2979,Tshirts,0.9255644083023071,True
41036,Watches,1,21666,Watches,0.783939778804779,True
41036,Watches,2,33875,Watches,0.7813197374343872,True
41036,Watches,3,33870,Watches,0.7737126350402832,True
41036,Watches,4,29915,Watches,0.7672275900840759,True
41036,Watches,5,17445,Watches,0.7632496356964111,True
41036,Watches,6,21710,Watches,0.7600769996643066,True
41036,Watches,7,21711,Watches,0.7556438446044922,True
41036,Watches,8,19272,Watches,0.7475007772445679,True
41036,Watches,9,31829,Watches,0.7471023201942444,True
41036,Watches,10,29912,Watches,0.7455190420150757,True
12137,Kurtas,1,12136,Kurtas,0.8775361776351929,True
12137,Kurtas,2,12144,Kurtas,0.8734279870986938,True
12137,Kurtas,3,58692,Kurtas,0.8722301721572876,True
12137,Kurtas,4,59063,Kurtas,0.8677991032600403,True
12137,Kurtas,5,12139,Kurtas,0.8670704364776611,True
12137,Kurtas,6,23307,Tunics,0.8571589589118958,False
12137,Kurtas,7,50325,Kurtas,0.8560951948165894,True
12137,Kurtas,8,12138,Kurtas,0.8476148247718811,True
12137,Kurtas,9,23306,Kurtas,0.8419952392578125,True
12137,Kurtas,10,50350,Kurtas,0.8410075306892395,True
56849,Jeans,1,44664,Trousers,0.9249070286750793,False
56849,Jeans,2,44882,Track Pants,0.9182406663894653,False
56849,Jeans,3,26996,Jeans,0.9182332754135132,True
56849,Jeans,4,39379,Jeans,0.9164251089096069,True
56849,Jeans,5,27917,Trousers,0.9163421392440796,False
56849,Jeans,6,27267,Trousers,0.9154130220413208,False
56849,Jeans,7,43489,Jeans,0.9134665727615356,True
56849,Jeans,8,44582,Jeans,0.9114422798156738,True
56849,Jeans,9,27911,Trousers,0.9105944633483887,False
56849,Jeans,10,44945,Trousers,0.9099627733230591,False
38836,Dresses,1,38840,Dresses,0.8631657361984253,True
38836,Dresses,2,58003,Dresses,0.8629839420318604,True
38836,Dresses,3,38863,Tops,0.8484609723091125,False
38836,Dresses,4,13453,Tunics,0.8460222482681274,False
38836,Dresses,5,39233,Dresses,0.8442100882530212,True
38836,Dresses,6,26975,Tops,0.8301414847373962,False
38836,Dresses,7,48475,Dresses,0.8263164758682251,True
38836,Dresses,8,36237,Kurtas,0.8221814632415771,False
38836,Dresses,9,38846,Dresses,0.8179388046264648,True
38836,Dresses,10,42678,Kurtas,0.816389799118042,False
25587,Kurta Sets,1,25602,Kurta Sets,0.7327837944030762,True
25587,Kurta Sets,2,25600,Kurta Sets,0.6775341033935547,True
25587,Kurta Sets,3,25598,Kurta Sets,0.6633493304252625,True
25587,Kurta Sets,4,39139,Kurta Sets,0.6605682373046875,True
25587,Kurta Sets,5,36272,Night suits,0.6508972644805908,False
25587,Kurta Sets,6,12781,Kurta Sets,0.6493640542030334,True
25587,Kurta Sets,7,39146,Kurta Sets,0.648019015789032,True
25587,Kurta Sets,8,28984,Kurta Sets,0.6477998495101929,True
25587,Kurta Sets,9,28970,Kurta Sets,0.6463707089424133,True
25587,Kurta Sets,10,28990,Kurta Sets,0.6458863615989685,True
10204,Handbags,1,10213,Handbags,0.9332551956176758,True
10204,Handbags,2,10225,Handbags,0.8883036375045776,True
10204,Handbags,3,10203,Handbags,0.8798495531082153,True
10204,Handbags,4,10249,Handbags,0.8332974314689636,True
10204,Handbags,5,27736,Handbags,0.8227102160453796,True
10204,Handbags,6,10250,Handbags,0.8186362981796265,True
10204,Handbags,7,35910,Handbags,0.8149588108062744,True
10204,Handbags,8,27734,Handbags,0.8123958706855774,True
10204,Handbags,9,37414,Handbags,0.8092281818389893,True
10204,Handbags,10,2649,Handbags,0.8066936731338501,True
27815,Belts,1,45309,Belts,0.8957574963569641,True
27815,Belts,2,15939,Belts,0.8876365423202515,True
27815,Belts,3,44594,Belts,0.8858838081359863,True
27815,Belts,4,27808,Belts,0.8761052489280701,True
27815,Belts,5,45310,Belts,0.8749542832374573,True
27815,Belts,6,37996,Belts,0.8737736940383911,True
27815,Belts,7,44590,Belts,0.8728989958763123,True
27815,Belts,8,51260,Belts,0.8723590970039368,True
27815,Belts,9,50829,Belts,0.8693104982376099,True
27815,Belts,10,27804,Belts,0.8687571287155151,True
42812,Briefs,1,42813,Briefs,0.8781263828277588,True
42812,Briefs,2,42814,Briefs,0.8210813999176025,True
42812,Briefs,3,49783,Night suits,0.8204437494277954,False
42812,Briefs,4,21424,Tops,0.8191167116165161,False
42812,Briefs,5,4778,Tshirts,0.8173142075538635,False
42812,Briefs,6,52114,Tops,0.8159486055374146,False
42812,Briefs,7,22393,Tshirts,0.8147262334823608,False
42812,Briefs,8,52118,Tops,0.8140561580657959,False
42812,Briefs,9,7055,Tshirts,0.8132727146148682,False
42812,Briefs,10,16534,Tops,0.812084972858429,False
54977,Lounge Pants,1,28461,Capris,0.874252438545227,False
54977,Lounge Pants,2,32448,Shorts,0.865624725818634,False
54977,Lounge Pants,3,57136,Trousers,0.8644782304763794,False
54977,Lounge Pants,4,18002,Capris,0.8601526021957397,False
54977,Lounge Pants,5,19242,Capris,0.8578967452049255,False
54977,Lounge Pants,6,19431,Shorts,0.8573617339134216,False
54977,Lounge Pants,7,32427,Shorts,0.8571823835372925,False
54977,Lounge Pants,8,20371,Capris,0.8571091890335083,False
54977,Lounge Pants,9,16225,Capris,0.8567323684692383,False
54977,Lounge Pants,10,13632,Lounge Shorts,0.8556351661682129,False
15923,Backpacks,1,15922,Backpacks,0.8010449409484863,True
15923,Backpacks,2,9525,Backpacks,0.7271451950073242,True
15923,Backpacks,3,29103,Backpacks,0.7069450616836548,True
15923,Backpacks,4,15927,Backpacks,0.7047157883644104,True
15923,Backpacks,5,38749,Backpacks,0.7035291194915771,True
15923,Backpacks,6,7061,Backpacks,0.6976208686828613,True
15923,Backpacks,7,29074,Backpacks,0.6961779594421387,True
15923,Backpacks,8,25872,Backpacks,0.6849527359008789,True
15923,Backpacks,9,35205,Backpacks,0.6842889189720154,True
15923,Backpacks,10,18437,Backpacks,0.6826540231704712,True
47332,Wallets,1,52800,Wallets,0.8543426990509033,True
47332,Wallets,2,47432,Wallets,0.7856860160827637,True
47332,Wallets,3,52796,Wallets,0.7488551735877991,True
47332,Wallets,4,42005,Wallets,0.7361115217208862,True
47332,Wallets,5,52798,Wallets,0.7302700281143188,True
47332,Wallets,6,47300,Wallets,0.7299020886421204,True
47332,Wallets,7,52802,Wallets,0.7274478673934937,True
47332,Wallets,8,34728,Wallets,0.7261018753051758,True
47332,Wallets,9,43387,Wallets,0.7161526083946228,True
47332,Wallets,10,47333,Wallets,0.7144292593002319,True
57154,Tshirts,1,57143,Tshirts,0.7682262063026428,True
57154,Tshirts,2,36739,Tshirts,0.7575331926345825,True
57154,Tshirts,3,1986,Tshirts,0.7428780198097229,True
57154,Tshirts,4,13455,Tshirts,0.7348101735115051,True
57154,Tshirts,5,19923,Tshirts,0.7270061373710632,True
57154,Tshirts,6,57176,Tops,0.709233283996582,False
57154,Tshirts,7,12530,Tshirts,0.7067379951477051,True
57154,Tshirts,8,37183,Tshirts,0.7061818838119507,True
57154,Tshirts,9,7017,Tshirts,0.705884575843811,True
57154,Tshirts,10,2605,Tshirts,0.7041377425193787,True
44127,Deodorant,1,23528,Deodorant,0.8290191888809204,True
44127,Deodorant,2,45771,Deodorant,0.8032135963439941,True
44127,Deodorant,3,44073,Perfume and Body Mist,0.7954565286636353,False
44127,Deodorant,4,36698,Perfume and Body Mist,0.7897500991821289,False
44127,Deodorant,5,43094,Perfume and Body Mist,0.7881901264190674,False
44127,Deodorant,6,45767,Deodorant,0.779645562171936,True
44127,Deodorant,7,45765,Deodorant,0.7781636714935303,True
44127,Deodorant,8,46923,Perfume and Body Mist,0.774965763092041,False
44127,Deodorant,9,45762,Deodorant,0.7726815938949585,True
44127,Deodorant,10,46772,Perfume and Body Mist,0.7691043615341187,False
25110,Belts,1,42952,Belts,0.9270244836807251,True
25110,Belts,2,41254,Belts,0.9255563020706177,True
25110,Belts,3,18018,Belts,0.9216911792755127,True
25110,Belts,4,18014,Belts,0.9210871458053589,True
25110,Belts,5,8120,Belts,0.9186908602714539,True
25110,Belts,6,41255,Belts,0.9133108854293823,True
25110,Belts,7,51258,Belts,0.9124451875686646,True
25110,Belts,8,38378,Belts,0.9064143896102905,True
25110,Belts,9,35068,Belts,0.9038893580436707,True
25110,Belts,10,18836,Belts,0.899956464767456,True
44588,Shirts,1,28807,Shirts,0.9038585424423218,True
44588,Shirts,2,13850,Shirts,0.8991894125938416,True
44588,Shirts,3,13849,Shirts,0.8991894125938416,True
44588,Shirts,4,27529,Shirts,0.8990004062652588,True
44588,Shirts,5,26412,Shirts,0.8972957134246826,True
44588,Shirts,6,8183,Shirts,0.8968721628189087,True
44588,Shirts,7,40255,Shirts,0.8962870836257935,True
44588,Shirts,8,9588,Shirts,0.8949255347251892,True
44588,Shirts,9,13402,Shirts,0.8936681151390076,True
44588,Shirts,10,20155,Shirts,0.8933655023574829,True
18051,Wallets,1,18050,Wallets,0.9402589797973633,True
18051,Wallets,2,17107,Wallets,0.8610221147537231,True
18051,Wallets,3,18054,Wallets,0.7751196622848511,True
18051,Wallets,4,14844,Wallets,0.7401885390281677,True
18051,Wallets,5,20532,Wallets,0.7364019751548767,True
18051,Wallets,6,18053,Wallets,0.7351214289665222,True
18051,Wallets,7,42893,Clutches,0.7267341613769531,False
18051,Wallets,8,7609,Wallets,0.7106765508651733,True
18051,Wallets,9,18055,Wallets,0.7071613073348999,True
18051,Wallets,10,42919,Wallets,0.7050814032554626,True
25779,Suspenders,1,25761,Suspenders,0.9109458923339844,True
25779,Suspenders,2,25778,Suspenders,0.8245764374732971,True
25779,Suspenders,3,25769,Suspenders,0.8035220503807068,True
25779,Suspenders,4,25785,Suspenders,0.8032591342926025,True
25779,Suspenders,5,25780,Suspenders,0.7964277863502502,True
25779,Suspenders,6,25789,Suspenders,0.7928376793861389,True
25779,Suspenders,7,25764,Suspenders,0.765267014503479,True
25779,Suspenders,8,25773,Suspenders,0.7637510299682617,True
25779,Suspenders,9,25777,Suspenders,0.7532761096954346,True
25779,Suspenders,10,25766,Suspenders,0.7509447336196899,True
57108,Tops,1,49629,Tops,0.764058530330658,True
57108,Tops,2,57121,Tops,0.7423905730247498,True
57108,Tops,3,44706,Tops,0.7418957948684692,True
57108,Tops,4,7019,Tops,0.7384589910507202,True
57108,Tops,5,6953,Tops,0.7367162704467773,True
57108,Tops,6,57038,Dresses,0.7355931401252747,False
57108,Tops,7,44705,Tops,0.7355344891548157,True
57108,Tops,8,45665,Innerwear Vests,0.7323196530342102,False
57108,Tops,9,4846,Tshirts,0.7258232831954956,False
57108,Tops,10,6867,Shirts,0.7225531935691833,False
49664,Sunglasses,1,48219,Sunglasses,0.9085643291473389,True
49664,Sunglasses,2,16860,Sunglasses,0.9011727571487427,True
49664,Sunglasses,3,28396,Sunglasses,0.9010053873062134,True
49664,Sunglasses,4,49665,Sunglasses,0.8855202794075012,True
49664,Sunglasses,5,28420,Sunglasses,0.8823056221008301,True
49664,Sunglasses,6,50232,Sunglasses,0.8817605376243591,True
49664,Sunglasses,7,28393,Sunglasses,0.8816707134246826,True
49664,Sunglasses,8,48221,Sunglasses,0.8797982931137085,True
49664,Sunglasses,9,48232,Sunglasses,0.8783003687858582,True
49664,Sunglasses,10,38159,Sunglasses,0.8761440515518188,True
17248,Tshirts,1,17241,Tshirts,0.892607569694519,True
17248,Tshirts,2,7743,Tshirts,0.8652251958847046,True
17248,Tshirts,3,33083,Tshirts,0.8461228609085083,True
17248,Tshirts,4,16227,Tshirts,0.8426171541213989,True
17248,Tshirts,5,17264,Tshirts,0.8421792984008789,True
17248,Tshirts,6,7744,Tshirts,0.8414950966835022,True
17248,Tshirts,7,17271,Tshirts,0.8413568139076233,True
17248,Tshirts,8,33578,Tshirts,0.8411725163459778,True
17248,Tshirts,9,17246,Tshirts,0.8403023481369019,True
17248,Tshirts,10,9321,Tshirts,0.8378451466560364,True
44978,Watches,1,45127,Watches,0.6326321363449097,True
44978,Watches,2,46499,Watches,0.6202882528305054,True
44978,Watches,3,46544,Watches,0.6148397922515869,True
44978,Watches,4,46488,Watches,0.608817458152771,True
44978,Watches,5,32293,Watches,0.6087508201599121,True
44978,Watches,6,37323,Watches,0.6068686246871948,True
44978,Watches,7,51637,Watches,0.6050621867179871,True
44978,Watches,8,19294,Watches,0.6022298336029053,True
44978,Watches,9,59214,Watches,0.5999778509140015,True
44978,Watches,10,33916,Watches,0.5970531105995178,True
5435,Tshirts,1,38602,Tshirts,0.8040048480033875,True
5435,Tshirts,2,7532,Tshirts,0.7510278820991516,True
5435,Tshirts,3,38644,Tshirts,0.7508333325386047,True
5435,Tshirts,4,30627,Tshirts,0.7436729073524475,True
5435,Tshirts,5,36720,Tshirts,0.7396998405456543,True
5435,Tshirts,6,39838,Tshirts,0.7396998405456543,True
5435,Tshirts,7,39839,Tshirts,0.7396998405456543,True
5435,Tshirts,8,9559,Tshirts,0.7385011911392212,True
5435,Tshirts,9,24910,Tshirts,0.7367461323738098,True
5435,Tshirts,10,10009,Tshirts,0.7263280153274536,True
13075,Casual Shoes,1,15375,Casual Shoes,0.795114278793335,True
13075,Casual Shoes,2,54524,Sports Shoes,0.7846695184707642,False
13075,Casual Shoes,3,24463,Casual Shoes,0.7830308675765991,True
13075,Casual Shoes,4,56720,Casual Shoes,0.7818488478660583,True
13075,Casual Shoes,5,13196,Casual Shoes,0.7806207537651062,True
13075,Casual Shoes,6,36476,Casual Shoes,0.7720833420753479,True
13075,Casual Shoes,7,56653,Casual Shoes,0.7681329250335693,True
13075,Casual Shoes,8,14505,Casual Shoes,0.7652668356895447,True
13075,Casual Shoes,9,54539,Sports Shoes,0.7599174976348877,False
13075,Casual Shoes,10,18656,Sports Shoes,0.7586730718612671,False
20065,Belts,1,20547,Belts,0.8435193300247192,True
20065,Belts,2,38420,Belts,0.8266779184341431,True
20065,Belts,3,20454,Belts,0.7923309803009033,True
20065,Belts,4,48575,Bracelet,0.7686090469360352,False
20065,Belts,5,42906,Belts,0.7679854035377502,True
20065,Belts,6,36526,Belts,0.7656072378158569,True
20065,Belts,7,21006,Belts,0.7581484913825989,True
20065,Belts,8,33465,Belts,0.7447013854980469,True
20065,Belts,9,48732,Bangle,0.7377124428749084,False
20065,Belts,10,42905,Belts,0.7374603152275085,True
3160,Sports Shoes,1,3187,Sports Shoes,0.8389374613761902,True
3160,Sports Shoes,2,13898,Sports Shoes,0.8348144292831421,True
3160,Sports Shoes,3,15723,Sports Shoes,0.830727219581604,True
3160,Sports Shoes,4,31684,Sports Shoes,0.8236207962036133,True
3160,Sports Shoes,5,39637,Sports Shoes,0.8021799325942993,True
3160,Sports Shoes,6,43235,Sports Shoes,0.801411509513855,True
3160,Sports Shoes,7,10126,Sports Shoes,0.7993667125701904,True
3160,Sports Shoes,8,54516,Sports Shoes,0.7966904640197754,True
3160,Sports Shoes,9,12974,Sports Shoes,0.794378399848938,True
3160,Sports Shoes,10,12694,Sports Shoes,0.7922467589378357,True
48113,Belts,1,36889,Belts,0.8778634071350098,True
48113,Belts,2,36024,Belts,0.8744072318077087,True
48113,Belts,3,58204,Belts,0.8697307109832764,True
48113,Belts,4,47166,Belts,0.8658239841461182,True
48113,Belts,5,48112,Belts,0.8655480146408081,True
48113,Belts,6,37448,Belts,0.8593953847885132,True
48113,Belts,7,36020,Belts,0.857790470123291,True
48113,Belts,8,21199,Belts,0.8549172282218933,True
48113,Belts,9,29078,Belts,0.8523263931274414,True
48113,Belts,10,47164,Belts,0.8509624004364014,True
51668,Sunglasses,1,40005,Sunglasses,0.9268801212310791,True
51668,Sunglasses,2,16956,Sunglasses,0.9253140091896057,True
51668,Sunglasses,3,30569,Sunglasses,0.9235942363739014,True
51668,Sunglasses,4,16953,Sunglasses,0.918329119682312,True
51668,Sunglasses,5,48200,Sunglasses,0.9180805683135986,True
51668,Sunglasses,6,16939,Sunglasses,0.9151208996772766,True
51668,Sunglasses,7,16936,Sunglasses,0.9148867130279541,True
51668,Sunglasses,8,21285,Sunglasses,0.9136662483215332,True
51668,Sunglasses,9,8784,Sunglasses,0.9082321524620056,True
51668,Sunglasses,10,21282,Sunglasses,0.9079748392105103,True
29786,Tshirts,1,14681,Tshirts,0.9270535707473755,True
29786,Tshirts,2,26718,Tshirts,0.9200356602668762,True
29786,Tshirts,3,9682,Tshirts,0.9111787676811218,True
29786,Tshirts,4,12726,Tshirts,0.9100966453552246,True
29786,Tshirts,5,7905,Tshirts,0.9069528579711914,True
29786,Tshirts,6,26714,Tshirts,0.9038470983505249,True
29786,Tshirts,7,16645,Tshirts,0.9032462239265442,True
29786,Tshirts,8,22209,Tshirts,0.9015824198722839,True
29786,Tshirts,9,15931,Tshirts,0.9004215002059937,True
29786,Tshirts,10,16426,Tshirts,0.8972653150558472,True
18697,Briefs,1,18696,Briefs,0.8735171556472778,True
18697,Briefs,2,27984,Briefs,0.8522113561630249,True
18697,Briefs,3,27988,Briefs,0.8320399522781372,True
18697,Briefs,4,18393,Briefs,0.8223787546157837,True
18697,Briefs,5,27985,Briefs,0.822258472442627,True
18697,Briefs,6,28060,Briefs,0.8066644072532654,True
18697,Briefs,7,50564,Briefs,0.8031171560287476,True
18697,Briefs,8,27981,Briefs,0.8005688786506653,True
18697,Briefs,9,28037,Briefs,0.7971600294113159,True
18697,Briefs,10,27992,Briefs,0.7954128980636597,True
12702,Casual Shoes,1,9402,Sports Shoes,0.8731585144996643,False
12702,Casual Shoes,2,3170,Sports Shoes,0.8537850379943848,False
12702,Casual Shoes,3,39657,Casual Shoes,0.8527098894119263,True
12702,Casual Shoes,4,22706,Sports Shoes,0.8496949076652527,False
12702,Casual Shoes,5,22711,Sports Shoes,0.8358843326568604,False
12702,Casual Shoes,6,22691,Sports Shoes,0.8340734243392944,False
12702,Casual Shoes,7,3258,Casual Shoes,0.8323953747749329,True
12702,Casual Shoes,8,35706,Casual Shoes,0.8279410600662231,True
12702,Casual Shoes,9,13921,Sports Shoes,0.8278725743293762,False
12702,Casual Shoes,10,13977,Casual Shoes,0.8264020681381226,True
12968,Sports Shoes,1,4046,Sports Shoes,0.829427182674408,True
12968,Sports Shoes,2,9054,Sports Shoes,0.8294205665588379,True
12968,Sports Shoes,3,3370,Sports Shoes,0.8139107823371887,True
12968,Sports Shoes,4,13678,Sports Shoes,0.8135434985160828,True
12968,Sports Shoes,5,22697,Sports Shoes,0.8078334331512451,True
12968,Sports Shoes,6,29244,Sports Shoes,0.8027951717376709,True
12968,Sports Shoes,7,3161,Sports Shoes,0.8003343939781189,True
12968,Sports Shoes,8,12991,Sports Shoes,0.7957851886749268,True
12968,Sports Shoes,9,34822,Sports Shoes,0.7880905270576477,True
12968,Sports Shoes,10,15417,Sports Shoes,0.7870644927024841,True
53590,Watches,1,26346,Watches,0.8163444995880127,True
53590,Watches,2,49848,Watches,0.8131670355796814,True
53590,Watches,3,26337,Watches,0.8076158761978149,True
53590,Watches,4,33888,Watches,0.8048188090324402,True
53590,Watches,5,36896,Watches,0.7997801303863525,True
53590,Watches,6,26344,Watches,0.7976170182228088,True
53590,Watches,7,54631,Watches,0.7943735718727112,True
53590,Watches,8,26335,Watches,0.7933770418167114,True
53590,Watches,9,45041,Watches,0.7920418977737427,True
53590,Watches,10,28438,Watches,0.783143162727356,True
46426,Watches,1,40500,Watches,0.8055713772773743,True
46426,Watches,2,46505,Watches,0.7968621850013733,True
46426,Watches,3,40501,Watches,0.7885057926177979,True
46426,Watches,4,40502,Watches,0.7773154377937317,True
46426,Watches,5,40516,Watches,0.7698854804039001,True
46426,Watches,6,40528,Watches,0.7611205577850342,True
46426,Watches,7,40499,Watches,0.7585660815238953,True
46426,Watches,8,40517,Watches,0.7501897811889648,True
46426,Watches,9,46417,Watches,0.7327077388763428,True
46426,Watches,10,46471,Watches,0.7324504852294922,True
10293,Sandals,1,10283,Sandals,0.8596603870391846,True
10293,Sandals,2,50776,Sandals,0.8376991748809814,True
10293,Sandals,3,39286,Sandals,0.8251282572746277,True
10293,Sandals,4,7371,Sandals,0.8234940767288208,True
10293,Sandals,5,35586,Sandals,0.8113492727279663,True
10293,Sandals,6,9024,Sandals,0.8077554106712341,True
10293,Sandals,7,36693,Sandals,0.8067007064819336,True
10293,Sandals,8,39817,Sandals,0.8058595657348633,True
10293,Sandals,9,22891,Sandals,0.796698808670044,True
10293,Sandals,10,17816,Sandals,0.7948240041732788,True
39380,Jeans,1,56844,Jeans,0.949475109577179,True
39380,Jeans,2,11294,Jeans,0.9397639036178589,True
39380,Jeans,3,11302,Jeans,0.9358507394790649,True
39380,Jeans,4,14123,Jeans,0.9355385899543762,True
39380,Jeans,5,46905,Jeans,0.9329090118408203,True
39380,Jeans,6,44923,Jeans,0.9322456121444702,True
39380,Jeans,7,11305,Jeans,0.9319378733634949,True
39380,Jeans,8,35939,Jeans,0.9316725730895996,True
39380,Jeans,9,16509,Jeans,0.930734395980835,True
39380,Jeans,10,51597,Jeggings,0.9303510785102844,False
9202,Casual Shoes,1,15517,Casual Shoes,0.8211420774459839,True
9202,Casual Shoes,2,49469,Casual Shoes,0.8146034479141235,True
9202,Casual Shoes,3,8911,Casual Shoes,0.8123744130134583,True
9202,Casual Shoes,4,13927,Casual Shoes,0.8068196773529053,True
9202,Casual Shoes,5,14564,Casual Shoes,0.7996149659156799,True
9202,Casual Shoes,6,24711,Casual Shoes,0.7961457967758179,True
9202,Casual Shoes,7,9122,Casual Shoes,0.7949047684669495,True
9202,Casual Shoes,8,3251,Sports Shoes,0.7933465838432312,False
9202,Casual Shoes,9,38660,Casual Shoes,0.7873925566673279,True
9202,Casual Shoes,10,32557,Casual Shoes,0.7821871042251587,True
47199,Formal Shoes,1,28317,Formal Shoes,0.9115234017372131,True
47199,Formal Shoes,2,28316,Casual Shoes,0.9112136363983154,False
47199,Formal Shoes,3,4179,Formal Shoes,0.9033257961273193,True
47199,Formal Shoes,4,9701,Formal Shoes,0.9027756452560425,True
47199,Formal Shoes,5,12854,Formal Shoes,0.8990340828895569,True
47199,Formal Shoes,6,9041,Formal Shoes,0.8987433314323425,True
47199,Formal Shoes,7,9043,Formal Shoes,0.8943791389465332,True
47199,Formal Shoes,8,9698,Formal Shoes,0.8942841291427612,True
47199,Formal Shoes,9,6507,Formal Shoes,0.8929283022880554,True
47199,Formal Shoes,10,35493,Formal Shoes,0.8926876187324524,True
19317,Backpacks,1,9486,Backpacks,0.7723068594932556,True
19317,Backpacks,2,54185,Handbags,0.7581061124801636,False
19317,Backpacks,3,9440,Backpacks,0.750099778175354,True
19317,Backpacks,4,5272,Backpacks,0.7494735717773438,True
19317,Backpacks,5,19943,Backpacks,0.7420450448989868,True
19317,Backpacks,6,37690,Backpacks,0.7372583150863647,True
19317,Backpacks,7,5268,Backpacks,0.7276759147644043,True
19317,Backpacks,8,5229,Backpacks,0.7232685089111328,True
19317,Backpacks,9,9441,Backpacks,0.7211723327636719,True
19317,Backpacks,10,39507,Backpacks,0.7085084915161133,True
21172,Tunics,1,10421,Shirts,0.8490273952484131,False
21172,Tunics,2,19667,Tops,0.8406052589416504,False
21172,Tunics,3,26370,Shirts,0.8374530076980591,False
21172,Tunics,4,18960,Sweatshirts,0.837282657623291,False
21172,Tunics,5,19715,Shirts,0.8366653919219971,False
21172,Tunics,6,28826,Shirts,0.8362185955047607,False
21172,Tunics,7,13410,Shirts,0.8357503414154053,False
21172,Tunics,8,13398,Shirts,0.8342280983924866,False
21172,Tunics,9,44656,Shirts,0.8322336673736572,False
21172,Tunics,10,19183,Shirts,0.831953763961792,False
17848,Tshirts,1,17852,Tshirts,0.8644332885742188,True
17848,Tshirts,2,19000,Tshirts,0.8322709798812866,True
17848,Tshirts,3,16134,Tops,0.8305002450942993,False
17848,Tshirts,4,42121,Tshirts,0.8287668228149414,True
17848,Tshirts,5,10988,Tshirts,0.8216748833656311,True
17848,Tshirts,6,7210,Tshirts,0.815620481967926,True
17848,Tshirts,7,16271,Tops,0.8150255084037781,False
17848,Tshirts,8,16133,Tops,0.8053608536720276,False
17848,Tshirts,9,16130,Tops,0.8048093318939209,False
17848,Tshirts,10,10491,Tshirts,0.8046040534973145,True
50575,Trunk,1,50684,Trunk,0.9029048681259155,True
50575,Trunk,2,50686,Trunk,0.896914005279541,True
50575,Trunk,3,17860,Trunk,0.896271824836731,True
50575,Trunk,4,50573,Trunk,0.8951869010925293,True
50575,Trunk,5,34608,Briefs,0.8821953535079956,False
50575,Trunk,6,50469,Trunk,0.8791139125823975,True
50575,Trunk,7,32106,Trunk,0.8758772015571594,True
50575,Trunk,8,50694,Trunk,0.8695791959762573,True
50575,Trunk,9,18375,Trunk,0.8659507036209106,True
50575,Trunk,10,50690,Trunk,0.8612428903579712,True
57562,Lipstick,1,57566,Lipstick,0.9982069730758667,True
57562,Lipstick,2,57568,Lipstick,0.9929121136665344,True
57562,Lipstick,3,57579,Lipstick,0.9907224178314209,True
57562,Lipstick,4,57578,Lipstick,0.9802233576774597,True
57562,Lipstick,5,57569,Lipstick,0.9769059419631958,True
57562,Lipstick,6,57570,Lipstick,0.9746783971786499,True
57562,Lipstick,7,57574,Lipstick,0.9701123237609863,True
57562,Lipstick,8,57560,Lipstick,0.9540455341339111,True
57562,Lipstick,9,57577,Lipstick,0.9481045007705688,True
57562,Lipstick,10,57571,Lipstick,0.9441417455673218,True
44511,Sandals,1,44512,Sandals,0.887433648109436,True
44511,Sandals,2,44533,Sandals,0.8708064556121826,True
44511,Sandals,3,44537,Sandals,0.86809241771698,True
44511,Sandals,4,44560,Sandals,0.8581060767173767,True
44511,Sandals,5,44551,Sandals,0.855061411857605,True
44511,Sandals,6,44518,Sandals,0.8538626432418823,True
44511,Sandals,7,44528,Sandals,0.8525974154472351,True
44511,Sandals,8,44539,Sandals,0.8469471335411072,True
44511,Sandals,9,44548,Sandals,0.8391724228858948,True
44511,Sandals,10,9719,Sandals,0.8377968072891235,True
11521,Tshirts,1,14309,Jackets,0.8388692140579224,False
11521,Tshirts,2,16333,Shirts,0.8274969458580017,False
11521,Tshirts,3,19664,Tshirts,0.8252906799316406,True
11521,Tshirts,4,15975,Shirts,0.8222765922546387,False
11521,Tshirts,5,14113,Sweatshirts,0.8132164478302002,False
11521,Tshirts,6,39790,Shirts,0.8105785846710205,False
11521,Tshirts,7,16445,Sweatshirts,0.8045936822891235,False
11521,Tshirts,8,9684,Sweatshirts,0.8037760853767395,False
11521,Tshirts,9,33328,Shirts,0.7987420558929443,False
11521,Tshirts,10,15969,Shirts,0.7954163551330566,False
33649,Sandals,1,33650,Sandals,0.8918687105178833,True
33649,Sandals,2,47179,Sandals,0.7891333103179932,True
33649,Sandals,3,35645,Sandals,0.7668822407722473,True
33649,Sandals,4,9706,Sandals,0.7652779817581177,True
33649,Sandals,5,32516,Sandals,0.7574811577796936,True
33649,Sandals,6,26183,Flats,0.7509840726852417,False
33649,Sandals,7,28324,Sandals,0.7506328821182251,True
33649,Sandals,8,11918,Sandals,0.7502950429916382,True
33649,Sandals,9,11514,Heels,0.7499173879623413,False
33649,Sandals,10,41859,Sandals,0.7483828067779541,True
49838,Flip Flops,1,49837,Flip Flops,0.7768739461898804,True
49838,Flip Flops,2,22962,Flip Flops,0.7294619083404541,True
49838,Flip Flops,3,15409,Sandals,0.7235265970230103,False
49838,Flip Flops,4,21184,Flip Flops,0.708167314529419,True
49838,Flip Flops,5,44218,Flip Flops,0.6841533184051514,True
49838,Flip Flops,6,21202,Flip Flops,0.6831590533256531,True
49838,Flip Flops,7,6100,Flip Flops,0.6780111789703369,True
49838,Flip Flops,8,19144,Flip Flops,0.6754578351974487,True
49838,Flip Flops,9,16115,Sandals,0.6725983023643494,False
49838,Flip Flops,10,26451,Flip Flops,0.6688108444213867,True
15724,Sports Shoes,1,15722,Sports Shoes,0.8283559083938599,True
15724,Sports Shoes,2,17743,Sports Shoes,0.8186492323875427,True
15724,Sports Shoes,3,44503,Casual Shoes,0.8114408850669861,False
15724,Sports Shoes,4,4737,Casual Shoes,0.8067487478256226,False
15724,Sports Shoes,5,5578,Sports Shoes,0.8039705157279968,True
15724,Sports Shoes,6,34654,Sports Shoes,0.801797091960907,True
15724,Sports Shoes,7,34634,Casual Shoes,0.7914495468139648,False
15724,Sports Shoes,8,23906,Casual Shoes,0.7890252470970154,False
15724,Sports Shoes,9,42094,Sports Shoes,0.7869850397109985,True
15724,Sports Shoes,10,43872,Casual Shoes,0.7852472066879272,False
47367,Handbags,1,33386,Handbags,0.7993319034576416,True
47367,Handbags,2,22004,Handbags,0.7896294593811035,True
47367,Handbags,3,21959,Handbags,0.7788222432136536,True
47367,Handbags,4,47394,Handbags,0.7715158462524414,True
47367,Handbags,5,10225,Handbags,0.7637939453125,True
47367,Handbags,6,47354,Handbags,0.7609786987304688,True
47367,Handbags,7,47336,Handbags,0.7559344172477722,True
47367,Handbags,8,47393,Handbags,0.7559292316436768,True
47367,Handbags,9,49542,Handbags,0.7536059617996216,True
47367,Handbags,10,33456,Handbags,0.7529047131538391,True
34635,Casual Shoes,1,20845,Casual Shoes,0.8219896554946899,True
34635,Casual Shoes,2,39659,Casual Shoes,0.820432186126709,True
34635,Casual Shoes,3,39658,Casual Shoes,0.8163544535636902,True
34635,Casual Shoes,4,34643,Sports Shoes,0.8102360367774963,False
34635,Casual Shoes,5,28606,Sports Shoes,0.8097532391548157,False
34635,Casual Shoes,6,18420,Sports Shoes,0.8037012815475464,False
34635,Casual Shoes,7,8912,Sports Shoes,0.803408145904541,False
34635,Casual Shoes,8,11931,Sports Shoes,0.796939492225647,False
34635,Casual Shoes,9,33850,Casual Shoes,0.7960421442985535,True
34635,Casual Shoes,10,39665,Casual Shoes,0.7939010262489319,True
41030,Watches,1,29415,Watches,0.8321698904037476,True
41030,Watches,2,32343,Watches,0.8283858895301819,True
41030,Watches,3,32299,Watches,0.825911283493042,True
41030,Watches,4,45170,Watches,0.7998839020729065,True
41030,Watches,5,23275,Watches,0.7989469766616821,True
41030,Watches,6,45921,Watches,0.7956140041351318,True
41030,Watches,7,51528,Watches,0.7943911552429199,True
41030,Watches,8,36760,Watches,0.7904875874519348,True
41030,Watches,9,29420,Watches,0.7849016189575195,True
41030,Watches,10,33637,Free Gifts,0.7847509384155273,False
8348,Tshirts,1,3743,Tshirts,0.8220821619033813,True
8348,Tshirts,2,4321,Tshirts,0.8178223371505737,True
8348,Tshirts,3,17613,Tshirts,0.8166580200195312,True
8348,Tshirts,4,15576,Tshirts,0.8141014575958252,True
8348,Tshirts,5,35894,Tshirts,0.8119484186172485,True
8348,Tshirts,6,8354,Tshirts,0.811655580997467,True
8348,Tshirts,7,8349,Tshirts,0.8115413188934326,True
8348,Tshirts,8,40957,Tshirts,0.8044233322143555,True
8348,Tshirts,9,38986,Tshirts,0.8044233322143555,True
8348,Tshirts,10,36003,Tshirts,0.802361249923706,True
35383,Casual Shoes,1,35382,Casual Shoes,0.9891164302825928,True
35383,Casual Shoes,2,8345,Sports Shoes,0.7147986888885498,False
35383,Casual Shoes,3,5595,Sports Shoes,0.695215106010437,False
35383,Casual Shoes,4,15258,Casual Shoes,0.6918585300445557,True
35383,Casual Shoes,5,3467,Casual Shoes,0.6807004809379578,True
35383,Casual Shoes,6,8307,Sports Shoes,0.6805616021156311,False
35383,Casual Shoes,7,8343,Sports Shoes,0.6784268021583557,False
35383,Casual Shoes,8,24726,Casual Shoes,0.6765111684799194,True
35383,Casual Shoes,9,32939,Casual Shoes,0.6740846633911133,True
35383,Casual Shoes,10,46613,Heels,0.6740468144416809,False
23676,Sandals,1,39821,Sandals,0.8557891249656677,True
23676,Sandals,2,44518,Sandals,0.8347306847572327,True
23676,Sandals,3,44533,Sandals,0.8298792839050293,True
23676,Sandals,4,47196,Sandals,0.8251067399978638,True
23676,Sandals,5,47195,Sandals,0.8244540095329285,True
23676,Sandals,6,19361,Sandals,0.821647047996521,True
23676,Sandals,7,44561,Sandals,0.8171643018722534,True
23676,Sandals,8,21055,Sandals,0.8167781233787537,True
23676,Sandals,9,11934,Sandals,0.8155761957168579,True
23676,Sandals,10,44551,Sandals,0.8146735429763794,True
47101,Sandals,1,46962,Flip Flops,0.7697252035140991,False
47101,Sandals,2,46850,Flip Flops,0.7476271390914917,False
47101,Sandals,3,15847,Sandals,0.7463497519493103,True
47101,Sandals,4,10766,Flip Flops,0.7437987923622131,False
47101,Sandals,5,15900,Sandals,0.7432448863983154,True
47101,Sandals,6,10765,Flip Flops,0.7419038414955139,False
47101,Sandals,7,46851,Flip Flops,0.7233620882034302,False
47101,Sandals,8,46844,Flip Flops,0.7228221297264099,False
47101,Sandals,9,4005,Flip Flops,0.7216346263885498,False
47101,Sandals,10,10746,Flip Flops,0.7213469743728638,False
19344,Wallets,1,27754,Wallets,0.9410148859024048,True
19344,Wallets,2,14842,Wallets,0.9410048723220825,True
19344,Wallets,3,23689,Wallets,0.9387996196746826,True
19344,Wallets,4,14841,Wallets,0.9362218976020813,True
19344,Wallets,5,29083,Wallets,0.9356685280799866,True
19344,Wallets,6,27755,Wallets,0.9343085885047913,True
19344,Wallets,7,27751,Wallets,0.9339818358421326,True
19344,Wallets,8,12419,Wallets,0.9328770637512207,True
19344,Wallets,9,15942,Wallets,0.9297877550125122,True
19344,Wallets,10,25093,Wallets,0.9295084476470947,True
37847,Wallets,1,38301,Wallets,0.9380128979682922,True
37847,Wallets,2,21818,Wallets,0.9302261471748352,True
37847,Wallets,3,38305,Wallets,0.9241665005683899,True
37847,Wallets,4,24617,Wallets,0.9215759038925171,True
37847,Wallets,5,37864,Wallets,0.9159395098686218,True
37847,Wallets,6,42066,Key chain,0.9144009351730347,False
37847,Wallets,7,18596,Wallets,0.9140400886535645,True
37847,Wallets,8,52792,Wallets,0.9139074087142944,True
37847,Wallets,9,42071,Wallets,0.9105206727981567,True
37847,Wallets,10,42072,Wallets,0.9084820747375488,True
44783,Sports Shoes,1,36423,Sports Shoes,0.8423929214477539,True
44783,Sports Shoes,2,5329,Sports Shoes,0.840345025062561,True
44783,Sports Shoes,3,12976,Sports Shoes,0.8396117687225342,True
44783,Sports Shoes,4,11927,Sports Shoes,0.8383677005767822,True
44783,Sports Shoes,5,3302,Sports Shoes,0.8367626667022705,True
44783,Sports Shoes,6,4490,Sports Shoes,0.8307480216026306,True
44783,Sports Shoes,7,4510,Sports Shoes,0.8278906345367432,True
44783,Sports Shoes,8,13166,Sports Shoes,0.823532223701477,True
44783,Sports Shoes,9,4496,Sports Shoes,0.8220597505569458,True
44783,Sports Shoes,10,7721,Sports Shoes,0.8216001987457275,True
9269,Shirts,1,9263,Shirts,0.9219186305999756,True
9269,Shirts,2,19469,Shirts,0.8876593112945557,True
9269,Shirts,3,22359,Shirts,0.8862841129302979,True
9269,Shirts,4,19561,Tshirts,0.8839103579521179,False
9269,Shirts,5,19177,Shirts,0.873193621635437,True
9269,Shirts,6,18307,Shirts,0.8728941082954407,True
9269,Shirts,7,21236,Shirts,0.8719824552536011,True
9269,Shirts,8,24270,Tshirts,0.8696012496948242,False
9269,Shirts,9,19559,Tshirts,0.8692419528961182,False
9269,Shirts,10,20342,Sweatshirts,0.8676713109016418,False
53506,Bra,1,56289,Bra,0.9012610912322998,True
53506,Bra,2,53490,Bra,0.9002512693405151,True
53506,Bra,3,53477,Bra,0.8990507125854492,True
53506,Bra,4,56277,Bra,0.897620677947998,True
53506,Bra,5,56299,Bra,0.8974013924598694,True
53506,Bra,6,50008,Bra,0.8965429067611694,True
53506,Bra,7,56270,Bra,0.8965429067611694,True
53506,Bra,8,59081,Bra,0.8948371410369873,True
53506,Bra,9,57326,Bra,0.8935700058937073,True
53506,Bra,10,57360,Bra,0.8924329280853271,True
6477,Jackets,1,6485,Tshirts,0.721497654914856,False
6477,Jackets,2,6327,Shirts,0.6956956386566162,False
6477,Jackets,3,23198,Shirts,0.6888219118118286,False
6477,Jackets,4,23077,Shirts,0.6839041709899902,False
6477,Jackets,5,8877,Shirts,0.6815492510795593,False
6477,Jackets,6,6506,Tshirts,0.6793586015701294,False
6477,Jackets,7,31015,Shirts,0.6788650751113892,False
6477,Jackets,8,54949,Sweatshirts,0.6779067516326904,False
6477,Jackets,9,19325,Sweatshirts,0.6763966083526611,False
6477,Jackets,10,23207,Shirts,0.6763008832931519,False
59458,Ring,1,59455,Ring,0.7408744096755981,True
59458,Ring,2,57003,Flats,0.5998327732086182,False
59458,Ring,3,14158,Cufflinks,0.5972070693969727,False
59458,Ring,4,59459,Ring,0.5971403121948242,True
59458,Ring,5,48931,Ring,0.5812467336654663,True
59458,Ring,6,59456,Ring,0.5680603384971619,True
59458,Ring,7,49026,Ring,0.566880464553833,True
59458,Ring,8,43936,Heels,0.5633790493011475,False
59458,Ring,9,48928,Ring,0.5446043014526367,True
59458,Ring,10,49020,Ring,0.5444378852844238,True
28252,Deodorant,1,28250,Deodorant,0.8736056685447693,True
28252,Deodorant,2,28247,Deodorant,0.8598746061325073,True
28252,Deodorant,3,22555,Deodorant,0.8471800088882446,True
28252,Deodorant,4,28254,Deodorant,0.8198063373565674,True
28252,Deodorant,5,28251,Deodorant,0.8059195280075073,True
28252,Deodorant,6,44954,Deodorant,0.8015830516815186,True
28252,Deodorant,7,28248,Deodorant,0.7993084192276001,True
28252,Deodorant,8,58951,Deodorant,0.7987855076789856,True
28252,Deodorant,9,54967,Free Gifts,0.7867892980575562,False
28252,Deodorant,10,44169,Deodorant,0.784953236579895,True
34294,Dupatta,1,34292,Dupatta,0.8427940011024475,True
34294,Dupatta,2,31059,Dupatta,0.78691565990448,True
34294,Dupatta,3,34288,Dupatta,0.7782022356987,True
34294,Dupatta,4,34266,Dupatta,0.760583758354187,True
34294,Dupatta,5,34265,Dupatta,0.7501563429832458,True
34294,Dupatta,6,13450,Shirts,0.7456376552581787,False
34294,Dupatta,7,34263,Dupatta,0.7446770668029785,True
34294,Dupatta,8,31062,Dupatta,0.7439442276954651,True
34294,Dupatta,9,11556,Kurtis,0.7424182295799255,False
34294,Dupatta,10,34291,Dupatta,0.7410125732421875,True
9409,Sunglasses,1,8713,Sunglasses,0.901752769947052,True
9409,Sunglasses,2,8636,Sunglasses,0.8945282697677612,True
9409,Sunglasses,3,28417,Sunglasses,0.8832286596298218,True
9409,Sunglasses,4,8677,Sunglasses,0.882028341293335,True
9409,Sunglasses,5,21282,Sunglasses,0.871842622756958,True
9409,Sunglasses,6,8669,Sunglasses,0.8697094917297363,True
9409,Sunglasses,7,29870,Sunglasses,0.8681495189666748,True
9409,Sunglasses,8,21284,Sunglasses,0.862724244594574,True
9409,Sunglasses,9,51682,Sunglasses,0.8626787662506104,True
9409,Sunglasses,10,8714,Sunglasses,0.8613383173942566,True
19944,Backpacks,1,19316,Backpacks,0.6900689005851746,True
19944,Backpacks,2,19943,Backpacks,0.6798392534255981,True
19944,Backpacks,3,31607,Backpacks,0.6773655414581299,True
19944,Backpacks,4,25874,Backpacks,0.6728555560112,True
19944,Backpacks,5,5229,Backpacks,0.6692856550216675,True
19944,Backpacks,6,9526,Backpacks,0.6668183207511902,True
19944,Backpacks,7,37696,Backpacks,0.6664611101150513,True
19944,Backpacks,8,38758,Backpacks,0.666051983833313,True
19944,Backpacks,9,18162,Backpacks,0.6547682881355286,True
19944,Backpacks,10,30196,Backpacks,0.6541894674301147,True
57732,Lip Care,1,57730,Lip Care,0.8205112218856812,True
57732,Lip Care,2,57733,Lip Care,0.8067355155944824,True
57732,Lip Care,3,57728,Lip Care,0.8020555973052979,True
57732,Lip Care,4,57729,Lip Care,0.7957931756973267,True
57732,Lip Care,5,57734,Lip Care,0.7833632230758667,True
57732,Lip Care,6,57731,Lip Care,0.7735830545425415,True
57732,Lip Care,7,57737,Lip Care,0.7594218254089355,True
57732,Lip Care,8,57735,Lip Care,0.7132139801979065,True
57732,Lip Care,9,57736,Lip Care,0.6859254240989685,True
57732,Lip Care,10,57760,Face Wash and Cleanser,0.6832021474838257,False
15587,Shirts,1,15588,Shirts,0.8763105273246765,True
15587,Shirts,2,16543,Shirts,0.8615360260009766,True
15587,Shirts,3,13416,Shirts,0.8539003133773804,True
15587,Shirts,4,8759,Shirts,0.8524907827377319,True
15587,Shirts,5,16457,Shirts,0.8330643177032471,True
15587,Shirts,6,16033,Shirts,0.8324586749076843,True
15587,Shirts,7,15702,Shirts,0.8234906792640686,True
15587,Shirts,8,15140,Shirts,0.8229911923408508,True
15587,Shirts,9,13487,Shirts,0.822026789188385,True
15587,Shirts,10,26515,Shirts,0.821237325668335,True
55062,Lipstick,1,55051,Lipstick,0.9847296476364136,True
55062,Lipstick,2,55045,Lipstick,0.9790812134742737,True
55062,Lipstick,3,55056,Lipstick,0.9770222306251526,True
55062,Lipstick,4,55061,Lipstick,0.9767131805419922,True
55062,Lipstick,5,55050,Lipstick,0.9758541584014893,True
55062,Lipstick,6,55065,Lipstick,0.9731929302215576,True
55062,Lipstick,7,55052,Lipstick,0.9726960062980652,True
55062,Lipstick,8,55046,Lipstick,0.9726074934005737,True
55062,Lipstick,9,55048,Lipstick,0.9716887474060059,True
55062,Lipstick,10,55055,Lipstick,0.9647196531295776,True
11312,Trousers,1,8842,Trousers,0.9630872011184692,True
11312,Trousers,2,8846,Trousers,0.9078507423400879,True
11312,Trousers,3,8904,Trousers,0.8953784704208374,True
11312,Trousers,4,8946,Trousers,0.8947064280509949,True
11312,Trousers,5,8841,Trousers,0.8882797956466675,True
11312,Trousers,6,7266,Track Pants,0.8627508282661438,False
11312,Trousers,7,8883,Trousers,0.856787919998169,True
11312,Trousers,8,8837,Trousers,0.8544992804527283,True
11312,Trousers,9,26824,Trousers,0.8473167419433594,True
11312,Trousers,10,26821,Trousers,0.8417357206344604,True
32190,Sports Shoes,1,38656,Sports Shoes,0.8292231559753418,True
32190,Sports Shoes,2,4638,Sports Shoes,0.826318621635437,True
32190,Sports Shoes,3,15727,Sports Shoes,0.8247823715209961,True
32190,Sports Shoes,4,31207,Sports Shoes,0.8247815370559692,True
32190,Sports Shoes,5,44228,Sports Shoes,0.8233850002288818,True
32190,Sports Shoes,6,43359,Sports Shoes,0.8194831609725952,True
32190,Sports Shoes,7,29257,Sports Shoes,0.8191511034965515,True
32190,Sports Shoes,8,36137,Sports Shoes,0.8180038928985596,True
32190,Sports Shoes,9,15723,Sports Shoes,0.8158694505691528,True
32190,Sports Shoes,10,42991,Sports Shoes,0.8129704594612122,True
31715,Earrings,1,35324,Earrings,0.7925558686256409,True
31715,Earrings,2,58063,Earrings,0.6551172137260437,True
31715,Earrings,3,35316,Earrings,0.6038334369659424,True
31715,Earrings,4,42626,Earrings,0.5895228385925293,True
31715,Earrings,5,58608,Earrings,0.5888166427612305,True
31715,Earrings,6,43818,Earrings,0.5843372344970703,True
31715,Earrings,7,31717,Earrings,0.580990731716156,True
31715,Earrings,8,58059,Earrings,0.5769887566566467,True
31715,Earrings,9,35314,Earrings,0.5762072205543518,True
31715,Earrings,10,2695,Tshirts,0.5685935020446777,False
56277,Bra,1,56270,Bra,0.9092289209365845,True
56277,Bra,2,53506,Bra,0.8976209163665771,True
56277,Bra,3,51003,Bra,0.8974757194519043,True
56277,Bra,4,51194,Bra,0.8915797472000122,True
56277,Bra,5,56422,Bra,0.8902891874313354,True
56277,Bra,6,56289,Bra,0.8802816867828369,True
56277,Bra,7,56294,Bra,0.8774598836898804,True
56277,Bra,8,56299,Bra,0.871813952922821,True
56277,Bra,9,50008,Bra,0.8715329766273499,True
56277,Bra,10,50969,Bra,0.8663425445556641,True
37240,Casual Shoes,1,40775,Casual Shoes,0.8268135190010071,True
37240,Casual Shoes,2,3545,Casual Shoes,0.8096445798873901,True
37240,Casual Shoes,3,9817,Casual Shoes,0.802214503288269,True
37240,Casual Shoes,4,17691,Casual Shoes,0.7998323440551758,True
37240,Casual Shoes,5,54541,Sports Shoes,0.7957570552825928,False
37240,Casual Shoes,6,17699,Casual Shoes,0.7932525873184204,True
37240,Casual Shoes,7,47182,Casual Shoes,0.7930597066879272,True
37240,Casual Shoes,8,39940,Casual Shoes,0.7926042079925537,True
37240,Casual Shoes,9,56720,Casual Shoes,0.7913240194320679,True
37240,Casual Shoes,10,37249,Casual Shoes,0.7887400388717651,True
37624,Tshirts,1,37596,Tshirts,0.9018121957778931,True
37624,Tshirts,2,37598,Tshirts,0.8559834957122803,True
37624,Tshirts,3,37625,Tshirts,0.8539421558380127,True
37624,Tshirts,4,37600,Tshirts,0.8486020565032959,True
37624,Tshirts,5,37622,Tshirts,0.8390374779701233,True
37624,Tshirts,6,4217,Tshirts,0.8326017260551453,True
37624,Tshirts,7,4723,Tshirts,0.8305203318595886,True
37624,Tshirts,8,35877,Tshirts,0.8271862268447876,True
37624,Tshirts,9,4202,Tshirts,0.8261301517486572,True
37624,Tshirts,10,4200,Tshirts,0.8243521451950073,True
16108,Sunglasses,1,16875,Sunglasses,0.9413498640060425,True
16108,Sunglasses,2,16079,Sunglasses,0.9277896881103516,True
16108,Sunglasses,3,16110,Sunglasses,0.9189988374710083,True
16108,Sunglasses,4,17321,Sunglasses,0.916451632976532,True
16108,Sunglasses,5,29866,Sunglasses,0.913644552230835,True
16108,Sunglasses,6,16863,Sunglasses,0.912716805934906,True
16108,Sunglasses,7,38209,Sunglasses,0.9121153354644775,True
16108,Sunglasses,8,28356,Sunglasses,0.9108025431632996,True
16108,Sunglasses,9,38206,Sunglasses,0.9105944037437439,True
16108,Sunglasses,10,28310,Sunglasses,0.9104952812194824,True
59690,Bra,1,59691,Bra,0.9142066836357117,True
59690,Bra,2,53490,Bra,0.9121965765953064,True
59690,Bra,3,57325,Bra,0.9120082855224609,True
59690,Bra,4,51046,Bra,0.9090389013290405,True
59690,Bra,5,59692,Bra,0.90654456615448,True
59690,Bra,6,27400,Bra,0.9054862260818481,True
59690,Bra,7,59718,Bra,0.9029908180236816,True
59690,Bra,8,57318,Bra,0.8985689282417297,True
59690,Bra,9,51781,Bra,0.8957712650299072,True
59690,Bra,10,51777,Bra,0.894821047782898,True
24668,Casual Shoes,1,23093,Casual Shoes,0.8627609610557556,True
24668,Casual Shoes,2,24191,Casual Shoes,0.8421112895011902,True
24668,Casual Shoes,3,11979,Casual Shoes,0.8411763906478882,True
24668,Casual Shoes,4,24669,Casual Shoes,0.8035220503807068,True
24668,Casual Shoes,5,32494,Casual Shoes,0.8015651106834412,True
24668,Casual Shoes,6,24712,Casual Shoes,0.7934870719909668,True
24668,Casual Shoes,7,4444,Casual Shoes,0.7818320989608765,True
24668,Casual Shoes,8,24665,Casual Shoes,0.7805244326591492,True
24668,Casual Shoes,9,24627,Casual Shoes,0.7802702784538269,True
24668,Casual Shoes,10,20889,Casual Shoes,0.7753292322158813,True
18402,Casual Shoes,1,5690,Casual Shoes,0.890850841999054,True
18402,Casual Shoes,2,18406,Casual Shoes,0.868499755859375,True
18402,Casual Shoes,3,13844,Sports Shoes,0.85984867811203,False
18402,Casual Shoes,4,12985,Casual Shoes,0.8463751673698425,True
18402,Casual Shoes,5,9090,Casual Shoes,0.84610515832901,True
18402,Casual Shoes,6,5330,Casual Shoes,0.8438632488250732,True
18402,Casual Shoes,7,15416,Casual Shoes,0.8405000567436218,True
18402,Casual Shoes,8,12427,Casual Shoes,0.8345945477485657,True
18402,Casual Shoes,9,15288,Casual Shoes,0.8344593048095703,True
18402,Casual Shoes,10,12856,Casual Shoes,0.8327939510345459,True
5980,Shirts,1,5979,Shirts,0.9323197603225708,True
5980,Shirts,2,7053,Shirts,0.8206009268760681,True
5980,Shirts,3,20150,Shirts,0.8072173595428467,True
5980,Shirts,4,11387,Shirts,0.7992885112762451,True
5980,Shirts,5,5981,Shirts,0.7971303462982178,True
5980,Shirts,6,11704,Shirts,0.7960224151611328,True
5980,Shirts,7,6054,Shirts,0.7924690842628479,True
5980,Shirts,8,20153,Shirts,0.7924460768699646,True
5980,Shirts,9,22569,Shirts,0.7904009222984314,True
5980,Shirts,10,22354,Shirts,0.7897012233734131,True
5974,Shirts,1,5963,Shirts,0.8705854415893555,True
5974,Shirts,2,19186,Shirts,0.8646968603134155,True
5974,Shirts,3,44333,Shirts,0.8605517745018005,True
5974,Shirts,4,13739,Shirts,0.859747052192688,True
5974,Shirts,5,12948,Shirts,0.8532075881958008,True
5974,Shirts,6,13389,Shirts,0.850273609161377,True
5974,Shirts,7,13761,Shirts,0.8405078649520874,True
5974,Shirts,8,5984,Shirts,0.8395983576774597,True
5974,Shirts,9,16032,Shirts,0.8369884490966797,True
5974,Shirts,10,13743,Shirts,0.8361243009567261,True
20940,Flip Flops,1,16981,Sandals,0.7929714322090149,False
20940,Flip Flops,2,20945,Flip Flops,0.7742795944213867,True
20940,Flip Flops,3,48532,Flip Flops,0.769027590751648,True
20940,Flip Flops,4,40697,Flip Flops,0.7595621347427368,True
20940,Flip Flops,5,16113,Sandals,0.7533599138259888,False
20940,Flip Flops,6,16116,Sandals,0.7505378723144531,False
20940,Flip Flops,7,39951,Flip Flops,0.7466675639152527,True
20940,Flip Flops,8,30234,Flip Flops,0.744292676448822,True
20940,Flip Flops,9,16987,Flip Flops,0.7435348033905029,True
20940,Flip Flops,10,6319,Flip Flops,0.7388068437576294,True
44096,Deodorant,1,54064,Deodorant,0.8355245590209961,True
44096,Deodorant,2,28255,Deodorant,0.8141273260116577,True
44096,Deodorant,3,54062,Deodorant,0.8005324602127075,True
44096,Deodorant,4,43102,Deodorant,0.7996032238006592,True
44096,Deodorant,5,44960,Deodorant,0.7968394756317139,True
44096,Deodorant,6,26007,Deodorant,0.7922000288963318,True
44096,Deodorant,7,43103,Deodorant,0.7823913097381592,True
44096,Deodorant,8,20074,Deodorant,0.7706079483032227,True
44096,Deodorant,9,44187,Perfume and Body Mist,0.7643082141876221,False
44096,Deodorant,10,28256,Deodorant,0.7637150883674622,True
53021,Sarees,1,42428,Kurtas,0.7854534983634949,False
53021,Sarees,2,25819,Kurtas,0.7816056609153748,False
53021,Sarees,3,53015,Sarees,0.7561531662940979,True
53021,Sarees,4,59933,Kurtas,0.754146158695221,False
53021,Sarees,5,43680,Dresses,0.750838577747345,False
53021,Sarees,6,52955,Sarees,0.7508009076118469,True
53021,Sarees,7,34956,Sarees,0.7463095188140869,True
53021,Sarees,8,59614,Sarees,0.7432308793067932,True
53021,Sarees,9,59897,Dresses,0.7401658296585083,False
53021,Sarees,10,36240,Tops,0.7401382923126221,False
21091,Casual Shoes,1,22840,Casual Shoes,0.8681800365447998,True
21091,Casual Shoes,2,23809,Casual Shoes,0.8479974269866943,True
21091,Casual Shoes,3,22731,Sports Shoes,0.8394883871078491,False
21091,Casual Shoes,4,22190,Casual Shoes,0.8364310264587402,True
21091,Casual Shoes,5,38785,Casual Shoes,0.7957197427749634,True
21091,Casual Shoes,6,9000,Casual Shoes,0.7918550968170166,True
21091,Casual Shoes,7,22177,Casual Shoes,0.7904806733131409,True
21091,Casual Shoes,8,6807,Casual Shoes,0.7895112037658691,True
21091,Casual Shoes,9,22166,Casual Shoes,0.7855650782585144,True
21091,Casual Shoes,10,7369,Casual Shoes,0.7839487791061401,True
57475,Sandals,1,39955,Flip Flops,0.7888264060020447,False
57475,Sandals,2,47178,Sandals,0.7769922614097595,True
57475,Sandals,3,59349,Sandals,0.7747337222099304,True
57475,Sandals,4,47538,Flats,0.7601567506790161,False
57475,Sandals,5,43007,Sandals,0.7552893757820129,True
57475,Sandals,6,42718,Flats,0.7497775554656982,False
57475,Sandals,7,47537,Flats,0.744844913482666,False
57475,Sandals,8,13542,Flats,0.7411529421806335,False
57475,Sandals,9,47644,Casual Shoes,0.7396406531333923,False
57475,Sandals,10,4651,Sports Sandals,0.7359656095504761,False
49321,Watches,1,22950,Watches,0.756300687789917,True
49321,Watches,2,11648,Watches,0.7186164855957031,True
49321,Watches,3,32370,Watches,0.7140778303146362,True
49321,Watches,4,28581,Watches,0.707438588142395,True
49321,Watches,5,22940,Watches,0.705354630947113,True
49321,Watches,6,54626,Watches,0.6985944509506226,True
49321,Watches,7,45227,Watches,0.6962379813194275,True
49321,Watches,8,22927,Watches,0.695246160030365,True
49321,Watches,9,54625,Watches,0.6928772330284119,True
49321,Watches,10,45246,Watches,0.6834751963615417,True
34749,Casual Shoes,1,8993,Sports Shoes,0.7971571087837219,False
34749,Casual Shoes,2,6648,Casual Shoes,0.7772507667541504,True
34749,Casual Shoes,3,4562,Sports Shoes,0.775826096534729,False
34749,Casual Shoes,4,3215,Sports Shoes,0.7751560211181641,False
34749,Casual Shoes,5,3675,Casual Shoes,0.7732864618301392,True
34749,Casual Shoes,6,6406,Casual Shoes,0.7727926969528198,True
34749,Casual Shoes,7,35697,Casual Shoes,0.7721112966537476,True
34749,Casual Shoes,8,26670,Casual Shoes,0.7717979550361633,True
34749,Casual Shoes,9,17038,Casual Shoes,0.7700178623199463,True
34749,Casual Shoes,10,25445,Sports Shoes,0.7654486298561096,False
42957,Belts,1,42958,Belts,0.9568499326705933,True
42957,Belts,2,21774,Belts,0.9337730407714844,True
42957,Belts,3,42942,Belts,0.9272094964981079,True
42957,Belts,4,47159,Belts,0.9266175031661987,True
42957,Belts,5,38369,Belts,0.9219713807106018,True
42957,Belts,6,38385,Belts,0.9199029207229614,True
42957,Belts,7,21783,Belts,0.9174428582191467,True
42957,Belts,8,36022,Belts,0.9164547324180603,True
42957,Belts,9,24621,Belts,0.9133021831512451,True
42957,Belts,10,36016,Belts,0.9129585027694702,True
36445,Sports Shoes,1,24257,Casual Shoes,0.8743339776992798,False
36445,Sports Shoes,2,36446,Sports Shoes,0.8614406585693359,True
36445,Sports Shoes,3,4740,Casual Shoes,0.8360031843185425,False
36445,Sports Shoes,4,9046,Sports Shoes,0.8290532827377319,True
36445,Sports Shoes,5,5923,Casual Shoes,0.8188233971595764,False
36445,Sports Shoes,6,41832,Casual Shoes,0.806461751461029,False
36445,Sports Shoes,7,29567,Casual Shoes,0.8053271770477295,False
36445,Sports Shoes,8,36447,Sports Shoes,0.7893390655517578,True
36445,Sports Shoes,9,23852,Sports Shoes,0.7889679670333862,True
36445,Sports Shoes,10,13657,Sports Shoes,0.7885042428970337,True
14715,Shirts,1,18619,Tshirts,0.9361114501953125,False
14715,Shirts,2,20354,Shirts,0.9320366382598877,True
14715,Shirts,3,11710,Shirts,0.9253987073898315,True
14715,Shirts,4,8820,Shirts,0.9235281944274902,True
14715,Shirts,5,29664,Shirts,0.922530472278595,True
14715,Shirts,6,31656,Shirts,0.922530472278595,True
14715,Shirts,7,19427,Shirts,0.9180889129638672,True
14715,Shirts,8,32503,Shirts,0.91796875,True
14715,Shirts,9,15163,Tshirts,0.9174389839172363,False
14715,Shirts,10,11473,Shirts,0.9127532839775085,True
11267,Trousers,1,37111,Trousers,0.9230660796165466,True
11267,Trousers,2,26382,Trousers,0.9190607070922852,True
11267,Trousers,3,27185,Trousers,0.9151861071586609,True
11267,Trousers,4,11329,Trousers,0.9141561388969421,True
11267,Trousers,5,17577,Trousers,0.9135379195213318,True
11267,Trousers,6,15118,Trousers,0.9108341932296753,True
11267,Trousers,7,27186,Trousers,0.9100441932678223,True
11267,Trousers,8,37102,Trousers,0.9095212817192078,True
11267,Trousers,9,15125,Trousers,0.9086549282073975,True
11267,Trousers,10,16375,Trousers,0.9080160856246948,True
31452,Tshirts,1,15625,Sweatshirts,0.881930410861969,False
31452,Tshirts,2,18202,Sweatshirts,0.876548171043396,False
31452,Tshirts,3,22626,Sweaters,0.8548667430877686,False
31452,Tshirts,4,18203,Sweatshirts,0.8452015519142151,False
31452,Tshirts,5,22580,Sweatshirts,0.8430616855621338,False
31452,Tshirts,6,17917,Sweatshirts,0.834448516368866,False
31452,Tshirts,7,17916,Sweatshirts,0.8327263593673706,False
31452,Tshirts,8,15602,Sweatshirts,0.8291747570037842,False
31452,Tshirts,9,15317,Sweatshirts,0.820890486240387,False
31452,Tshirts,10,22581,Sweatshirts,0.7959665060043335,False
11293,Jeans,1,11285,Jeans,0.9520068764686584,True
11293,Jeans,2,11349,Jeans,0.9511805772781372,True
11293,Jeans,3,16504,Jeans,0.9508991241455078,True
11293,Jeans,4,11295,Jeans,0.9465322494506836,True
11293,Jeans,5,16512,Jeans,0.9454375505447388,True
11293,Jeans,6,35939,Jeans,0.9448577165603638,True
11293,Jeans,7,11281,Jeans,0.9439729452133179,True
11293,Jeans,8,11288,Jeans,0.942467451095581,True
11293,Jeans,9,16521,Jeans,0.9403308629989624,True
11293,Jeans,10,31335,Jeans,0.9385347366333008,True
17164,Shirts,1,17159,Shirts,0.939565122127533,True
17164,Shirts,2,17185,Shirts,0.9288616180419922,True
17164,Shirts,3,19848,Shirts,0.9286801218986511,True
17164,Shirts,4,17166,Shirts,0.9180057048797607,True
17164,Shirts,5,17158,Shirts,0.9158825874328613,True
17164,Shirts,6,17181,Shirts,0.9067443609237671,True
17164,Shirts,7,13963,Shirts,0.9040185213088989,True
17164,Shirts,8,17192,Shirts,0.9000554084777832,True
17164,Shirts,9,17188,Shirts,0.8959661722183228,True
17164,Shirts,10,17157,Shirts,0.8958090543746948,True
37751,Shirts,1,10611,Shirts,0.8601964712142944,True
37751,Shirts,2,33061,Shirts,0.8592643737792969,True
37751,Shirts,3,37777,Shirts,0.8518322706222534,True
37751,Shirts,4,16530,Shirts,0.8469480872154236,True
37751,Shirts,5,8163,Shirts,0.8459585905075073,True
37751,Shirts,6,13403,Shirts,0.8422460556030273,True
37751,Shirts,7,16450,Shirts,0.835534393787384,True
37751,Shirts,8,58796,Shirts,0.8301452994346619,True
37751,Shirts,9,9615,Shirts,0.8294451236724854,True
37751,Shirts,10,8724,Shirts,0.8294451236724854,True
32223,Kurtas,1,19081,Kurtas,0.8350199460983276,True
32223,Kurtas,2,23332,Tunics,0.833809494972229,False
32223,Kurtas,3,27933,Shirts,0.8283712863922119,False
32223,Kurtas,4,15702,Shirts,0.8257313966751099,False
32223,Kurtas,5,12135,Kurtas,0.8256968259811401,True
32223,Kurtas,6,53396,Kurtas,0.8216366767883301,True
32223,Kurtas,7,22772,Kurtas,0.8201100826263428,True
32223,Kurtas,8,21883,Kurtas,0.8185354471206665,True
32223,Kurtas,9,54547,Tunics,0.8140625357627869,False
32223,Kurtas,10,43254,Kurtas,0.8135573863983154,True
36814,Kurtas,1,42655,Kurtas,0.8179154396057129,True
36814,Kurtas,2,36828,Kurtas,0.8129003047943115,True
36814,Kurtas,3,30958,Tunics,0.7910223603248596,False
36814,Kurtas,4,42559,Kurtas,0.7758947610855103,True
36814,Kurtas,5,22019,Kurtas,0.7753175497055054,True
36814,Kurtas,6,24546,Tops,0.7732236385345459,False
36814,Kurtas,7,36818,Kurtas,0.7706920504570007,True
36814,Kurtas,8,19095,Kurtas,0.7693601846694946,True
36814,Kurtas,9,15098,Kurtas,0.7661999464035034,True
36814,Kurtas,10,23324,Kurtas,0.7633087635040283,True
44098,Perfume and Body Mist,1,23570,Fragrance Gift Set,0.8558284044265747,False
44098,Perfume and Body Mist,2,44107,Fragrance Gift Set,0.818417489528656,False
44098,Perfume and Body Mist,3,44053,Perfume and Body Mist,0.7428846955299377,True
44098,Perfume and Body Mist,4,44093,Perfume and Body Mist,0.718235194683075,True
44098,Perfume and Body Mist,5,46770,Perfume and Body Mist,0.6973780989646912,True
44098,Perfume and Body Mist,6,44052,Perfume and Body Mist,0.6922813653945923,True
44098,Perfume and Body Mist,7,46684,Perfume and Body Mist,0.6896466016769409,True
44098,Perfume and Body Mist,8,44114,Fragrance Gift Set,0.6785167455673218,False
44098,Perfume and Body Mist,9,44184,Perfume and Body Mist,0.6767926216125488,True
44098,Perfume and Body Mist,10,23589,Fragrance Gift Set,0.6751466989517212,False
48655,Earrings,1,48660,Earrings,0.7702248692512512,True
48655,Earrings,2,48607,Earrings,0.7039667963981628,True
48655,Earrings,3,48604,Earrings,0.6911098957061768,True
48655,Earrings,4,48676,Earrings,0.6859138011932373,True
48655,Earrings,5,53105,Earrings,0.6841970682144165,True
48655,Earrings,6,48684,Earrings,0.6806749105453491,True
48655,Earrings,7,59528,Earrings,0.6763513088226318,True
48655,Earrings,8,59550,Earrings,0.6756317019462585,True
48655,Earrings,9,59522,Earrings,0.66905277967453,True
48655,Earrings,10,59534,Earrings,0.6621662378311157,True
13350,Jeans,1,11306,Jeans,0.871607780456543,True
13350,Jeans,2,7188,Jeans,0.8646931648254395,True
13350,Jeans,3,7180,Jeans,0.8598803281784058,True
13350,Jeans,4,9144,Jeans,0.8574925661087036,True
13350,Jeans,5,9147,Jeans,0.8548866510391235,True
13350,Jeans,6,26993,Jeans,0.852928638458252,True
13350,Jeans,7,9162,Jeans,0.8523938059806824,True
13350,Jeans,8,13348,Jeans,0.8480725288391113,True
13350,Jeans,9,9900,Jeans,0.8471213579177856,True
13350,Jeans,10,7179,Jeans,0.8424760699272156,True
41979,Tshirts,1,40137,Tshirts,1.0000003576278687,True
41979,Tshirts,2,24940,Tshirts,0.7847484350204468,True
41979,Tshirts,3,36720,Tshirts,0.7822939157485962,True
41979,Tshirts,4,39838,Tshirts,0.7822939157485962,True
41979,Tshirts,5,39839,Tshirts,0.7822939157485962,True
41979,Tshirts,6,24907,Tshirts,0.7670811414718628,True
41979,Tshirts,7,4464,Tshirts,0.755931556224823,True
41979,Tshirts,8,30627,Tshirts,0.7397814989089966,True
41979,Tshirts,9,43686,Tshirts,0.7395477890968323,True
41979,Tshirts,10,41754,Tshirts,0.7395477890968323,True
59986,Dresses,1,58512,Tops,0.8006024956703186,False
59986,Dresses,2,48476,Dresses,0.7940592169761658,True
59986,Dresses,3,43919,Dresses,0.7915819883346558,True
59986,Dresses,4,6872,Dresses,0.7867374420166016,True
59986,Dresses,5,57994,Dresses,0.7804882526397705,True
59986,Dresses,6,8485,Dresses,0.7788083553314209,True
59986,Dresses,7,59934,Kurtas,0.7783529162406921,False
59986,Dresses,8,34565,Dresses,0.7741870880126953,True
59986,Dresses,9,59876,Dresses,0.7736831903457642,True
59986,Dresses,10,47654,Tops,0.7627440690994263,False
22883,Sandals,1,18671,Sandals,0.7479553818702698,True
22883,Sandals,2,24709,Sandals,0.7306310534477234,True
22883,Sandals,3,11977,Sandals,0.7243775129318237,True
22883,Sandals,4,44554,Sandals,0.7216610908508301,True
22883,Sandals,5,22889,Sandals,0.7215221524238586,True
22883,Sandals,6,2215,Sandals,0.720000684261322,True
22883,Sandals,7,24467,Casual Shoes,0.7175168991088867,False
22883,Sandals,8,46289,Sandals,0.7172801494598389,True
22883,Sandals,9,44572,Sports Sandals,0.7164582014083862,False
22883,Sandals,10,44443,Sandals,0.7155179977416992,True
26282,Tshirts,1,16431,Tshirts,0.9241224527359009,True
26282,Tshirts,2,26280,Tshirts,0.9221588373184204,True
26282,Tshirts,3,31277,Tshirts,0.9191171526908875,True
26282,Tshirts,4,24341,Tshirts,0.9185769557952881,True
26282,Tshirts,5,25684,Innerwear Vests,0.9185189008712769,False
26282,Tshirts,6,25376,Innerwear Vests,0.9148776531219482,False
26282,Tshirts,7,13602,Innerwear Vests,0.9082434177398682,False
26282,Tshirts,8,24130,Tshirts,0.9077340364456177,True
26282,Tshirts,9,31272,Tshirts,0.9056396484375,True
26282,Tshirts,10,16436,Tshirts,0.901369571685791,True
59981,Dresses,1,58503,Dresses,0.8330593109130859,True
59981,Dresses,2,48475,Dresses,0.8197691440582275,True
59981,Dresses,3,38840,Dresses,0.8173002004623413,True
59981,Dresses,4,58667,Kurtas,0.8086895942687988,False
59981,Dresses,5,58003,Dresses,0.7978724241256714,True
59981,Dresses,6,54971,Dresses,0.7859066724777222,True
59981,Dresses,7,39220,Dresses,0.7856746912002563,True
59981,Dresses,8,38836,Dresses,0.7827978730201721,True
59981,Dresses,9,26975,Tops,0.7827960252761841,False
59981,Dresses,10,46216,Dresses,0.7821207046508789,True
5327,Casual Shoes,1,6474,Casual Shoes,0.8180761337280273,True
5327,Casual Shoes,2,5579,Sports Shoes,0.8177241086959839,False
5327,Casual Shoes,3,3655,Casual Shoes,0.8044490218162537,True
5327,Casual Shoes,4,12987,Casual Shoes,0.7947688698768616,True
5327,Casual Shoes,5,37246,Casual Shoes,0.76063472032547,True
5327,Casual Shoes,6,13844,Sports Shoes,0.7597116827964783,False
5327,Casual Shoes,7,4043,Sports Shoes,0.7585933804512024,False
5327,Casual Shoes,8,12985,Casual Shoes,0.7584407925605774,True
5327,Casual Shoes,9,10273,Sandals,0.7520501613616943,False
5327,Casual Shoes,10,18480,Casual Shoes,0.7503927946090698,True
9713,Tshirts,1,9842,Tshirts,0.8768903613090515,True
9713,Tshirts,2,9755,Tshirts,0.8687202334403992,True
9713,Tshirts,3,9756,Tshirts,0.8291523456573486,True
9713,Tshirts,4,12642,Tshirts,0.8130360841751099,True
9713,Tshirts,5,9791,Tshirts,0.797926127910614,True
9713,Tshirts,6,9761,Tshirts,0.7964191436767578,True
9713,Tshirts,7,33572,Tshirts,0.7894641160964966,True
9713,Tshirts,8,31239,Tshirts,0.7888784408569336,True
9713,Tshirts,9,16625,Tshirts,0.7833427786827087,True
9713,Tshirts,10,10878,Tshirts,0.7761679291725159,True
46768,Perfume and Body Mist,1,46767,Perfume and Body Mist,0.8986761569976807,True
46768,Perfume and Body Mist,2,44024,Perfume and Body Mist,0.7158635854721069,True
46768,Perfume and Body Mist,3,44025,Perfume and Body Mist,0.6246860027313232,True
46768,Perfume and Body Mist,4,45283,Wallets,0.6237131357192993,False
46768,Perfume and Body Mist,5,43963,Perfume and Body Mist,0.623643159866333,True
46768,Perfume and Body Mist,6,45690,Perfume and Body Mist,0.6152439117431641,True
46768,Perfume and Body Mist,7,44091,Perfume and Body Mist,0.5968286991119385,True
46768,Perfume and Body Mist,8,44075,Perfume and Body Mist,0.5930073857307434,True
46768,Perfume and Body Mist,9,56375,Deodorant,0.5840396881103516,False
46768,Perfume and Body Mist,10,43962,Perfume and Body Mist,0.5835008025169373,True
52506,Bath Robe,1,52476,Bath Robe,0.8020382523536682,True
52506,Bath Robe,2,52472,Bath Robe,0.8018313646316528,True
52506,Bath Robe,3,52474,Bath Robe,0.7889375686645508,True
52506,Bath Robe,4,55826,Nightdress,0.7869373559951782,False
52506,Bath Robe,5,55831,Nightdress,0.7845110297203064,False
52506,Bath Robe,6,21907,Kurta Sets,0.7836983799934387,False
52506,Bath Robe,7,54712,Kurta Sets,0.7786880731582642,False
52506,Bath Robe,8,39136,Kurta Sets,0.7723000645637512,False
52506,Bath Robe,9,56805,Kurta Sets,0.7715908288955688,False
52506,Bath Robe,10,21908,Kurta Sets,0.7700018882751465,False
37191,Tshirts,1,10576,Tshirts,0.8791204690933228,True
37191,Tshirts,2,10867,Tshirts,0.8756467700004578,True
37191,Tshirts,3,16495,Tshirts,0.8698387742042542,True
37191,Tshirts,4,1862,Tshirts,0.8683167695999146,True
37191,Tshirts,5,58375,Tshirts,0.8641159534454346,True
37191,Tshirts,6,16490,Tshirts,0.8588657975196838,True
37191,Tshirts,7,24017,Tshirts,0.8579624891281128,True
37191,Tshirts,8,58351,Tshirts,0.8577003479003906,True
37191,Tshirts,9,10412,Tshirts,0.8561971783638,True
37191,Tshirts,10,33154,Tshirts,0.8541814088821411,True
25030,Shorts,1,31449,Shorts,0.9071188569068909,True
25030,Shorts,2,12812,Shorts,0.9052181243896484,True
25030,Shorts,3,28627,Shorts,0.9042225480079651,True
25030,Shorts,4,22604,Shorts,0.9029778838157654,True
25030,Shorts,5,22644,Shorts,0.8986722230911255,True
25030,Shorts,6,31447,Shorts,0.8959982395172119,True
25030,Shorts,7,25029,Shorts,0.8953516483306885,True
25030,Shorts,8,15610,Shorts,0.8945409655570984,True
25030,Shorts,9,30634,Shorts,0.8925715088844299,True
25030,Shorts,10,28504,Shorts,0.8909947872161865,True
32417,Tshirts,1,42106,Tshirts,0.8941516876220703,True
32417,Tshirts,2,26485,Tshirts,0.8871994614601135,True
32417,Tshirts,3,40060,Tshirts,0.8729467391967773,True
32417,Tshirts,4,10057,Tshirts,0.8644933700561523,True
32417,Tshirts,5,31259,Tshirts,0.856109619140625,True
32417,Tshirts,6,33936,Tshirts,0.8549910187721252,True
32417,Tshirts,7,40024,Tshirts,0.8465608954429626,True
32417,Tshirts,8,40039,Tshirts,0.8458483219146729,True
32417,Tshirts,9,32454,Tshirts,0.843717634677887,True
32417,Tshirts,10,34146,Tshirts,0.8364653587341309,True
31292,Tops,1,2555,Tops,0.8343014121055603,True
31292,Tops,2,11355,Tops,0.8340179920196533,True
31292,Tops,3,57172,Tops,0.8332379460334778,True
31292,Tops,4,53824,Tunics,0.8324799537658691,False
31292,Tops,5,57041,Dresses,0.8307920694351196,False
31292,Tops,6,11338,Tops,0.8287039399147034,True
31292,Tops,7,41782,Tunics,0.8274107575416565,False
31292,Tops,8,11526,Tops,0.8244430422782898,True
31292,Tops,9,44644,Tops,0.8237899541854858,True
31292,Tops,10,37186,Tops,0.8237155079841614,True
32625,Tshirts,1,32656,Tshirts,0.8819528222084045,True
32625,Tshirts,2,2280,Tshirts,0.8696743249893188,True
32625,Tshirts,3,1644,Tshirts,0.8613845109939575,True
32625,Tshirts,4,5433,Tshirts,0.856203019618988,True
32625,Tshirts,5,22629,Tshirts,0.8546409606933594,True
32625,Tshirts,6,32624,Tshirts,0.8493413925170898,True
32625,Tshirts,7,9546,Tshirts,0.8492379188537598,True
32625,Tshirts,8,32638,Tshirts,0.8477344512939453,True
32625,Tshirts,9,22598,Tshirts,0.8453928232192993,True
32625,Tshirts,10,38637,Tshirts,0.843351423740387,True
5582,Sports Shoes,1,39925,Laptop Bag,0.6746950149536133,False
5582,Sports Shoes,2,22656,Messenger Bag,0.6676112413406372,False
5582,Sports Shoes,3,39930,Laptop Bag,0.6614601612091064,False
5582,Sports Shoes,4,39937,Laptop Bag,0.6505794525146484,False
5582,Sports Shoes,5,42417,Messenger Bag,0.6276067495346069,False
5582,Sports Shoes,6,14855,Wallets,0.6185200214385986,False
5582,Sports Shoes,7,25439,Wallets,0.6125520467758179,False
5582,Sports Shoes,8,10680,Handbags,0.6108130812644958,False
5582,Sports Shoes,9,38735,Messenger Bag,0.6062820553779602,False
5582,Sports Shoes,10,33400,Clutches,0.6005513668060303,False
15038,Sweaters,1,15032,Sweaters,0.799342155456543,True
15038,Sweaters,2,14324,Sweaters,0.7816060781478882,True
15038,Sweaters,3,22392,Tops,0.7437477111816406,False
15038,Sweaters,4,14585,Tops,0.7327175140380859,False
15038,Sweaters,5,15048,Sweaters,0.7256155610084534,True
15038,Sweaters,6,54938,Tshirts,0.7242510318756104,False
15038,Sweaters,7,16418,Tshirts,0.7197453379631042,False
15038,Sweaters,8,19606,Tops,0.718270480632782,False
15038,Sweaters,9,9789,Tshirts,0.7161170244216919,False
15038,Sweaters,10,15030,Sweaters,0.715981125831604,True
21669,Watches,1,21666,Watches,0.7865537405014038,True
21669,Watches,2,37293,Watches,0.7845225930213928,True
21669,Watches,3,45118,Watches,0.768386721611023,True
21669,Watches,4,11485,Watches,0.766769289970398,True
21669,Watches,5,21672,Watches,0.765959620475769,True
21669,Watches,6,21676,Watches,0.7593877911567688,True
21669,Watches,7,21671,Watches,0.7588111758232117,True
21669,Watches,8,21670,Watches,0.7551478147506714,True
21669,Watches,9,11220,Watches,0.7546848058700562,True
21669,Watches,10,25329,Watches,0.7537757158279419,True
33351,Formal Shoes,1,33350,Formal Shoes,0.8885860443115234,True
33351,Formal Shoes,2,50774,Formal Shoes,0.8510299921035767,True
33351,Formal Shoes,3,35399,Formal Shoes,0.8264989256858826,True
33351,Formal Shoes,4,35476,Formal Shoes,0.8244527578353882,True
33351,Formal Shoes,5,35409,Formal Shoes,0.8207786679267883,True
33351,Formal Shoes,6,35568,Formal Shoes,0.8190310001373291,True
33351,Formal Shoes,7,45614,Formal Shoes,0.8183732628822327,True
33351,Formal Shoes,8,57510,Casual Shoes,0.8173901438713074,False
33351,Formal Shoes,9,33704,Formal Shoes,0.8154231309890747,True
33351,Formal Shoes,10,35489,Formal Shoes,0.8152927160263062,True
33735,Clutches,1,37236,Wallets,0.8323924541473389,False
33735,Clutches,2,38426,Mobile Pouch,0.7961297035217285,False
33735,Clutches,3,58251,Wallets,0.7803574800491333,False
33735,Clutches,4,31454,Skirts,0.745337724685669,False
33735,Clutches,5,14859,Wallets,0.7375951409339905,False
33735,Clutches,6,21805,Wallets,0.7340155839920044,False
33735,Clutches,7,18057,Wallets,0.7328841090202332,False
33735,Clutches,8,27757,Wallets,0.7264232635498047,False
33735,Clutches,9,50828,Wallets,0.7221809029579163,False
33735,Clutches,10,21820,Wallets,0.7193490266799927,False
13332,Shirts,1,13331,Shirts,1.000000238418579,True
13332,Shirts,2,13314,Shirts,0.851873517036438,True
13332,Shirts,3,13313,Shirts,0.851873517036438,True
13332,Shirts,4,12852,Shirts,0.841376543045044,True
13332,Shirts,5,34040,Shirts,0.8210840225219727,True
13332,Shirts,6,34041,Shirts,0.8210840225219727,True
13332,Shirts,7,46831,Shirts,0.816433310508728,True
13332,Shirts,8,41960,Shirts,0.800139307975769,True
13332,Shirts,9,40132,Shirts,0.800139307975769,True
13332,Shirts,10,34033,Shirts,0.7937494516372681,True
15031,Sweaters,1,14120,Tops,0.8335405588150024,False
15031,Sweaters,2,11606,Kurtas,0.8204609155654907,False
15031,Sweaters,3,19667,Tops,0.8151764869689941,False
15031,Sweaters,4,13959,Tops,0.8079266548156738,False
15031,Sweaters,5,21162,Sweaters,0.8050877451896667,True
15031,Sweaters,6,13443,Tops,0.8027589321136475,False
15031,Sweaters,7,7309,Tops,0.7991911172866821,False
15031,Sweaters,8,21172,Tunics,0.7979624271392822,False
15031,Sweaters,9,24170,Kurtis,0.7929298281669617,False
15031,Sweaters,10,23137,Sweatshirts,0.7929034233093262,False
27904,Trousers,1,26809,Trousers,0.9524034261703491,True
27904,Trousers,2,26259,Track Pants,0.9517141580581665,False
27904,Trousers,3,29849,Trousers,0.9508723020553589,True
27904,Trousers,4,16020,Trousers,0.9490597248077393,True
27904,Trousers,5,26379,Trousers,0.9489798545837402,True
27904,Trousers,6,27911,Trousers,0.9446263313293457,True
27904,Trousers,7,39794,Trousers,0.9443344473838806,True
27904,Trousers,8,16378,Trousers,0.9429691433906555,True
27904,Trousers,9,26316,Track Pants,0.9388048648834229,False
27904,Trousers,10,26806,Trousers,0.9384058713912964,True
48095,Tops,1,57108,Tops,0.6949472427368164,True
48095,Tops,2,57121,Tops,0.6864005327224731,True
48095,Tops,3,54951,Tshirts,0.6841229796409607,False
48095,Tops,4,33242,Shirts,0.6802844405174255,False
48095,Tops,5,48093,Shirts,0.6786611676216125,False
48095,Tops,6,43911,Kurtas,0.6722188591957092,False
48095,Tops,7,37923,Tops,0.6688563227653503,True
48095,Tops,8,54081,Kurtis,0.6684092879295349,False
48095,Tops,9,8877,Shirts,0.6658235788345337,False
48095,Tops,10,18630,Tshirts,0.6654571294784546,False
33538,Jeans,1,39381,Jeans,0.9616049528121948,True
33538,Jeans,2,30098,Jeans,0.9541687369346619,True
33538,Jeans,3,27917,Trousers,0.9534679651260376,False
33538,Jeans,4,41347,Jeans,0.9442132115364075,True
33538,Jeans,5,27926,Jeans,0.9402668476104736,True
33538,Jeans,6,12765,Jeans,0.9398819804191589,True
33538,Jeans,7,43489,Jeans,0.9397600889205933,True
33538,Jeans,8,27902,Trousers,0.9396142959594727,False
33538,Jeans,9,32404,Trousers,0.9391422867774963,False
33538,Jeans,10,27005,Jeans,0.937909722328186,True
49711,Ties,1,58874,Ties,0.8250671625137329,True
49711,Ties,2,49700,Ties,0.8011053800582886,True
49711,Ties,3,49687,Ties,0.7984545826911926,True
49711,Ties,4,49710,Ties,0.7977287769317627,True
49711,Ties,5,58885,Ties,0.7913445234298706,True
49711,Ties,6,58916,Ties,0.7748407125473022,True
49711,Ties,7,58912,Ties,0.7723434567451477,True
49711,Ties,8,36365,Ties,0.7659904956817627,True
49711,Ties,9,58876,Ties,0.7590209245681763,True
49711,Ties,10,58913,Ties,0.7500412464141846,True
38540,Casual Shoes,1,31950,Sports Shoes,0.8631799221038818,False
38540,Casual Shoes,2,43354,Sports Shoes,0.8508896827697754,False
38540,Casual Shoes,3,13678,Sports Shoes,0.8437348008155823,False
38540,Casual Shoes,4,38538,Casual Shoes,0.8421838283538818,True
38540,Casual Shoes,5,6430,Casual Shoes,0.841066837310791,True
38540,Casual Shoes,6,42141,Sports Shoes,0.8408940434455872,False
38540,Casual Shoes,7,54534,Sports Shoes,0.8301370143890381,False
38540,Casual Shoes,8,43362,Sports Shoes,0.8283036351203918,False
38540,Casual Shoes,9,28650,Sports Shoes,0.827896237373352,False
38540,Casual Shoes,10,36232,Sports Shoes,0.8246209621429443,False
59745,Nightdress,1,59698,Camisoles,0.8896123170852661,False
59745,Nightdress,2,59746,Nightdress,0.8878822326660156,True
59745,Nightdress,3,6898,Skirts,0.8734052181243896,False
59745,Nightdress,4,45082,Nightdress,0.8693944215774536,True
59745,Nightdress,5,57151,Camisoles,0.8598055839538574,False
59745,Nightdress,6,59713,Nightdress,0.8592159748077393,True
59745,Nightdress,7,2484,Tshirts,0.8580652475357056,False
59745,Nightdress,8,52467,Camisoles,0.8496931195259094,False
59745,Nightdress,9,52376,Nightdress,0.8448690176010132,True
59745,Nightdress,10,59748,Nightdress,0.8434472680091858,True
38316,Handbags,1,19314,Backpacks,0.688152551651001,False
38316,Handbags,2,47131,Handbags,0.6726704239845276,True
38316,Handbags,3,47431,Backpacks,0.6709429025650024,False
38316,Handbags,4,33456,Handbags,0.6623952388763428,True
38316,Handbags,5,30185,Backpacks,0.6538211107254028,False
38316,Handbags,6,5314,Backpacks,0.6256318092346191,False
38316,Handbags,7,34766,Handbags,0.620395302772522,True
38316,Handbags,8,47294,Handbags,0.6187090277671814,True
38316,Handbags,9,20505,Handbags,0.6155864596366882,True
38316,Handbags,10,6563,Backpacks,0.6128978729248047,False
4237,Tshirts,1,4224,Tshirts,0.8197447657585144,True
4237,Tshirts,2,3982,Tshirts,0.7902415990829468,True
4237,Tshirts,3,6164,Tshirts,0.779499351978302,True
4237,Tshirts,4,4253,Tshirts,0.7605841755867004,True
4237,Tshirts,5,3980,Tshirts,0.7585818767547607,True
4237,Tshirts,6,3084,Tshirts,0.7544390559196472,True
4237,Tshirts,7,4228,Tshirts,0.7525215744972229,True
4237,Tshirts,8,4236,Tshirts,0.7497074604034424,True
4237,Tshirts,9,4244,Tshirts,0.7484220266342163,True
4237,Tshirts,10,4800,Tshirts,0.7482452988624573,True
23766,Sunglasses,1,23779,Sunglasses,0.7895816564559937,True
23766,Sunglasses,2,17592,Sunglasses,0.7835344672203064,True
23766,Sunglasses,3,58535,Sunglasses,0.7817904949188232,True
23766,Sunglasses,4,28298,Sunglasses,0.7788286209106445,True
23766,Sunglasses,5,23778,Sunglasses,0.7712409496307373,True
23766,Sunglasses,6,23760,Sunglasses,0.7695724964141846,True
23766,Sunglasses,7,23759,Sunglasses,0.7653552293777466,True
23766,Sunglasses,8,39996,Sunglasses,0.7639600038528442,True
23766,Sunglasses,9,28380,Sunglasses,0.7579976320266724,True
23766,Sunglasses,10,30681,Sunglasses,0.7548820972442627,True
25491,Sandals,1,35506,Sandals,0.719325840473175,True
25491,Sandals,2,47120,Sandals,0.7097423076629639,True
25491,Sandals,3,5608,Sandals,0.7022741436958313,True
25491,Sandals,4,32184,Flip Flops,0.7018239498138428,False
25491,Sandals,5,44448,Sandals,0.6983088850975037,True
25491,Sandals,6,35496,Sandals,0.6944183111190796,True
25491,Sandals,7,9212,Sandals,0.6925326585769653,True
25491,Sandals,8,3621,Flip Flops,0.6919736266136169,False
25491,Sandals,9,7985,Sandals,0.6903558373451233,True
25491,Sandals,10,15457,Sandals,0.6885144710540771,True
11234,Jeans,1,11243,Jeans,0.9591063261032104,True
11234,Jeans,2,11239,Jeans,0.9574469327926636,True
11234,Jeans,3,26996,Jeans,0.9546382427215576,True
11234,Jeans,4,27005,Jeans,0.9535609483718872,True
11234,Jeans,5,11242,Jeans,0.9480769634246826,True
11234,Jeans,6,27008,Jeans,0.9433252811431885,True
11234,Jeans,7,27006,Jeans,0.9420279860496521,True
11234,Jeans,8,13351,Jeans,0.9404014348983765,True
11234,Jeans,9,27908,Trousers,0.9363148212432861,False
11234,Jeans,10,11520,Jeans,0.9356645941734314,True
42138,Sports Shoes,1,42999,Sports Shoes,0.880796492099762,True
42138,Sports Shoes,2,14343,Sports Shoes,0.878839373588562,True
42138,Sports Shoes,3,25461,Sports Shoes,0.8642727136611938,True
42138,Sports Shoes,4,24213,Sports Shoes,0.8630165457725525,True
42138,Sports Shoes,5,26450,Sports Shoes,0.8519775867462158,True
42138,Sports Shoes,6,25478,Sports Shoes,0.850396990776062,True
42138,Sports Shoes,7,26448,Sports Shoes,0.8444870114326477,True
42138,Sports Shoes,8,26623,Sports Shoes,0.8442344665527344,True
42138,Sports Shoes,9,38665,Sports Shoes,0.8439339399337769,True
42138,Sports Shoes,10,25458,Sports Shoes,0.8404587507247925,True
48653,Earrings,1,59524,Earrings,0.9223779439926147,True
48653,Earrings,2,48636,Earrings,0.8566528558731079,True
48653,Earrings,3,48644,Earrings,0.7974787950515747,True
48653,Earrings,4,48686,Earrings,0.7943658232688904,True
48653,Earrings,5,48609,Earrings,0.7711746096611023,True
48653,Earrings,6,59529,Earrings,0.7145043015480042,True
48653,Earrings,7,48647,Earrings,0.7109638452529907,True
48653,Earrings,8,48592,Earrings,0.7101778984069824,True
48653,Earrings,9,59550,Earrings,0.6877517700195312,True
48653,Earrings,10,53106,Earrings,0.672934889793396,True
58899,Ties,1,58917,Ties,0.9597773551940918,True
58899,Ties,2,58898,Ties,0.9534164071083069,True
58899,Ties,3,50297,Ties,0.9491295218467712,True
58899,Ties,4,49720,Ties,0.9466075897216797,True
58899,Ties,5,49714,Ties,0.9439767599105835,True
58899,Ties,6,50288,Ties,0.9429060220718384,True
58899,Ties,7,49694,Ties,0.9357459545135498,True
58899,Ties,8,50290,Ties,0.9353907108306885,True
58899,Ties,9,50302,Ties,0.9350336194038391,True
58899,Ties,10,58897,Ties,0.9282963275909424,True
15258,Casual Shoes,1,35383,Casual Shoes,0.6918586492538452,True
15258,Casual Shoes,2,15269,Casual Shoes,0.6899086236953735,True
15258,Casual Shoes,3,3467,Casual Shoes,0.6833416223526001,True
15258,Casual Shoes,4,35382,Casual Shoes,0.6798730492591858,True
15258,Casual Shoes,5,42701,Flats,0.6794700622558594,False
15258,Casual Shoes,6,3506,Casual Shoes,0.6754652261734009,True
15258,Casual Shoes,7,15259,Casual Shoes,0.6688770055770874,True
15258,Casual Shoes,8,50161,Heels,0.6600937843322754,False
15258,Casual Shoes,9,8093,Sports Shoes,0.6500364542007446,False
15258,Casual Shoes,10,45784,Heels,0.6479034423828125,False
7617,Caps,1,18901,Caps,0.815048336982727,True
7617,Caps,2,40773,Caps,0.7942818999290466,True
7617,Caps,3,30591,Caps,0.7940270900726318,True
7617,Caps,4,29031,Caps,0.7909798622131348,True
7617,Caps,5,40772,Caps,0.7889297604560852,True
7617,Caps,6,25712,Caps,0.7775393724441528,True
7617,Caps,7,24216,Caps,0.7691647410392761,True
7617,Caps,8,49233,Caps,0.769158661365509,True
7617,Caps,9,41533,Caps,0.7680849432945251,True
7617,Caps,10,41508,Caps,0.7642762660980225,True
51587,Jeans,1,26989,Jeggings,0.9259943962097168,False
51587,Jeans,2,11318,Jeans,0.9233276844024658,True
51587,Jeans,3,51601,Jeans,0.9216322898864746,True
51587,Jeans,4,27917,Trousers,0.9206047654151917,False
51587,Jeans,5,44945,Trousers,0.9179263114929199,False
51587,Jeans,6,13351,Jeans,0.9166464805603027,True
51587,Jeans,7,32404,Trousers,0.9156366586685181,False
51587,Jeans,8,27005,Jeans,0.914652943611145,True
51587,Jeans,9,27908,Trousers,0.9143954515457153,False
51587,Jeans,10,30098,Jeans,0.9129258394241333,True
24712,Casual Shoes,1,11979,Casual Shoes,0.8256376385688782,True
24712,Casual Shoes,2,7729,Casual Shoes,0.8120183944702148,True
24712,Casual Shoes,3,43893,Casual Shoes,0.8087724447250366,True
24712,Casual Shoes,4,1920,Casual Shoes,0.799384355545044,True
24712,Casual Shoes,5,20889,Casual Shoes,0.7944386005401611,True
24712,Casual Shoes,6,4122,Casual Shoes,0.7937667965888977,True
24712,Casual Shoes,7,24668,Casual Shoes,0.7934871912002563,True
24712,Casual Shoes,8,44786,Casual Shoes,0.7851856350898743,True
24712,Casual Shoes,9,3649,Casual Shoes,0.783018946647644,True
24712,Casual Shoes,10,19309,Sports Shoes,0.7763498425483704,False
9913,Handbags,1,47129,Handbags,0.7074302434921265,True
9913,Handbags,2,8310,Handbags,0.6976811289787292,True
9913,Handbags,3,9005,Handbags,0.6960962414741516,True
9913,Handbags,4,50188,Handbags,0.6895368695259094,True
9913,Handbags,5,10773,Handbags,0.6882423758506775,True
9913,Handbags,6,20522,Handbags,0.6872894763946533,True
9913,Handbags,7,47692,Handbags,0.685955286026001,True
9913,Handbags,8,14888,Handbags,0.6817939877510071,True
9913,Handbags,9,43570,Handbags,0.6807289123535156,True
9913,Handbags,10,19946,Handbags,0.6799980998039246,True
48230,Sunglasses,1,30676,Sunglasses,0.9105144739151001,True
48230,Sunglasses,2,48214,Sunglasses,0.8645974397659302,True
48230,Sunglasses,3,40165,Sunglasses,0.8604724407196045,True
48230,Sunglasses,4,48216,Sunglasses,0.8584641218185425,True
48230,Sunglasses,5,48225,Sunglasses,0.8560032248497009,True
48230,Sunglasses,6,8653,Sunglasses,0.8507916927337646,True
48230,Sunglasses,7,48212,Sunglasses,0.8505129814147949,True
48230,Sunglasses,8,48215,Sunglasses,0.849748969078064,True
48230,Sunglasses,9,28297,Sunglasses,0.8468656539916992,True
48230,Sunglasses,10,28380,Sunglasses,0.8420389294624329,True
16876,Sunglasses,1,16861,Sunglasses,0.9395639896392822,True
16876,Sunglasses,2,28374,Sunglasses,0.9324019551277161,True
16876,Sunglasses,3,28356,Sunglasses,0.9323431253433228,True
16876,Sunglasses,4,16853,Sunglasses,0.9294738173484802,True
16876,Sunglasses,5,28302,Sunglasses,0.923414409160614,True
16876,Sunglasses,6,16936,Sunglasses,0.9224061965942383,True
16876,Sunglasses,7,17204,Sunglasses,0.919853150844574,True
16876,Sunglasses,8,16889,Sunglasses,0.9172773361206055,True
16876,Sunglasses,9,28360,Sunglasses,0.9169894456863403,True
16876,Sunglasses,10,16884,Sunglasses,0.9165170192718506,True
3620,Flip Flops,1,24115,Flip Flops,0.8427239656448364,True
3620,Flip Flops,2,12825,Flip Flops,0.806076169013977,True
3620,Flip Flops,3,3636,Flip Flops,0.8051896691322327,True
3620,Flip Flops,4,3618,Flip Flops,0.7992907166481018,True
3620,Flip Flops,5,10083,Flip Flops,0.7880411148071289,True
3620,Flip Flops,6,24107,Flip Flops,0.7778223752975464,True
3620,Flip Flops,7,24119,Flip Flops,0.7688062787055969,True
3620,Flip Flops,8,44619,Flip Flops,0.7649763226509094,True
3620,Flip Flops,9,24105,Flip Flops,0.7557478547096252,True
3620,Flip Flops,10,10157,Flip Flops,0.753650426864624,True
43613,Tshirts,1,28681,Tshirts,0.8887008428573608,True
43613,Tshirts,2,19391,Tshirts,0.8880607485771179,True
43613,Tshirts,3,31581,Tshirts,0.88451087474823,True
43613,Tshirts,4,5502,Tshirts,0.8828684687614441,True
43613,Tshirts,5,8282,Tshirts,0.8823484778404236,True
43613,Tshirts,6,9182,Tshirts,0.8815691471099854,True
43613,Tshirts,7,44830,Tshirts,0.8795285224914551,True
43613,Tshirts,8,7292,Tshirts,0.8787894248962402,True
43613,Tshirts,9,34341,Tshirts,0.8781346082687378,True
43613,Tshirts,10,28483,Tshirts,0.8756542205810547,True
33756,Tops,1,24921,Tops,0.9067552089691162,True
33756,Tops,2,2482,Tops,0.9029169678688049,True
33756,Tops,3,32597,Tops,0.9029029011726379,True
33756,Tops,4,33753,Tops,0.8894515037536621,True
33756,Tops,5,2555,Tops,0.8668373823165894,True
33756,Tops,6,26933,Tops,0.8666226267814636,True
33756,Tops,7,41400,Tshirts,0.8634610176086426,False
33756,Tops,8,57172,Tops,0.8602357506752014,True
33756,Tops,9,41779,Tops,0.8600572347640991,True
33756,Tops,10,19578,Tops,0.8555743098258972,True
13351,Jeans,1,26996,Jeans,0.95042884349823,True
13351,Jeans,2,27005,Jeans,0.9478514790534973,True
13351,Jeans,3,11242,Jeans,0.9477269649505615,True
13351,Jeans,4,27024,Jeans,0.9447945952415466,True
13351,Jeans,5,27926,Jeans,0.9418414235115051,True
13351,Jeans,6,11234,Jeans,0.940401554107666,True
13351,Jeans,7,11520,Jeans,0.9377511143684387,True
13351,Jeans,8,26999,Jeans,0.9370623230934143,True
13351,Jeans,9,27006,Jeans,0.9305434226989746,True
13351,Jeans,10,27908,Trousers,0.9299137592315674,False
25257,Handbags,1,25275,Handbags,0.892677903175354,True
25257,Handbags,2,25180,Handbags,0.8454188108444214,True
25257,Handbags,3,22005,Handbags,0.8451672196388245,True
25257,Handbags,4,10197,Handbags,0.828898549079895,True
25257,Handbags,5,48182,Handbags,0.8218427300453186,True
25257,Handbags,6,48181,Handbags,0.8186482191085815,True
25257,Handbags,7,48183,Handbags,0.808741569519043,True
25257,Handbags,8,57229,Handbags,0.8051596879959106,True
25257,Handbags,9,22006,Handbags,0.8033316135406494,True
25257,Handbags,10,27693,Handbags,0.7994665503501892,True
13735,Shirts,1,13741,Shirts,0.9689924716949463,True
13735,Shirts,2,13758,Shirts,0.9573246240615845,True
13735,Shirts,3,13746,Shirts,0.9151550531387329,True
13735,Shirts,4,13730,Shirts,0.9004098176956177,True
13735,Shirts,5,12233,Shirts,0.8961186408996582,True
13735,Shirts,6,26040,Shirts,0.8911679983139038,True
13735,Shirts,7,9623,Shirts,0.8910039663314819,True
13735,Shirts,8,8776,Shirts,0.8910039663314819,True
13735,Shirts,9,31029,Shirts,0.886695146560669,True
13735,Shirts,10,26057,Shirts,0.8866777420043945,True
1942,Tshirts,1,29053,Tshirts,0.8696284294128418,True
1942,Tshirts,2,44843,Tshirts,0.8660459518432617,True
1942,Tshirts,3,2980,Tshirts,0.8599603176116943,True
1942,Tshirts,4,18575,Tshirts,0.8563770055770874,True
1942,Tshirts,5,26711,Tshirts,0.8554273843765259,True
1942,Tshirts,6,2865,Tshirts,0.8511568307876587,True
1942,Tshirts,7,1616,Tshirts,0.8493428826332092,True
1942,Tshirts,8,3260,Tshirts,0.8456011414527893,True
1942,Tshirts,9,3879,Tshirts,0.843782365322113,True
1942,Tshirts,10,26710,Tshirts,0.841314435005188,True
26883,Tshirts,1,26942,Tshirts,0.8979192972183228,True
26883,Tshirts,2,26946,Tshirts,0.8703521490097046,True
26883,Tshirts,3,26952,Tops,0.862398087978363,False
26883,Tshirts,4,35271,Tops,0.8527968525886536,False
26883,Tshirts,5,26888,Tops,0.8520060777664185,False
26883,Tshirts,6,26949,Tshirts,0.8514024615287781,True
26883,Tshirts,7,36737,Tshirts,0.8499432802200317,True
26883,Tshirts,8,26947,Tshirts,0.8375954031944275,True
26883,Tshirts,9,20119,Tops,0.8361740112304688,False
26883,Tshirts,10,14585,Tops,0.8345293998718262,False
41529,Belts,1,29078,Belts,0.876994252204895,True
41529,Belts,2,47164,Belts,0.8678386807441711,True
41529,Belts,3,18803,Belts,0.8634178638458252,True
41529,Belts,4,32614,Belts,0.8489804863929749,True
41529,Belts,5,18829,Belts,0.8416885137557983,True
41529,Belts,6,14980,Belts,0.840283989906311,True
41529,Belts,7,37449,Belts,0.839737057685852,True
41529,Belts,8,48539,Belts,0.8392709493637085,True
41529,Belts,9,47158,Belts,0.8387900590896606,True
41529,Belts,10,41536,Belts,0.837088942527771,True
55915,Nail Polish,1,55931,Nail Polish,0.9984666109085083,True
55915,Nail Polish,2,55936,Nail Polish,0.9286830425262451,True
55915,Nail Polish,3,55948,Nail Polish,0.9073599576950073,True
55915,Nail Polish,4,55912,Nail Polish,0.901438295841217,True
55915,Nail Polish,5,55939,Nail Polish,0.8539950847625732,True
55915,Nail Polish,6,55913,Nail Polish,0.8505403399467468,True
55915,Nail Polish,7,55926,Nail Polish,0.8439424633979797,True
55915,Nail Polish,8,55925,Nail Polish,0.839979350566864,True
55915,Nail Polish,9,55911,Nail Polish,0.8228310346603394,True
55915,Nail Polish,10,55944,Nail Polish,0.8134075403213501,True
19033,Flats,1,37972,Flats,0.8059812784194946,True
19033,Flats,2,23799,Flats,0.799302875995636,True
19033,Flats,3,25017,Heels,0.7969854474067688,False
19033,Flats,4,25019,Casual Shoes,0.7791973948478699,False
19033,Flats,5,19032,Flats,0.7734514474868774,True
19033,Flats,6,17658,Heels,0.7567576766014099,False
19033,Flats,7,43887,Casual Shoes,0.7538782954216003,False
19033,Flats,8,56992,Flats,0.7517925500869751,True
19033,Flats,9,56993,Flats,0.7488309741020203,True
19033,Flats,10,17009,Flats,0.741192638874054,True
25857,Casual Shoes,1,28313,Casual Shoes,0.8623741865158081,True
25857,Casual Shoes,2,5679,Casual Shoes,0.8538457155227661,True
25857,Casual Shoes,3,5673,Casual Shoes,0.8293306827545166,True
25857,Casual Shoes,4,24717,Casual Shoes,0.8279740810394287,True
25857,Casual Shoes,5,34742,Casual Shoes,0.8277820348739624,True
25857,Casual Shoes,6,47199,Formal Shoes,0.82559734582901,False
25857,Casual Shoes,7,4183,Casual Shoes,0.823351263999939,True
25857,Casual Shoes,8,7389,Formal Shoes,0.821742832660675,False
25857,Casual Shoes,9,38534,Casual Shoes,0.820151150226593,True
25857,Casual Shoes,10,7250,Formal Shoes,0.8193092346191406,False
7880,Formal Shoes,1,7380,Formal Shoes,0.8915755748748779,True
7880,Formal Shoes,2,7866,Formal Shoes,0.870796263217926,True
7880,Formal Shoes,3,59161,Formal Shoes,0.8482196927070618,True
7880,Formal Shoes,4,57511,Casual Shoes,0.8436972498893738,False
7880,Formal Shoes,5,22129,Formal Shoes,0.8343987464904785,True
7880,Formal Shoes,6,59149,Formal Shoes,0.8342911005020142,True
7880,Formal Shoes,7,44419,Formal Shoes,0.8337395191192627,True
7880,Formal Shoes,8,5677,Casual Shoes,0.8329581022262573,False
7880,Formal Shoes,9,17765,Formal Shoes,0.8272402882575989,True
7880,Formal Shoes,10,2638,Formal Shoes,0.8221043348312378,True
21269,Backpacks,1,22673,Backpacks,0.647301971912384,True
21269,Backpacks,2,20935,Backpacks,0.6437337398529053,True
21269,Backpacks,3,39486,Backpacks,0.6066677570343018,True
21269,Backpacks,4,22662,Backpacks,0.6062200665473938,True
21269,Backpacks,5,30201,Backpacks,0.6006932258605957,True
21269,Backpacks,6,25873,Backpacks,0.5922961235046387,True
21269,Backpacks,7,21243,Backpacks,0.5921106934547424,True
21269,Backpacks,8,9440,Backpacks,0.5860599875450134,True
21269,Backpacks,9,58146,Backpacks,0.5860357284545898,True
21269,Backpacks,10,8352,Backpacks,0.5754464864730835,True
14713,Trousers,1,16382,Trousers,0.9390620589256287,True
14713,Trousers,2,26166,Trousers,0.9249337911605835,True
14713,Trousers,3,16379,Trousers,0.9247589111328125,True
14713,Trousers,4,26162,Trousers,0.9231698513031006,True
14713,Trousers,5,27182,Trousers,0.9229886531829834,True
14713,Trousers,6,27180,Trousers,0.9224569797515869,True
14713,Trousers,7,14285,Trousers,0.922441840171814,True
14713,Trousers,8,16376,Trousers,0.9216196537017822,True
14713,Trousers,9,26169,Trousers,0.9199656248092651,True
14713,Trousers,10,26150,Trousers,0.9198179244995117,True
13536,Sports Sandals,1,5609,Sports Sandals,0.8811374306678772,True
13536,Sports Sandals,2,29242,Sandals,0.8058761358261108,False
13536,Sports Sandals,3,20869,Sandals,0.8014935255050659,False
13536,Sports Sandals,4,9012,Sandals,0.7956763505935669,False
13536,Sports Sandals,5,3503,Sports Sandals,0.7911751866340637,True
13536,Sports Sandals,6,16971,Sandals,0.7795552015304565,False
13536,Sports Sandals,7,7985,Sandals,0.7750238180160522,False
13536,Sports Sandals,8,18601,Sandals,0.7735285758972168,False
13536,Sports Sandals,9,35720,Sandals,0.770959734916687,False
13536,Sports Sandals,10,18498,Sandals,0.7699840068817139,False
2353,Sports Shoes,1,8302,Sports Shoes,0.7672894597053528,True
2353,Sports Shoes,2,42028,Sports Shoes,0.7576721906661987,True
2353,Sports Shoes,3,10082,Sports Shoes,0.754848837852478,True
2353,Sports Shoes,4,6647,Sports Shoes,0.7473064661026001,True
2353,Sports Shoes,5,6639,Sports Shoes,0.7443932890892029,True
2353,Sports Shoes,6,32186,Sports Shoes,0.7325996160507202,True
2353,Sports Shoes,7,46086,Sports Shoes,0.7305006980895996,True
2353,Sports Shoes,8,3375,Sports Shoes,0.7275876998901367,True
2353,Sports Shoes,9,25459,Sports Shoes,0.7271881699562073,True
2353,Sports Shoes,10,35710,Sports Shoes,0.7246144413948059,True
23165,Tshirts,1,19996,Tshirts,0.9345176219940186,True
23165,Tshirts,2,34243,Tshirts,0.9321925640106201,True
23165,Tshirts,3,7980,Tshirts,0.930396318435669,True
23165,Tshirts,4,7645,Tshirts,0.9287971258163452,True
23165,Tshirts,5,19994,Tshirts,0.9275445342063904,True
23165,Tshirts,6,19628,Tshirts,0.9253640174865723,True
23165,Tshirts,7,26283,Tshirts,0.9250813126564026,True
23165,Tshirts,8,22479,Tshirts,0.925048828125,True
23165,Tshirts,9,26281,Tshirts,0.9236398339271545,True
23165,Tshirts,10,18633,Tshirts,0.9230614900588989,True
36073,Duffel Bag,1,36074,Duffel Bag,0.7723989486694336,True
36073,Duffel Bag,2,36040,Duffel Bag,0.7571521401405334,True
36073,Duffel Bag,3,36072,Duffel Bag,0.7467169761657715,True
36073,Duffel Bag,4,36075,Duffel Bag,0.7295785546302795,True
36073,Duffel Bag,5,36044,Duffel Bag,0.6806850433349609,True
36073,Duffel Bag,6,36039,Duffel Bag,0.6725825071334839,True
36073,Duffel Bag,7,36045,Duffel Bag,0.5996882915496826,True
36073,Duffel Bag,8,36042,Duffel Bag,0.5915910601615906,True
36073,Duffel Bag,9,36043,Duffel Bag,0.5829823017120361,True
36073,Duffel Bag,10,59048,Heels,0.5513207316398621,False
43020,Briefs,1,50628,Briefs,0.8943830132484436,True
43020,Briefs,2,18698,Briefs,0.8902314901351929,True
43020,Briefs,3,47517,Briefs,0.8867130875587463,True
43020,Briefs,4,47511,Briefs,0.8852426409721375,True
43020,Briefs,5,45637,Briefs,0.8851642608642578,True
43020,Briefs,6,45641,Briefs,0.8848669528961182,True
43020,Briefs,7,47262,Briefs,0.8830022811889648,True
43020,Briefs,8,42413,Briefs,0.8789032697677612,True
43020,Briefs,9,50625,Briefs,0.8777053356170654,True
43020,Briefs,10,45640,Briefs,0.8749991655349731,True
14747,Shirts,1,16338,Shirts,0.9345818161964417,True
14747,Shirts,2,39790,Shirts,0.9324964284896851,True
14747,Shirts,3,22399,Shirts,0.920512318611145,True
14747,Shirts,4,11162,Shirts,0.9171888828277588,True
14747,Shirts,5,11161,Shirts,0.9171888828277588,True
14747,Shirts,6,8191,Shirts,0.9115014672279358,True
14747,Shirts,7,43030,Shirts,0.9114432334899902,True
14747,Shirts,8,27553,Shirts,0.9114432334899902,True
14747,Shirts,9,12260,Shirts,0.9014735221862793,True
14747,Shirts,10,11146,Shirts,0.9003798961639404,True
34186,Tshirts,1,31143,Tshirts,1.000000238418579,True
34186,Tshirts,2,38288,Tops,0.8665136694908142,False
34186,Tshirts,3,38286,Tops,0.8613870143890381,False
34186,Tshirts,4,35878,Tshirts,0.8350410461425781,True
34186,Tshirts,5,4912,Tops,0.831369161605835,False
34186,Tshirts,6,48240,Tshirts,0.8261053562164307,True
34186,Tshirts,7,37608,Tshirts,0.8178942799568176,True
34186,Tshirts,8,4209,Tshirts,0.8164371252059937,True
34186,Tshirts,9,4913,Tops,0.8150532841682434,False
34186,Tshirts,10,4896,Tops,0.8129176497459412,False
54635,Watches,1,54634,Watches,0.8652936220169067,True
54635,Watches,2,54633,Watches,0.7493051290512085,True
54635,Watches,3,36774,Watches,0.698492169380188,True
54635,Watches,4,11199,Watches,0.6446971297264099,True
54635,Watches,5,54640,Watches,0.640301525592804,True
54635,Watches,6,25682,Watches,0.6371175050735474,True
54635,Watches,7,59235,Watches,0.6338768601417542,True
54635,Watches,8,11192,Watches,0.6287747025489807,True
54635,Watches,9,11636,Watches,0.6284990310668945,True
54635,Watches,10,11202,Watches,0.6262039542198181,True
39236,Tops,1,40394,Tops,0.8202263116836548,True
39236,Tops,2,40422,Tops,0.8126751184463501,True
39236,Tops,3,11753,Tops,0.8090620636940002,True
39236,Tops,4,7699,Tops,0.8046540021896362,True
39236,Tops,5,18752,Tops,0.8028706312179565,True
39236,Tops,6,6217,Tops,0.7994132041931152,True
39236,Tops,7,7207,Tops,0.799309492111206,True
39236,Tops,8,59884,Tops,0.7981981039047241,True
39236,Tops,9,39216,Tops,0.7975553274154663,True
39236,Tops,10,39717,Tops,0.7955073118209839,True
58691,Kurtas,1,58683,Kurtas,0.888033390045166,True
58691,Kurtas,2,58690,Kurtas,0.8722904920578003,True
58691,Kurtas,3,58692,Kurtas,0.8545876145362854,True
58691,Kurtas,4,33032,Kurtas,0.8317191004753113,True
58691,Kurtas,5,58658,Kurtas,0.8294128179550171,True
58691,Kurtas,6,58662,Kurtas,0.8255228400230408,True
58691,Kurtas,7,12137,Kurtas,0.8224719762802124,True
58691,Kurtas,8,36498,Kurtas,0.8219362497329712,True
58691,Kurtas,9,32235,Kurtas,0.8214895129203796,True
58691,Kurtas,10,35041,Kurtas,0.8193817138671875,True
28388,Sunglasses,1,49666,Sunglasses,0.9027188420295715,True
28388,Sunglasses,2,40012,Sunglasses,0.8962730765342712,True
28388,Sunglasses,3,28361,Sunglasses,0.8882130980491638,True
28388,Sunglasses,4,49167,Sunglasses,0.8714640140533447,True
28388,Sunglasses,5,28368,Sunglasses,0.8693675994873047,True
28388,Sunglasses,6,48217,Sunglasses,0.8685990571975708,True
28388,Sunglasses,7,40166,Sunglasses,0.8683475852012634,True
28388,Sunglasses,8,28386,Sunglasses,0.8679713606834412,True
28388,Sunglasses,9,48216,Sunglasses,0.865167498588562,True
28388,Sunglasses,10,28390,Sunglasses,0.8621068000793457,True
23304,Kurtas,1,22045,Kurtas,0.8328113555908203,True
23304,Kurtas,2,26370,Shirts,0.8212413191795349,False
23304,Kurtas,3,11370,Sweatshirts,0.8183289170265198,False
23304,Kurtas,4,8466,Tops,0.8161048889160156,False
23304,Kurtas,5,12536,Sweatshirts,0.8142354488372803,False
23304,Kurtas,6,27879,Tops,0.8122098445892334,False
23304,Kurtas,7,24362,Kurtas,0.811383843421936,True
23304,Kurtas,8,18750,Shirts,0.8077279329299927,False
23304,Kurtas,9,23140,Sweatshirts,0.8070520162582397,False
23304,Kurtas,10,21166,Tops,0.8050638437271118,False
32044,Socks,1,32040,Socks,0.812186062335968,True
32044,Socks,2,32043,Socks,0.8077605366706848,True
32044,Socks,3,29200,Socks,0.7970563173294067,True
32044,Socks,4,58639,Socks,0.790227472782135,True
32044,Socks,5,17302,Socks,0.7834954857826233,True
32044,Socks,6,58642,Socks,0.7790275812149048,True
32044,Socks,7,32036,Socks,0.7784520983695984,True
32044,Socks,8,30539,Socks,0.7751138210296631,True
32044,Socks,9,18358,Socks,0.7675217390060425,True
32044,Socks,10,29209,Socks,0.7616860866546631,True
24121,Casual Shoes,1,17959,Casual Shoes,0.7486405372619629,True
24121,Casual Shoes,2,44726,Flip Flops,0.7302314043045044,False
24121,Casual Shoes,3,26459,Casual Shoes,0.7192760705947876,True
24121,Casual Shoes,4,40780,Flip Flops,0.6976339817047119,False
24121,Casual Shoes,5,15710,Flip Flops,0.6960815787315369,False
24121,Casual Shoes,6,16982,Flip Flops,0.6887407302856445,False
24121,Casual Shoes,7,3576,Flats,0.674936830997467,False
24121,Casual Shoes,8,23794,Flip Flops,0.6714273691177368,False
24121,Casual Shoes,9,36443,Casual Shoes,0.6643261909484863,True
24121,Casual Shoes,10,53387,Casual Shoes,0.6573850512504578,True
16017,Scarves,1,16015,Scarves,0.8270663619041443,True
16017,Scarves,2,23466,Scarves,0.8119109272956848,True
16017,Scarves,3,23465,Scarves,0.7837671041488647,True
16017,Scarves,4,16013,Scarves,0.7828496694564819,True
16017,Scarves,5,23476,Scarves,0.7755841612815857,True
16017,Scarves,6,38309,Scarves,0.7569469213485718,True
16017,Scarves,7,23473,Scarves,0.732154369354248,True
16017,Scarves,8,16011,Scarves,0.7260812520980835,True
16017,Scarves,9,23479,Scarves,0.7250208258628845,True
16017,Scarves,10,23480,Scarves,0.71767657995224,True
29608,Shirts,1,31611,Shirts,1.0000001192092896,True
29608,Shirts,2,31649,Shirts,0.9066067337989807,True
29608,Shirts,3,29653,Shirts,0.9066067337989807,True
29608,Shirts,4,26107,Shirts,0.8974236845970154,True
29608,Shirts,5,29607,Shirts,0.8971173763275146,True
29608,Shirts,6,8848,Shirts,0.8938196301460266,True
29608,Shirts,7,11064,Shirts,0.8877540826797485,True
29608,Shirts,8,11063,Shirts,0.8877540826797485,True
29608,Shirts,9,9472,Shirts,0.8876298666000366,True
29608,Shirts,10,9471,Shirts,0.8876298666000366,True
23100,Accessory Gift Set,1,23117,Accessory Gift Set,0.9383594989776611,True
23100,Accessory Gift Set,2,23109,Accessory Gift Set,0.9320200681686401,True
23100,Accessory Gift Set,3,23110,Accessory Gift Set,0.8987335562705994,True
23100,Accessory Gift Set,4,23099,Accessory Gift Set,0.878763735294342,True
23100,Accessory Gift Set,5,23107,Accessory Gift Set,0.8724656105041504,True
23100,Accessory Gift Set,6,23108,Accessory Gift Set,0.8673654794692993,True
23100,Accessory Gift Set,7,23115,Accessory Gift Set,0.8668798208236694,True
23100,Accessory Gift Set,8,23114,Accessory Gift Set,0.8608176708221436,True
23100,Accessory Gift Set,9,23101,Accessory Gift Set,0.8568428754806519,True
23100,Accessory Gift Set,10,23118,Accessory Gift Set,0.8348431587219238,True
24741,Handbags,1,24625,Handbags,0.8392282128334045,True
24741,Handbags,2,21975,Handbags,0.8071373105049133,True
24741,Handbags,3,21976,Handbags,0.7900663018226624,True
24741,Handbags,4,5854,Handbags,0.7815214395523071,True
24741,Handbags,5,54506,Handbags,0.764458417892456,True
24741,Handbags,6,21974,Handbags,0.7639479637145996,True
24741,Handbags,7,22015,Handbags,0.7537537813186646,True
24741,Handbags,8,25219,Handbags,0.7416020631790161,True
24741,Handbags,9,21536,Handbags,0.7406526803970337,True
24741,Handbags,10,52661,Handbags,0.7371708750724792,True
54604,Briefs,1,28023,Briefs,0.8599407076835632,True
54604,Briefs,2,54189,Briefs,0.8407775163650513,True
54604,Briefs,3,28062,Briefs,0.8376185894012451,True
54604,Briefs,4,54611,Briefs,0.8367993235588074,True
54604,Briefs,5,28117,Briefs,0.8144339323043823,True
54604,Briefs,6,28017,Briefs,0.8101999163627625,True
54604,Briefs,7,27978,Briefs,0.8046786785125732,True
54604,Briefs,8,18394,Briefs,0.8036415576934814,True
54604,Briefs,9,28039,Briefs,0.8006594777107239,True
54604,Briefs,10,57025,Briefs,0.7930433750152588,True
36089,Caps,1,36083,Caps,0.8160198926925659,True
36089,Caps,2,29122,Caps,0.7646934390068054,True
36089,Caps,3,33774,Caps,0.753104031085968,True
36089,Caps,4,19885,Caps,0.751395046710968,True
36089,Caps,5,17529,Caps,0.7509986758232117,True
36089,Caps,6,36082,Caps,0.7439209818840027,True
36089,Caps,7,13161,Caps,0.7375118732452393,True
36089,Caps,8,36086,Caps,0.7271610498428345,True
36089,Caps,9,10785,Caps,0.7215364575386047,True
36089,Caps,10,30147,Caps,0.7185531854629517,True
29061,Tshirts,1,19000,Tshirts,0.8755418658256531,True
29061,Tshirts,2,19675,Tshirts,0.8606160879135132,True
29061,Tshirts,3,10070,Tshirts,0.8460420370101929,True
29061,Tshirts,4,26941,Tshirts,0.844489336013794,True
29061,Tshirts,5,14072,Tshirts,0.841430127620697,True
29061,Tshirts,6,16133,Tops,0.8378188014030457,False
29061,Tshirts,7,19017,Tshirts,0.837743878364563,True
29061,Tshirts,8,33566,Tshirts,0.837002158164978,True
29061,Tshirts,9,11664,Tshirts,0.8360521793365479,True
29061,Tshirts,10,21424,Tops,0.8338614106178284,False
49726,Ties,1,49727,Ties,0.8928626179695129,True
49726,Ties,2,58878,Ties,0.8788055777549744,True
49726,Ties,3,49751,Ties,0.8434730768203735,True
49726,Ties,4,49700,Ties,0.8412513732910156,True
49726,Ties,5,58876,Ties,0.8163852691650391,True
49726,Ties,6,58916,Ties,0.8096807599067688,True
49726,Ties,7,36361,Ties,0.8005505800247192,True
49726,Ties,8,40210,Ties,0.798599123954773,True
49726,Ties,9,36365,Ties,0.7813247442245483,True
49726,Ties,10,18780,Ties,0.7643622159957886,True
28711,Kurtas,1,19088,Kurtas,0.8360190391540527,True
28711,Kurtas,2,28755,Kurtas,0.8302630186080933,True
28711,Kurtas,3,32378,Dresses,0.8099125623703003,False
28711,Kurtas,4,27295,Kurtas,0.8040764331817627,True
28711,Kurtas,5,31697,Kurtas,0.8034428358078003,True
28711,Kurtas,6,23313,Kurtas,0.795573890209198,True
28711,Kurtas,7,11813,Kurtas,0.792766809463501,True
28711,Kurtas,8,47016,Kurtas,0.7916516065597534,True
28711,Kurtas,9,28715,Kurtas,0.7910295128822327,True
28711,Kurtas,10,28690,Kurtas,0.7890584468841553,True
42598,Shirts,1,33058,Shirts,0.8941937685012817,True
42598,Shirts,2,19721,Shirts,0.8901801109313965,True
42598,Shirts,3,13417,Shirts,0.888372540473938,True
42598,Shirts,4,25530,Shirts,0.8839719295501709,True
42598,Shirts,5,13942,Shirts,0.8765994906425476,True
42598,Shirts,6,36861,Shirts,0.8759385347366333,True
42598,Shirts,7,11424,Shirts,0.8732833862304688,True
42598,Shirts,8,12941,Shirts,0.8720647096633911,True
42598,Shirts,9,19731,Shirts,0.8695410490036011,True
42598,Shirts,10,11468,Shirts,0.867942214012146,True
28147,Innerwear Vests,1,27441,Tops,0.8053816556930542,False
28147,Innerwear Vests,2,28092,Innerwear Vests,0.8049522638320923,True
28147,Innerwear Vests,3,28150,Innerwear Vests,0.7870205640792847,True
28147,Innerwear Vests,4,50551,Innerwear Vests,0.7490251660346985,True
28147,Innerwear Vests,5,50435,Innerwear Vests,0.7245326042175293,True
28147,Innerwear Vests,6,28619,Tshirts,0.6872318387031555,False
28147,Innerwear Vests,7,28146,Innerwear Vests,0.6871317028999329,True
28147,Innerwear Vests,8,28152,Innerwear Vests,0.6831893920898438,True
28147,Innerwear Vests,9,40038,Socks,0.6719241142272949,False
28147,Innerwear Vests,10,58321,Socks,0.6658992767333984,False
9382,Casual Shoes,1,2963,Sports Shoes,0.8576111197471619,False
9382,Casual Shoes,2,25490,Casual Shoes,0.8491382598876953,True
9382,Casual Shoes,3,10095,Sports Shoes,0.843056857585907,False
9382,Casual Shoes,4,22715,Sports Shoes,0.8339815735816956,False
9382,Casual Shoes,5,13677,Sports Shoes,0.8303804397583008,False
9382,Casual Shoes,6,13906,Sports Shoes,0.8181726932525635,False
9382,Casual Shoes,7,9391,Sports Shoes,0.8181473612785339,False
9382,Casual Shoes,8,12717,Casual Shoes,0.8150174617767334,True
9382,Casual Shoes,9,4561,Sports Shoes,0.8062170743942261,False
9382,Casual Shoes,10,24423,Sports Shoes,0.803534984588623,False
8406,Shorts,1,9782,Shorts,0.9034970998764038,True
8406,Shorts,2,9510,Shorts,0.8650026321411133,True
8406,Shorts,3,9529,Shorts,0.8548923134803772,True
8406,Shorts,4,9099,Shorts,0.8428437113761902,True
8406,Shorts,5,21382,Shorts,0.8163022994995117,True
8406,Shorts,6,7687,Shorts,0.8134710788726807,True
8406,Shorts,7,49993,Lounge Shorts,0.8081251978874207,False
8406,Shorts,8,22798,Shorts,0.8069417476654053,True
8406,Shorts,9,32074,Boxers,0.8055071830749512,False
8406,Shorts,10,7432,Shorts,0.803284764289856,True
5917,Casual Shoes,1,5939,Casual Shoes,0.7630138397216797,True
5917,Casual Shoes,2,12992,Sports Shoes,0.747439444065094,False
5917,Casual Shoes,3,4657,Sports Shoes,0.7447770833969116,False
5917,Casual Shoes,4,5924,Casual Shoes,0.7412179708480835,True
5917,Casual Shoes,5,3455,Sports Shoes,0.7363485097885132,False
5917,Casual Shoes,6,13726,Casual Shoes,0.7332507967948914,True
5917,Casual Shoes,7,5920,Casual Shoes,0.7209039926528931,True
5917,Casual Shoes,8,13168,Sports Shoes,0.7157295346260071,False
5917,Casual Shoes,9,40315,Sports Shoes,0.714990496635437,False
5917,Casual Shoes,10,13648,Sports Shoes,0.7106255292892456,False
13759,Shirts,1,13769,Shirts,0.9331957697868347,True
13759,Shirts,2,12010,Shirts,0.9265217781066895,True
13759,Shirts,3,13731,Shirts,0.9262412190437317,True
13759,Shirts,4,12009,Shirts,0.9212853312492371,True
13759,Shirts,5,12253,Shirts,0.9201713800430298,True
13759,Shirts,6,26044,Shirts,0.9190918207168579,True
13759,Shirts,7,12230,Shirts,0.9189077615737915,True
13759,Shirts,8,29384,Shirts,0.9175264835357666,True
13759,Shirts,9,12011,Shirts,0.9168375134468079,True
13759,Shirts,10,14514,Shirts,0.9152258634567261,True
45118,Watches,1,45119,Watches,0.9103071689605713,True
45118,Watches,2,45129,Watches,0.898030161857605,True
45118,Watches,3,37293,Watches,0.8259080052375793,True
45118,Watches,4,31824,Watches,0.8209001421928406,True
45118,Watches,5,45035,Watches,0.8114408254623413,True
45118,Watches,6,37477,Watches,0.8078125715255737,True
45118,Watches,7,32350,Watches,0.7973480820655823,True
45118,Watches,8,25310,Watches,0.7969046235084534,True
45118,Watches,9,37298,Watches,0.795555830001831,True
45118,Watches,10,21666,Watches,0.7950483560562134,True
5109,Tops,1,44687,Dresses,0.8450154662132263,False
5109,Tops,2,10350,Tshirts,0.8283037543296814,False
5109,Tops,3,5141,Tshirts,0.8142634630203247,False
5109,Tops,4,3027,Tshirts,0.8124359846115112,False
5109,Tops,5,11037,Tops,0.8080841302871704,True
5109,Tops,6,24927,Tops,0.8073070049285889,True
5109,Tops,7,24557,Kurtas,0.8047708868980408,False
5109,Tops,8,7311,Tops,0.8044745326042175,True
5109,Tops,9,13935,Tshirts,0.804258406162262,False
5109,Tops,10,17850,Tops,0.8031636476516724,True
11448,Tops,1,11532,Tops,0.8570495843887329,True
11448,Tops,2,21591,Tshirts,0.8409749865531921,False
11448,Tops,3,19674,Tops,0.8373975157737732,True
11448,Tops,4,8453,Tops,0.8356283903121948,True
11448,Tops,5,11383,Tops,0.8348492383956909,True
11448,Tops,6,34413,Tshirts,0.8334304690361023,False
11448,Tops,7,11023,Tshirts,0.8324376940727234,False
11448,Tops,8,26359,Tops,0.8249104619026184,True
11448,Tops,9,35260,Tops,0.8235725164413452,True
11448,Tops,10,31587,Tshirts,0.8196773529052734,False
56975,Flats,1,17008,Flats,0.7906713485717773,True
56975,Flats,2,17046,Sandals,0.7891858816146851,False
56975,Flats,3,56403,Flats,0.7863565683364868,True
56975,Flats,4,30695,Flats,0.7836860418319702,True
56975,Flats,5,59144,Heels,0.7818690538406372,False
56975,Flats,6,47175,Sandals,0.7781130075454712,False
56975,Flats,7,39297,Sandals,0.7723206281661987,False
56975,Flats,8,5611,Sandals,0.7714826464653015,False
56975,Flats,9,39963,Sandals,0.7712666392326355,False
56975,Flats,10,6142,Sandals,0.768660306930542,False
33388,Wallets,1,37650,Wallets,0.716010570526123,True
33388,Wallets,2,47426,Wallets,0.7083377242088318,True
33388,Wallets,3,33451,Wallets,0.7042062282562256,True
33388,Wallets,4,27494,Briefs,0.6994661688804626,False
33388,Wallets,5,47406,Wallets,0.6876471042633057,True
33388,Wallets,6,50817,Wallets,0.6841234564781189,True
33388,Wallets,7,33397,Wallets,0.6795582175254822,True
33388,Wallets,8,47318,Clutches,0.6787611246109009,False
33388,Wallets,9,58243,Wallets,0.6782888770103455,True
33388,Wallets,10,36650,Wallets,0.6774765253067017,True
18969,Sweaters,1,19534,Sweaters,0.9295265078544617,True
18969,Sweaters,2,19515,Sweaters,0.9287892580032349,True
18969,Sweaters,3,19162,Tshirts,0.9120383262634277,False
18969,Sweaters,4,14082,Sweaters,0.9054690599441528,True
18969,Sweaters,5,11522,Sweaters,0.9025887846946716,True
18969,Sweaters,6,19999,Tshirts,0.9009950757026672,False
18969,Sweaters,7,19536,Sweaters,0.8994645476341248,True
18969,Sweaters,8,19953,Sweaters,0.8956880569458008,True
18969,Sweaters,9,19559,Tshirts,0.8908823728561401,False
18969,Sweaters,10,23071,Sweaters,0.8835436105728149,True
40483,Sports Shoes,1,36331,Casual Shoes,0.8563802242279053,False
40483,Sports Shoes,2,18418,Sports Shoes,0.8405044078826904,True
40483,Sports Shoes,3,7719,Sports Shoes,0.8367586135864258,True
40483,Sports Shoes,4,36137,Sports Shoes,0.833023190498352,True
40483,Sports Shoes,5,43354,Sports Shoes,0.8313138484954834,True
40483,Sports Shoes,6,10096,Sports Shoes,0.8296258449554443,True
40483,Sports Shoes,7,43345,Casual Shoes,0.8295175433158875,False
40483,Sports Shoes,8,10095,Sports Shoes,0.8263614177703857,True
40483,Sports Shoes,9,8911,Casual Shoes,0.8262584805488586,False
40483,Sports Shoes,10,35845,Casual Shoes,0.8243075013160706,False
34354,Tshirts,1,58349,Tshirts,0.8229427337646484,True
34354,Tshirts,2,4354,Tshirts,0.8180370926856995,True
34354,Tshirts,3,29018,Tshirts,0.8089329600334167,True
34354,Tshirts,4,15469,Tshirts,0.8075556755065918,True
34354,Tshirts,5,7867,Tshirts,0.7960953116416931,True
34354,Tshirts,6,46409,Tshirts,0.7872074246406555,True
34354,Tshirts,7,6203,Tshirts,0.7848953604698181,True
34354,Tshirts,8,37287,Tshirts,0.7843465209007263,True
34354,Tshirts,9,34363,Tshirts,0.7840099930763245,True
34354,Tshirts,10,47506,Innerwear Vests,0.7786156535148621,False
22231,Formal Shoes,1,35237,Casual Shoes,0.9124556183815002,False
22231,Formal Shoes,2,22139,Formal Shoes,0.9093301296234131,True
22231,Formal Shoes,3,22138,Formal Shoes,0.9018712043762207,True
22231,Formal Shoes,4,7397,Formal Shoes,0.8962616920471191,True
22231,Formal Shoes,5,9043,Formal Shoes,0.8948613405227661,True
22231,Formal Shoes,6,18871,Formal Shoes,0.8872057795524597,True
22231,Formal Shoes,7,23802,Formal Shoes,0.8868644833564758,True
22231,Formal Shoes,8,22154,Formal Shoes,0.8862937688827515,True
22231,Formal Shoes,9,22122,Formal Shoes,0.8846251964569092,True
22231,Formal Shoes,10,44939,Formal Shoes,0.883536696434021,True
10135,Watches,1,45114,Watches,0.7004998326301575,True
10135,Watches,2,11212,Free Gifts,0.6968804001808167,False
10135,Watches,3,10314,Watches,0.6873357892036438,True
10135,Watches,4,59236,Watches,0.6872068643569946,True
10135,Watches,5,40564,Watches,0.6761995553970337,True
10135,Watches,6,40512,Watches,0.6687877178192139,True
10135,Watches,7,37321,Watches,0.6603357791900635,True
10135,Watches,8,45934,Watches,0.6600431203842163,True
10135,Watches,9,40547,Watches,0.6569215059280396,True
10135,Watches,10,40511,Watches,0.6540568470954895,True
3651,Sports Shoes,1,34755,Casual Shoes,0.7755985856056213,False
3651,Sports Shoes,2,6677,Sports Shoes,0.7658633589744568,True
3651,Sports Shoes,3,26592,Sports Shoes,0.7508804798126221,True
3651,Sports Shoes,4,3677,Casual Shoes,0.7447869777679443,False
3651,Sports Shoes,5,18480,Casual Shoes,0.7418891191482544,False
3651,Sports Shoes,6,9213,Casual Shoes,0.7366543412208557,False
3651,Sports Shoes,7,3662,Sports Shoes,0.7242646217346191,True
3651,Sports Shoes,8,6440,Casual Shoes,0.7156853675842285,False
3651,Sports Shoes,9,6856,Sports Shoes,0.7139393091201782,True
3651,Sports Shoes,10,36222,Sports Shoes,0.7081931233406067,True
57898,Tops,1,52160,Tops,0.8518865704536438,True
57898,Tops,2,43517,Tops,0.7778528928756714,True
57898,Tops,3,34573,Tops,0.7676077485084534,True
57898,Tops,4,38814,Shirts,0.7624567747116089,False
57898,Tops,5,28776,Kurtis,0.7599543333053589,False
57898,Tops,6,12110,Kurtis,0.7587464451789856,False
57898,Tops,7,41769,Tops,0.7583876252174377,True
57898,Tops,8,57988,Dresses,0.7582525610923767,False
57898,Tops,9,32400,Tops,0.7531205415725708,True
57898,Tops,10,38866,Tops,0.7521166205406189,True
18704,Briefs,1,18693,Trunk,0.9233521223068237,False
18704,Briefs,2,20084,Briefs,0.9042366743087769,True
18704,Briefs,3,50535,Briefs,0.902837336063385,True
18704,Briefs,4,47267,Briefs,0.9023169875144958,True
18704,Briefs,5,25346,Briefs,0.8992666006088257,True
18704,Briefs,6,43013,Briefs,0.8970893025398254,True
18704,Briefs,7,45648,Briefs,0.8953448534011841,True
18704,Briefs,8,47273,Briefs,0.8944896459579468,True
18704,Briefs,9,18705,Briefs,0.8911612033843994,True
18704,Briefs,10,47274,Briefs,0.8906314373016357,True
43468,Night suits,1,36278,Night suits,0.8362560868263245,True
43468,Night suits,2,43460,Night suits,0.8284381628036499,True
43468,Night suits,3,43472,Night suits,0.8235014081001282,True
43468,Night suits,4,39242,Nightdress,0.8224588632583618,False
43468,Night suits,5,36284,Night suits,0.8202214241027832,True
43468,Night suits,6,55807,Night suits,0.8130044937133789,True
43468,Night suits,7,43469,Night suits,0.8004963994026184,True
43468,Night suits,8,36269,Night suits,0.7998876571655273,True
43468,Night suits,9,36274,Night suits,0.7987738847732544,True
43468,Night suits,10,55811,Night suits,0.7986826300621033,True
28733,Kurtas,1,24155,Kurtas,0.805237889289856,True
28733,Kurtas,2,19086,Kurtas,0.7999285459518433,True
28733,Kurtas,3,5882,Tshirts,0.7938095927238464,False
28733,Kurtas,4,28744,Kurtas,0.7865097522735596,True
28733,Kurtas,5,28757,Kurtas,0.7842377424240112,True
28733,Kurtas,6,28753,Kurtas,0.782568633556366,True
28733,Kurtas,7,24161,Kurtas,0.7775124907493591,True
28733,Kurtas,8,24383,Kurtas,0.772860050201416,True
28733,Kurtas,9,11591,Kurtas,0.771446943283081,True
28733,Kurtas,10,27265,Tops,0.7701277732849121,False
40689,Formal Shoes,1,56665,Casual Shoes,0.8654764294624329,False
40689,Formal Shoes,2,15507,Casual Shoes,0.862647294998169,False
40689,Formal Shoes,3,47201,Formal Shoes,0.8527777194976807,True
40689,Formal Shoes,4,24691,Casual Shoes,0.8452702760696411,False
40689,Formal Shoes,5,15053,Formal Shoes,0.8396565318107605,True
40689,Formal Shoes,6,2369,Casual Shoes,0.8332253694534302,False
40689,Formal Shoes,7,40688,Formal Shoes,0.8308593034744263,True
40689,Formal Shoes,8,47200,Formal Shoes,0.8298523426055908,True
40689,Formal Shoes,9,35231,Formal Shoes,0.8270156383514404,True
40689,Formal Shoes,10,20674,Casual Shoes,0.8257450461387634,False
22838,Casual Shoes,1,22837,Casual Shoes,0.8903926610946655,True
22838,Casual Shoes,2,39275,Casual Shoes,0.8229831457138062,True
22838,Casual Shoes,3,39249,Casual Shoes,0.8173567056655884,True
22838,Casual Shoes,4,39278,Casual Shoes,0.815198540687561,True
22838,Casual Shoes,5,22878,Casual Shoes,0.8133469820022583,True
22838,Casual Shoes,6,22851,Casual Shoes,0.8114314675331116,True
22838,Casual Shoes,7,39253,Casual Shoes,0.8097005486488342,True
22838,Casual Shoes,8,39270,Casual Shoes,0.805613100528717,True
22838,Casual Shoes,9,39303,Casual Shoes,0.8049149513244629,True
22838,Casual Shoes,10,39289,Casual Shoes,0.8036567568778992,True
14330,Sports Shoes,1,13907,Casual Shoes,0.8188421726226807,False
14330,Sports Shoes,2,8506,Sports Shoes,0.8120489120483398,True
14330,Sports Shoes,3,22735,Sports Shoes,0.792742133140564,True
14330,Sports Shoes,4,18905,Sports Shoes,0.7864333391189575,True
14330,Sports Shoes,5,22718,Sports Shoes,0.784409761428833,True
14330,Sports Shoes,6,15713,Sports Shoes,0.7839077115058899,True
14330,Sports Shoes,7,14562,Casual Shoes,0.7824687957763672,False
14330,Sports Shoes,8,4151,Sports Shoes,0.7795731425285339,True
14330,Sports Shoes,9,29561,Casual Shoes,0.7758256793022156,False
14330,Sports Shoes,10,15740,Sports Shoes,0.7753834128379822,True
46317,Watches,1,28431,Watches,0.876258373260498,True
46317,Watches,2,37506,Watches,0.8558743000030518,True
46317,Watches,3,32343,Watches,0.8277460336685181,True
46317,Watches,4,26344,Watches,0.8258194923400879,True
46317,Watches,5,29415,Watches,0.8215148448944092,True
46317,Watches,6,45170,Watches,0.8198426961898804,True
46317,Watches,7,53587,Watches,0.8133800029754639,True
46317,Watches,8,33637,Free Gifts,0.8073245882987976,False
46317,Watches,9,36797,Watches,0.8053019642829895,True
46317,Watches,10,29420,Watches,0.8037604689598083,True
38335,Tops,1,17800,Tshirts,0.8387736082077026,False
38335,Tops,2,35878,Tshirts,0.8318021893501282,False
38335,Tops,3,17803,Tshirts,0.8258203268051147,False
38335,Tops,4,36318,Tshirts,0.825729489326477,False
38335,Tops,5,17802,Tshirts,0.8180844187736511,False
38335,Tops,6,38282,Tshirts,0.8179301023483276,False
38335,Tops,7,10672,Tops,0.8163231611251831,True
38335,Tops,8,10662,Tshirts,0.8159160614013672,False
38335,Tops,9,40956,Tshirts,0.8078147768974304,False
38335,Tops,10,38985,Tshirts,0.8078147768974304,False
52148,Tshirts,1,52138,Tshirts,0.9679830074310303,True
52148,Tshirts,2,52144,Tshirts,0.8783053159713745,True
52148,Tshirts,3,52139,Tshirts,0.8725112676620483,True
52148,Tshirts,4,29161,Tshirts,0.8637966513633728,True
52148,Tshirts,5,32428,Tshirts,0.85089510679245,True
52148,Tshirts,6,52151,Tshirts,0.8474348187446594,True
52148,Tshirts,7,44877,Tshirts,0.8437049984931946,True
52148,Tshirts,8,52143,Tshirts,0.8430818319320679,True
52148,Tshirts,9,29784,Tshirts,0.8387904763221741,True
52148,Tshirts,10,52150,Tshirts,0.8360362648963928,True
28705,Kurtas,1,11619,Kurtis,0.8449777364730835,False
28705,Kurtas,2,19074,Kurtas,0.8310733437538147,True
28705,Kurtas,3,24927,Tops,0.8255152702331543,False
28705,Kurtas,4,57087,Skirts,0.8252201080322266,False
28705,Kurtas,5,52437,Nightdress,0.8251549005508423,False
28705,Kurtas,6,57151,Camisoles,0.8238881826400757,False
28705,Kurtas,7,6894,Tops,0.8220051527023315,False
28705,Kurtas,8,28702,Kurtas,0.8192598819732666,True
28705,Kurtas,9,6883,Tops,0.8137174248695374,False
28705,Kurtas,10,28734,Kurtas,0.8126757144927979,True
5904,Casual Shoes,1,9210,Sports Shoes,0.7809677124023438,False
5904,Casual Shoes,2,1842,Sports Shoes,0.7773614525794983,False
5904,Casual Shoes,3,42141,Sports Shoes,0.7756989598274231,False
5904,Casual Shoes,4,6642,Sports Shoes,0.7705453038215637,False
5904,Casual Shoes,5,38538,Casual Shoes,0.7671812772750854,True
5904,Casual Shoes,6,33823,Sports Shoes,0.7598664164543152,False
5904,Casual Shoes,7,4529,Sports Shoes,0.7597914934158325,False
5904,Casual Shoes,8,5897,Casual Shoes,0.754553496837616,True
5904,Casual Shoes,9,54525,Sports Shoes,0.7544042468070984,False
5904,Casual Shoes,10,38543,Casual Shoes,0.7537649869918823,True
41907,Fragrance Gift Set,1,41905,Fragrance Gift Set,0.8194739818572998,True
41907,Fragrance Gift Set,2,41906,Fragrance Gift Set,0.7855192422866821,True
41907,Fragrance Gift Set,3,41908,Fragrance Gift Set,0.7657368779182434,True
41907,Fragrance Gift Set,4,32543,Deodorant,0.7346256375312805,False
41907,Fragrance Gift Set,5,41904,Deodorant,0.6808643341064453,False
41907,Fragrance Gift Set,6,28224,Deodorant,0.6787008047103882,False
41907,Fragrance Gift Set,7,44151,Deodorant,0.643734335899353,False
41907,Fragrance Gift Set,8,44150,Deodorant,0.6331466436386108,False
41907,Fragrance Gift Set,9,32544,Perfume and Body Mist,0.6235046982765198,False
41907,Fragrance Gift Set,10,32546,Perfume and Body Mist,0.617454469203949,False
55194,Nail Polish,1,55175,Nail Polish,0.7820969820022583,True
55194,Nail Polish,2,55172,Nail Polish,0.7540081739425659,True
55194,Nail Polish,3,55186,Nail Polish,0.7038760185241699,True
55194,Nail Polish,4,46431,Watches,0.6937915682792664,False
55194,Nail Polish,5,26331,Watches,0.6785012483596802,False
55194,Nail Polish,6,55168,Nail Polish,0.6783755421638489,True
55194,Nail Polish,7,18471,Perfume and Body Mist,0.6569627523422241,False
55194,Nail Polish,8,55180,Nail Polish,0.6540559530258179,True
55194,Nail Polish,9,25610,Watches,0.6527491211891174,False
55194,Nail Polish,10,55177,Nail Polish,0.6445760130882263,True
6776,Tshirts,1,18858,Tshirts,0.8798389434814453,True
6776,Tshirts,2,12200,Tshirts,0.8735686540603638,True
6776,Tshirts,3,11728,Tshirts,0.8717005252838135,True
6776,Tshirts,4,29784,Tshirts,0.8687025308609009,True
6776,Tshirts,5,4090,Tshirts,0.868049144744873,True
6776,Tshirts,6,26295,Tshirts,0.8659552335739136,True
6776,Tshirts,7,19785,Tshirts,0.8648782968521118,True
6776,Tshirts,8,18630,Tshirts,0.861315131187439,True
6776,Tshirts,9,10357,Tshirts,0.8610606789588928,True
6776,Tshirts,10,16647,Tshirts,0.8597933053970337,True
19089,Kurtas,1,19065,Kurtas,0.82631516456604,True
19089,Kurtas,2,24359,Kurtas,0.8068381547927856,True
19089,Kurtas,3,8486,Dresses,0.8058202266693115,False
19089,Kurtas,4,45955,Tops,0.805626392364502,False
19089,Kurtas,5,19061,Kurtis,0.8055186867713928,False
19089,Kurtas,6,19092,Kurtas,0.8054090142250061,True
19089,Kurtas,7,33226,Dresses,0.804456353187561,False
19089,Kurtas,8,19086,Kurtas,0.8039278388023376,True
19089,Kurtas,9,24161,Kurtas,0.8032167553901672,True
19089,Kurtas,10,57197,Tunics,0.8025749921798706,False
27786,Wallets,1,36916,Wallets,0.8850595951080322,True
27786,Wallets,2,31188,Wallets,0.873460054397583,True
27786,Wallets,3,14963,Wallets,0.8716976046562195,True
27786,Wallets,4,25088,Wallets,0.8708103895187378,True
27786,Wallets,5,36918,Wallets,0.8652633428573608,True
27786,Wallets,6,18824,Wallets,0.860887885093689,True
27786,Wallets,7,21813,Wallets,0.8557349443435669,True
27786,Wallets,8,14967,Wallets,0.8523308038711548,True
27786,Wallets,9,37871,Wallets,0.851958155632019,True
27786,Wallets,10,14970,Wallets,0.8492727875709534,True
31273,Tshirts,1,31269,Tshirts,0.9556114673614502,True
31273,Tshirts,2,31282,Tshirts,0.9555515050888062,True
31273,Tshirts,3,31261,Tshirts,0.9466913342475891,True
31273,Tshirts,4,19424,Tshirts,0.9389982223510742,True
31273,Tshirts,5,5670,Tshirts,0.9276050925254822,True
31273,Tshirts,6,19244,Tshirts,0.9229896068572998,True
31273,Tshirts,7,13510,Tshirts,0.9215174913406372,True
31273,Tshirts,8,26488,Tshirts,0.9204014539718628,True
31273,Tshirts,9,16933,Tshirts,0.9134765863418579,True
31273,Tshirts,10,33589,Tshirts,0.913118839263916,True
2746,Tshirts,1,2744,Tops,0.6932874917984009,False
2746,Tshirts,2,2738,Tshirts,0.68382728099823,True
2746,Tshirts,3,38562,Shorts,0.6404064893722534,False
2746,Tshirts,4,4927,Tops,0.6310238242149353,False
2746,Tshirts,5,2740,Tops,0.6290048360824585,False
2746,Tshirts,6,4964,Tshirts,0.6242988705635071,True
2746,Tshirts,7,4963,Tshirts,0.6242717504501343,True
2746,Tshirts,8,5450,Shorts,0.6231693029403687,False
2746,Tshirts,9,30899,Lounge Pants,0.6228731274604797,False
2746,Tshirts,10,2714,Tshirts,0.6212348937988281,True
28968,Kurta Sets,1,28991,Kurta Sets,0.7004582285881042,True
28968,Kurta Sets,2,25594,Kurta Sets,0.6615666151046753,True
28968,Kurta Sets,3,28982,Kurta Sets,0.6507005095481873,True
28968,Kurta Sets,4,35008,Stoles,0.6325210332870483,False
28968,Kurta Sets,5,31869,Dupatta,0.6213904023170471,False
28968,Kurta Sets,6,31874,Dupatta,0.6188213229179382,False
28968,Kurta Sets,7,28987,Kurta Sets,0.617739200592041,True
28968,Kurta Sets,8,28981,Kurta Sets,0.6134916543960571,True
28968,Kurta Sets,9,28972,Kurta Sets,0.6097363829612732,True
28968,Kurta Sets,10,34301,Dupatta,0.6071280241012573,False
16032,Shirts,1,16030,Shirts,0.9527264833450317,True
16032,Shirts,2,8182,Shirts,0.9308664798736572,True
16032,Shirts,3,14661,Shirts,0.9157826900482178,True
16032,Shirts,4,24565,Shirts,0.9155992865562439,True
16032,Shirts,5,20175,Shirts,0.9149529337882996,True
16032,Shirts,6,20171,Shirts,0.9118817448616028,True
16032,Shirts,7,15981,Shirts,0.9110857248306274,True
16032,Shirts,8,20172,Shirts,0.9094856381416321,True
16032,Shirts,9,13412,Shirts,0.9091846942901611,True
16032,Shirts,10,16482,Shirts,0.9058264493942261,True
41331,Dupatta,1,51983,Nightdress,0.7140246629714966,False
41331,Dupatta,2,48466,Dresses,0.7116016149520874,False
41331,Dupatta,3,6874,Dresses,0.6712253093719482,False
41331,Dupatta,4,7429,Kurtas,0.6557451486587524,False
41331,Dupatta,5,32570,Tops,0.6428155899047852,False
41331,Dupatta,6,41330,Dupatta,0.6419267058372498,True
41331,Dupatta,7,52459,Nightdress,0.6417472958564758,False
41331,Dupatta,8,5765,Tops,0.6413720846176147,False
41331,Dupatta,9,3961,Tshirts,0.6393756866455078,False
41331,Dupatta,10,39227,Dresses,0.6376042366027832,False
22663,Backpacks,1,19909,Backpacks,0.8548548221588135,True
22663,Backpacks,2,22664,Backpacks,0.8429380655288696,True
22663,Backpacks,3,35189,Backpacks,0.8240609169006348,True
22663,Backpacks,4,37700,Backpacks,0.8002438545227051,True
22663,Backpacks,5,7084,Backpacks,0.7974841594696045,True
22663,Backpacks,6,17983,Backpacks,0.7945957183837891,True
22663,Backpacks,7,35184,Backpacks,0.7883882522583008,True
22663,Backpacks,8,24328,Backpacks,0.7876536846160889,True
22663,Backpacks,9,36512,Backpacks,0.7855175733566284,True
22663,Backpacks,10,34465,Backpacks,0.782828688621521,True
39019,Watches,1,39027,Watches,0.903285562992096,True
39019,Watches,2,39021,Watches,0.8728137612342834,True
39019,Watches,3,41031,Watches,0.8370875120162964,True
39019,Watches,4,23276,Watches,0.835390567779541,True
39019,Watches,5,39020,Watches,0.8255037665367126,True
39019,Watches,6,48035,Watches,0.8247147798538208,True
39019,Watches,7,29480,Watches,0.8187793493270874,True
39019,Watches,8,38042,Watches,0.8128154873847961,True
39019,Watches,9,45046,Watches,0.8108443021774292,True
39019,Watches,10,37473,Watches,0.8072071671485901,True
56140,Eyeshadow,1,56141,Eyeshadow,0.8667761087417603,True
56140,Eyeshadow,2,56139,Eyeshadow,0.8183805346488953,True
56140,Eyeshadow,3,56138,Eyeshadow,0.806312620639801,True
56140,Eyeshadow,4,56193,Highlighter and Blush,0.7906352877616882,False
56140,Eyeshadow,5,56196,Highlighter and Blush,0.7789586782455444,False
56140,Eyeshadow,6,56137,Eyeshadow,0.772722065448761,True
56140,Eyeshadow,7,56136,Eyeshadow,0.766698956489563,True
56140,Eyeshadow,8,56429,Eyeshadow,0.7573486566543579,True
56140,Eyeshadow,9,56135,Eyeshadow,0.7354831695556641,True
56140,Eyeshadow,10,56195,Highlighter and Blush,0.7257471680641174,False
53056,Sarees,1,52983,Sarees,0.7987610101699829,True
53056,Sarees,2,53047,Sarees,0.7698605060577393,True
53056,Sarees,3,59608,Sarees,0.7666266560554504,True
53056,Sarees,4,59658,Sarees,0.7520110607147217,True
53056,Sarees,5,53032,Sarees,0.7457030415534973,True
53056,Sarees,6,59652,Sarees,0.7424810528755188,True
53056,Sarees,7,59667,Sarees,0.7411490678787231,True
53056,Sarees,8,52976,Sarees,0.725758969783783,True
53056,Sarees,9,57952,Sarees,0.7256395220756531,True
53056,Sarees,10,52890,Sarees,0.7249740958213806,True
19678,Tops,1,7194,Tops,0.8580960631370544,True
19678,Tops,2,19675,Tshirts,0.8447287082672119,False
19678,Tops,3,16147,Tops,0.8446741104125977,True
19678,Tops,4,5154,Tshirts,0.8376950025558472,False
19678,Tops,5,34439,Tshirts,0.8354554176330566,False
19678,Tops,6,16134,Tops,0.8293351531028748,True
19678,Tops,7,3066,Tshirts,0.8279691338539124,False
19678,Tops,8,19676,Tops,0.8279385566711426,True
19678,Tops,9,12496,Tshirts,0.8278898000717163,False
19678,Tops,10,9929,Tshirts,0.827653706073761,False
21274,Sunglasses,1,21275,Sunglasses,0.9233148694038391,True
21274,Sunglasses,2,8690,Sunglasses,0.9046193361282349,True
21274,Sunglasses,3,21273,Sunglasses,0.8893728256225586,True
21274,Sunglasses,4,16090,Sunglasses,0.8833154439926147,True
21274,Sunglasses,5,21320,Sunglasses,0.8803037405014038,True
21274,Sunglasses,6,17204,Sunglasses,0.8793575763702393,True
21274,Sunglasses,7,38179,Sunglasses,0.8790847659111023,True
21274,Sunglasses,8,28294,Sunglasses,0.8757003545761108,True
21274,Sunglasses,9,16886,Sunglasses,0.8725827932357788,True
21274,Sunglasses,10,21277,Sunglasses,0.8719585537910461,True
3065,Tshirts,1,3207,Tshirts,0.8884798288345337,True
3065,Tshirts,2,7277,Tshirts,0.8713950514793396,True
3065,Tshirts,3,3101,Tshirts,0.8705786466598511,True
3065,Tshirts,4,16629,Tshirts,0.8660256862640381,True
3065,Tshirts,5,12577,Tshirts,0.8637673854827881,True
3065,Tshirts,6,3110,Tshirts,0.8633474111557007,True
3065,Tshirts,7,21443,Tshirts,0.8587920069694519,True
3065,Tshirts,8,30325,Tshirts,0.8574988842010498,True
3065,Tshirts,9,57427,Tshirts,0.8572413325309753,True
3065,Tshirts,10,7660,Tshirts,0.856087863445282,True
43290,Handbags,1,43289,Handbags,0.8519835472106934,True
43290,Handbags,2,43288,Handbags,0.8234710097312927,True
43290,Handbags,3,54505,Handbags,0.8004699945449829,True
43290,Handbags,4,44250,Handbags,0.7893539667129517,True
43290,Handbags,5,26220,Handbags,0.7866830825805664,True
43290,Handbags,6,18163,Handbags,0.7807781100273132,True
43290,Handbags,7,47382,Handbags,0.7805149555206299,True
43290,Handbags,8,20933,Handbags,0.774185061454773,True
43290,Handbags,9,47298,Handbags,0.7696027159690857,True
43290,Handbags,10,36995,Handbags,0.7683686017990112,True
32238,Kurtas,1,32234,Kurtas,0.7996377944946289,True
32238,Kurtas,2,32239,Kurtas,0.7900290489196777,True
32238,Kurtas,3,32215,Kurtas,0.7879046201705933,True
32238,Kurtas,4,36818,Kurtas,0.7867555022239685,True
32238,Kurtas,5,30850,Kurtas,0.7794917225837708,True
32238,Kurtas,6,12104,Kurtis,0.7719078063964844,False
32238,Kurtas,7,50345,Kurtas,0.7697560787200928,True
32238,Kurtas,8,23328,Kurtas,0.7614133954048157,True
32238,Kurtas,9,20108,Kurtas,0.7605403065681458,True
32238,Kurtas,10,42655,Kurtas,0.7591352462768555,True
56917,Heels,1,13476,Flats,0.7725335955619812,False
56917,Heels,2,13042,Flats,0.7536860704421997,False
56917,Heels,3,15545,Heels,0.752422571182251,True
56917,Heels,4,15074,Sandals,0.7522496581077576,False
56917,Heels,5,55631,Heels,0.743804395198822,True
56917,Heels,6,56916,Heels,0.7421029806137085,True
56917,Heels,7,44933,Sandals,0.741157054901123,False
56917,Heels,8,56406,Flats,0.739697277545929,False
56917,Heels,9,53138,Heels,0.7396248579025269,True
56917,Heels,10,13134,Sandals,0.7391009330749512,False
38968,Rucksacks,1,22675,Backpacks,0.751947820186615,False
38968,Rucksacks,2,38964,Rucksacks,0.7481221556663513,True
38968,Rucksacks,3,38963,Rucksacks,0.7434198260307312,True
38968,Rucksacks,4,51318,Backpacks,0.7325561046600342,False
38968,Rucksacks,5,19913,Rucksacks,0.719377875328064,True
38968,Rucksacks,6,4594,Rucksacks,0.7166752815246582,True
38968,Rucksacks,7,13493,Rucksacks,0.703943133354187,True
38968,Rucksacks,8,4602,Backpacks,0.6971372961997986,False
38968,Rucksacks,9,38962,Rucksacks,0.6759158372879028,True
38968,Rucksacks,10,51317,Backpacks,0.6728246212005615,False
5395,Sports Shoes,1,22237,Casual Shoes,0.684759795665741,False
5395,Sports Shoes,2,12883,Casual Shoes,0.6837166547775269,False
5395,Sports Shoes,3,5396,Sports Shoes,0.6833949089050293,True
5395,Sports Shoes,4,12960,Sports Shoes,0.6732237339019775,True
5395,Sports Shoes,5,18494,Sports Shoes,0.656216025352478,True
5395,Sports Shoes,6,18567,Sports Shoes,0.6554908156394958,True
5395,Sports Shoes,7,3692,Sports Shoes,0.6549912095069885,True
5395,Sports Shoes,8,2501,Casual Shoes,0.6537538766860962,False
5395,Sports Shoes,9,40312,Sandals,0.6519253849983215,False
5395,Sports Shoes,10,22253,Casual Shoes,0.6489394903182983,False
45160,Watches,1,53622,Watches,0.8170455694198608,True
45160,Watches,2,36772,Watches,0.7817162871360779,True
45160,Watches,3,8117,Watches,0.780489444732666,True
45160,Watches,4,54623,Watches,0.7727512121200562,True
45160,Watches,5,23514,Watches,0.7683073282241821,True
45160,Watches,6,45235,Watches,0.7641140222549438,True
45160,Watches,7,33876,Watches,0.7639076113700867,True
45160,Watches,8,45159,Watches,0.7610135078430176,True
45160,Watches,9,46494,Watches,0.759489893913269,True
45160,Watches,10,37301,Watches,0.7578175663948059,True
30557,Sunglasses,1,30558,Sunglasses,0.9296413064002991,True
30557,Sunglasses,2,28289,Sunglasses,0.925776481628418,True
30557,Sunglasses,3,30565,Sunglasses,0.9207018613815308,True
30557,Sunglasses,4,48217,Sunglasses,0.9200465679168701,True
30557,Sunglasses,5,30676,Sunglasses,0.9119831919670105,True
30557,Sunglasses,6,30682,Sunglasses,0.9071413278579712,True
30557,Sunglasses,7,48215,Sunglasses,0.8985443115234375,True
30557,Sunglasses,8,48216,Sunglasses,0.8914623260498047,True
30557,Sunglasses,9,38239,Sunglasses,0.8831352591514587,True
30557,Sunglasses,10,48214,Sunglasses,0.881503701210022,True
55796,Night suits,1,55795,Night suits,0.7659313678741455,True
55796,Night suits,2,43461,Night suits,0.7612276077270508,True
55796,Night suits,3,55802,Night suits,0.7490873336791992,True
55796,Night suits,4,36287,Night suits,0.7434937953948975,True
55796,Night suits,5,39220,Dresses,0.7253410220146179,False
55796,Night suits,6,36274,Night suits,0.7245811223983765,True
55796,Night suits,7,56221,Night suits,0.7220473289489746,True
55796,Night suits,8,55825,Nightdress,0.7199095487594604,False
55796,Night suits,9,36278,Night suits,0.7147401571273804,True
55796,Night suits,10,36288,Night suits,0.7128177881240845,True
11620,Kurtas,1,11649,Kurtas,0.8639857769012451,True
11620,Kurtas,2,24888,Tshirts,0.8405693769454956,False
11620,Kurtas,3,20099,Kurtas,0.8397414684295654,True
11620,Kurtas,4,11615,Kurtas,0.8358354568481445,True
11620,Kurtas,5,52367,Nightdress,0.8158891797065735,False
11620,Kurtas,6,11569,Kurtas,0.8110650181770325,True
11620,Kurtas,7,42229,Tunics,0.8087815642356873,False
11620,Kurtas,8,12777,Kurtas,0.8067558407783508,True
11620,Kurtas,9,28942,Kurtas,0.7988425493240356,True
11620,Kurtas,10,58669,Kurtas,0.7972390651702881,True
33570,Tshirts,1,39397,Tshirts,0.8822978138923645,True
33570,Tshirts,2,10834,Tshirts,0.8681570291519165,True
33570,Tshirts,3,58726,Tshirts,0.8641629815101624,True
33570,Tshirts,4,16552,Tshirts,0.8542910814285278,True
33570,Tshirts,5,10470,Tshirts,0.8541930913925171,True
33570,Tshirts,6,28855,Tshirts,0.8499739170074463,True
33570,Tshirts,7,44897,Tshirts,0.8499441146850586,True
33570,Tshirts,8,37722,Shirts,0.8470245599746704,False
33570,Tshirts,9,34221,Tshirts,0.8407444953918457,True
33570,Tshirts,10,31249,Tshirts,0.8398650884628296,True
21628,Bra,1,27474,Bra,0.8460381031036377,True
21628,Bra,2,21618,Bra,0.8242239952087402,True
21628,Bra,3,27473,Bra,0.8168495297431946,True
21628,Bra,4,21611,Bra,0.8140839338302612,True
21628,Bra,5,27478,Bra,0.8122910857200623,True
21628,Bra,6,21662,Bra,0.8107606172561646,True
21628,Bra,7,30509,Bra,0.80940842628479,True
21628,Bra,8,30488,Bra,0.8056581616401672,True
21628,Bra,9,21654,Bra,0.797284722328186,True
21628,Bra,10,21629,Bra,0.7961723804473877,True
22891,Sandals,1,22888,Sandals,0.8433717489242554,True
22891,Sandals,2,7371,Sandals,0.8105947971343994,True
22891,Sandals,3,35587,Sandals,0.8055854439735413,True
22891,Sandals,4,50776,Sandals,0.8005297183990479,True
22891,Sandals,5,10293,Sandals,0.7966986894607544,True
22891,Sandals,6,39817,Sandals,0.7892221212387085,True
22891,Sandals,7,20837,Sandals,0.7829973697662354,True
22891,Sandals,8,11947,Sandals,0.7768786549568176,True
22891,Sandals,9,18555,Heels,0.7761879563331604,False
22891,Sandals,10,44441,Sandals,0.7756943702697754,True
2947,Tops,1,2956,Tops,0.9170958399772644,True
2947,Tops,2,24951,Tshirts,0.8792307376861572,False
2947,Tops,3,19616,Tops,0.8669121265411377,True
2947,Tops,4,24924,Tops,0.863541305065155,True
2947,Tops,5,37185,Tops,0.8601094484329224,True
2947,Tops,6,29145,Tops,0.838302731513977,True
2947,Tops,7,1765,Tshirts,0.833084762096405,False
2947,Tops,8,26905,Tops,0.8320086002349854,True
2947,Tops,9,2485,Tshirts,0.8317840695381165,False
2947,Tops,10,32595,Tops,0.8300411701202393,True
16862,Sunglasses,1,38172,Sunglasses,0.9479016661643982,True
16862,Sunglasses,2,23734,Sunglasses,0.9453985095024109,True
16862,Sunglasses,3,50233,Sunglasses,0.9328027367591858,True
16862,Sunglasses,4,29887,Sunglasses,0.9284771680831909,True
16862,Sunglasses,5,16866,Sunglasses,0.9278767108917236,True
16862,Sunglasses,6,17332,Sunglasses,0.9271328449249268,True
16862,Sunglasses,7,17314,Sunglasses,0.9267382621765137,True
16862,Sunglasses,8,29891,Sunglasses,0.9247991442680359,True
16862,Sunglasses,9,29132,Sunglasses,0.9237836003303528,True
16862,Sunglasses,10,28400,Sunglasses,0.9230819940567017,True
40272,Tshirts,1,13421,Tshirts,0.8868737816810608,True
40272,Tshirts,2,14290,Tshirts,0.8704797029495239,True
40272,Tshirts,3,40266,Tshirts,0.8548508286476135,True
40272,Tshirts,4,39064,Tshirts,0.8540866374969482,True
40272,Tshirts,5,10877,Tshirts,0.8534685969352722,True
40272,Tshirts,6,16009,Tshirts,0.8502954840660095,True
40272,Tshirts,7,16413,Tshirts,0.8452606797218323,True
40272,Tshirts,8,19796,Tshirts,0.8440515995025635,True
40272,Tshirts,9,10571,Tshirts,0.8433724045753479,True
40272,Tshirts,10,33583,Tshirts,0.8389040231704712,True
53457,Heels,1,53458,Heels,0.8262631893157959,True
53457,Heels,2,44465,Heels,0.8130443692207336,True
53457,Heels,3,49602,Heels,0.7776699066162109,True
53457,Heels,4,59142,Heels,0.7744384407997131,True
53457,Heels,5,35341,Heels,0.7733432054519653,True
53457,Heels,6,13542,Flats,0.7685058116912842,False
53457,Heels,7,47575,Heels,0.7648869156837463,True
53457,Heels,8,14478,Heels,0.7621556520462036,True
53457,Heels,9,50776,Sandals,0.7547789216041565,False
53457,Heels,10,44463,Flats,0.7531436681747437,False
32236,Kurtas,1,32263,Tunics,0.8483362197875977,False
32236,Kurtas,2,37943,Tunics,0.8373377323150635,False
32236,Kurtas,3,32207,Kurtas,0.8299602270126343,True
32236,Kurtas,4,24368,Kurtas,0.8243272304534912,True
32236,Kurtas,5,32217,Kurtas,0.8241996765136719,True
32236,Kurtas,6,33975,Tops,0.8203446865081787,False
32236,Kurtas,7,36240,Tops,0.8187223076820374,False
32236,Kurtas,8,22052,Kurtas,0.818710446357727,True
32236,Kurtas,9,27285,Kurtas,0.8173368573188782,True
32236,Kurtas,10,27284,Kurtas,0.8123186826705933,True
50828,Wallets,1,18817,Wallets,0.9139081239700317,True
50828,Wallets,2,52797,Wallets,0.892901599407196,True
50828,Wallets,3,21805,Wallets,0.8901113867759705,True
50828,Wallets,4,52802,Wallets,0.8896687030792236,True
50828,Wallets,5,38304,Wallets,0.8858605623245239,True
50828,Wallets,6,52798,Wallets,0.8808295726776123,True
50828,Wallets,7,15942,Wallets,0.8800878524780273,True
50828,Wallets,8,14843,Wallets,0.8792645931243896,True
50828,Wallets,9,36922,Wallets,0.8753511905670166,True
50828,Wallets,10,14841,Wallets,0.8725781440734863,True
11616,Kurtas,1,11547,Kurtas,0.8237383365631104,True
11616,Kurtas,2,45739,Kurtas,0.8198015093803406,True
11616,Kurtas,3,30877,Kurtas,0.8140143752098083,True
11616,Kurtas,4,24356,Kurtas,0.8088752031326294,True
11616,Kurtas,5,24359,Kurtas,0.8085815906524658,True
11616,Kurtas,6,24159,Kurtas,0.8080760836601257,True
11616,Kurtas,7,28757,Kurtas,0.8051386475563049,True
11616,Kurtas,8,7424,Kurtas,0.8017175197601318,True
11616,Kurtas,9,19092,Kurtas,0.7969627380371094,True
11616,Kurtas,10,24358,Kurtas,0.7946727871894836,True
32209,Kurtas,1,32234,Kurtas,0.8250094652175903,True
32209,Kurtas,2,28723,Kurtas,0.8240651488304138,True
32209,Kurtas,3,23328,Kurtas,0.8236771821975708,True
32209,Kurtas,4,32229,Kurtas,0.8154833316802979,True
32209,Kurtas,5,20108,Kurtas,0.8154759407043457,True
32209,Kurtas,6,35040,Kurtas,0.8152603507041931,True
32209,Kurtas,7,32239,Kurtas,0.8107081651687622,True
32209,Kurtas,8,24390,Kurtas,0.8103649616241455,True
32209,Kurtas,9,35052,Kurtis,0.8020391464233398,False
32209,Kurtas,10,33035,Kurtas,0.8011684417724609,True
58246,Wallets,1,58245,Wallets,0.938844621181488,True
58246,Wallets,2,33401,Wallets,0.8607162237167358,True
58246,Wallets,3,34728,Wallets,0.8354545831680298,True
58246,Wallets,4,42925,Wallets,0.8133004903793335,True
58246,Wallets,5,33375,Wallets,0.8086133003234863,True
58246,Wallets,6,38304,Wallets,0.7995344996452332,True
58246,Wallets,7,58263,Clutches,0.7947661280632019,False
58246,Wallets,8,50828,Wallets,0.791267991065979,True
58246,Wallets,9,47303,Clutches,0.7835757732391357,False
58246,Wallets,10,43391,Wallets,0.768987774848938,True
31216,Casual Shoes,1,32948,Casual Shoes,0.817696213722229,True
31216,Casual Shoes,2,13073,Casual Shoes,0.808232307434082,True
31216,Casual Shoes,3,29241,Sports Shoes,0.7938622236251831,False
31216,Casual Shoes,4,35428,Sports Shoes,0.7929912805557251,False
31216,Casual Shoes,5,34747,Casual Shoes,0.7840201258659363,True
31216,Casual Shoes,6,30239,Casual Shoes,0.7824820876121521,True
31216,Casual Shoes,7,4556,Sports Shoes,0.7821701765060425,False
31216,Casual Shoes,8,34821,Sports Shoes,0.7788560390472412,False
31216,Casual Shoes,9,35427,Sports Shoes,0.776089072227478,False
31216,Casual Shoes,10,44493,Casual Shoes,0.7744412422180176,True
7251,Casual Shoes,1,7230,Formal Shoes,0.8512541055679321,False
7251,Casual Shoes,2,9562,Formal Shoes,0.8497301340103149,False
7251,Casual Shoes,3,6806,Casual Shoes,0.8267651796340942,True
7251,Casual Shoes,4,35410,Formal Shoes,0.8237426280975342,False
7251,Casual Shoes,5,9700,Formal Shoes,0.8170264363288879,False
7251,Casual Shoes,6,22164,Casual Shoes,0.8152085542678833,True
7251,Casual Shoes,7,59166,Formal Shoes,0.8145663142204285,False
7251,Casual Shoes,8,9702,Formal Shoes,0.8132854104042053,False
7251,Casual Shoes,9,37973,Casual Shoes,0.811552882194519,True
7251,Casual Shoes,10,22187,Casual Shoes,0.8099275827407837,True
17182,Shirts,1,9613,Shirts,0.9089438915252686,True
17182,Shirts,2,8788,Shirts,0.9089438915252686,True
17182,Shirts,3,17553,Shirts,0.9023064970970154,True
17182,Shirts,4,14522,Shirts,0.8999878764152527,True
17182,Shirts,5,12327,Shirts,0.8994779586791992,True
17182,Shirts,6,9230,Shirts,0.8991515636444092,True
17182,Shirts,7,8787,Shirts,0.8947751522064209,True
17182,Shirts,8,9611,Shirts,0.8947751522064209,True
17182,Shirts,9,14512,Shirts,0.8936004638671875,True
17182,Shirts,10,12022,Shirts,0.8912566900253296,True
53808,Kurtas,1,42198,Tunics,0.7899267673492432,False
53808,Kurtas,2,47026,Kurtas,0.7483315467834473,True
53808,Kurtas,3,21920,Kurtas,0.7380975484848022,True
53808,Kurtas,4,11607,Kurtas,0.7296915054321289,True
53808,Kurtas,5,18720,Tops,0.7256225943565369,False
53808,Kurtas,6,22071,Kurtas,0.7217196822166443,True
53808,Kurtas,7,30837,Kurtas,0.7207303047180176,True
53808,Kurtas,8,59353,Kurtas,0.7204099297523499,True
53808,Kurtas,9,32244,Kurtas,0.7185317277908325,True
53808,Kurtas,10,6889,Jackets,0.7178984880447388,False
9931,Tshirts,1,27369,Tshirts,0.9025715589523315,True
9931,Tshirts,2,23651,Tshirts,0.8897985816001892,True
9931,Tshirts,3,16914,Tshirts,0.8893147110939026,True
9931,Tshirts,4,23176,Tshirts,0.8845188617706299,True
9931,Tshirts,5,24616,Tshirts,0.8826044797897339,True
9931,Tshirts,6,29015,Tshirts,0.8800300359725952,True
9931,Tshirts,7,14915,Tshirts,0.8784161806106567,True
9931,Tshirts,8,34247,Tshirts,0.8772608041763306,True
9931,Tshirts,9,20334,Tshirts,0.875729501247406,True
9931,Tshirts,10,31601,Tshirts,0.8743318319320679,True
50448,Briefs,1,50438,Briefs,0.8071807622909546,True
50448,Briefs,2,50446,Briefs,0.7833257913589478,True
50448,Briefs,3,50452,Briefs,0.7758994698524475,True
50448,Briefs,4,25350,Briefs,0.7481483221054077,True
50448,Briefs,5,50561,Briefs,0.7442736625671387,True
50448,Briefs,6,27984,Briefs,0.7426637411117554,True
50448,Briefs,7,50560,Briefs,0.7401889562606812,True
50448,Briefs,8,27990,Briefs,0.7401604652404785,True
50448,Briefs,9,27992,Briefs,0.7365163564682007,True
50448,Briefs,10,50444,Briefs,0.7329869270324707,True
33328,Shirts,1,29371,Shirts,0.9447351694107056,True
33328,Shirts,2,15982,Shirts,0.9411412477493286,True
33328,Shirts,3,31634,Shirts,0.9343240261077881,True
33328,Shirts,4,23187,Shirts,0.9234259128570557,True
33328,Shirts,5,9806,Shirts,0.9156069755554199,True
33328,Shirts,6,9807,Shirts,0.9156069755554199,True
33328,Shirts,7,15969,Shirts,0.9119889736175537,True
33328,Shirts,8,9805,Shirts,0.9064840078353882,True
33328,Shirts,9,9804,Shirts,0.9064840078353882,True
33328,Shirts,10,12234,Shirts,0.9060076475143433,True
1951,Sports Shoes,1,2372,Formal Shoes,0.6741667985916138,False
1951,Sports Shoes,2,1782,Sports Shoes,0.6732181310653687,True
1951,Sports Shoes,3,1547,Casual Shoes,0.6695421934127808,False
1951,Sports Shoes,4,1592,Sports Shoes,0.6314303278923035,True
1951,Sports Shoes,5,40969,Casual Shoes,0.6295608282089233,False
1951,Sports Shoes,6,24628,Formal Shoes,0.6289775371551514,False
1951,Sports Shoes,7,5382,Sports Shoes,0.6279266476631165,True
1951,Sports Shoes,8,51755,Casual Shoes,0.6266270875930786,False
1951,Sports Shoes,9,20823,Formal Shoes,0.6253552436828613,False
1951,Sports Shoes,10,8752,Sandals,0.6243177652359009,False
56921,Heels,1,5608,Sandals,0.7828882336616516,False
56921,Heels,2,56920,Heels,0.7703146934509277,True
56921,Heels,3,46076,Flats,0.7585115432739258,False
56921,Heels,4,4109,Sandals,0.7563710808753967,False
56921,Heels,5,19135,Sandals,0.7432929277420044,False
56921,Heels,6,4110,Sandals,0.7417389154434204,False
56921,Heels,7,23299,Sandals,0.7407425045967102,False
56921,Heels,8,4111,Sandals,0.739246129989624,False
56921,Heels,9,6679,Sports Sandals,0.7374118566513062,False
56921,Heels,10,6913,Sandals,0.7310840487480164,False
6946,Tshirts,1,7980,Tshirts,0.9106082916259766,True
6946,Tshirts,2,10069,Tshirts,0.9071746468544006,True
6946,Tshirts,3,22479,Tshirts,0.9006141424179077,True
6946,Tshirts,4,26281,Tshirts,0.8982759714126587,True
6946,Tshirts,5,2862,Tshirts,0.8975479602813721,True
6946,Tshirts,6,7295,Tshirts,0.8958768844604492,True
6946,Tshirts,7,23165,Tshirts,0.8944077491760254,True
6946,Tshirts,8,34243,Tshirts,0.8924874067306519,True
6946,Tshirts,9,19996,Tshirts,0.8920131325721741,True
6946,Tshirts,10,19995,Tshirts,0.8907641172409058,True
4488,Sports Shoes,1,18474,Casual Shoes,0.8193755149841309,False
4488,Sports Shoes,2,17414,Sports Shoes,0.8159392476081848,True
4488,Sports Shoes,3,4502,Sports Shoes,0.8151437044143677,True
4488,Sports Shoes,4,18363,Casual Shoes,0.8030884861946106,False
4488,Sports Shoes,5,23494,Casual Shoes,0.8024041652679443,False
4488,Sports Shoes,6,44761,Casual Shoes,0.8016308546066284,False
4488,Sports Shoes,7,54528,Casual Shoes,0.7994868159294128,False
4488,Sports Shoes,8,9217,Casual Shoes,0.7961015105247498,False
4488,Sports Shoes,9,18674,Sports Shoes,0.7959893345832825,True
4488,Sports Shoes,10,15886,Casual Shoes,0.7958540916442871,False
39027,Watches,1,39019,Watches,0.903285562992096,True
39027,Watches,2,39028,Watches,0.8287429213523865,True
39027,Watches,3,48035,Watches,0.8135277628898621,True
39027,Watches,4,45191,Watches,0.8053220510482788,True
39027,Watches,5,58450,Watches,0.8001488447189331,True
39027,Watches,6,29480,Watches,0.7990192770957947,True
39027,Watches,7,23276,Watches,0.7974526882171631,True
39027,Watches,8,38042,Watches,0.7971013188362122,True
39027,Watches,9,38015,Watches,0.7959132194519043,True
39027,Watches,10,32307,Watches,0.7949878573417664,True
38591,Tshirts,1,38590,Tshirts,0.7637258768081665,True
38591,Tshirts,2,2302,Tshirts,0.7354540824890137,True
38591,Tshirts,3,38286,Tops,0.7278342843055725,False
38591,Tshirts,4,38592,Tshirts,0.7212149500846863,True
38591,Tshirts,5,22588,Tshirts,0.7208082675933838,True
38591,Tshirts,6,9964,Tshirts,0.7188262343406677,True
38591,Tshirts,7,38288,Tops,0.7180535793304443,False
38591,Tshirts,8,2303,Tshirts,0.7148361206054688,True
38591,Tshirts,9,28571,Tshirts,0.714359700679779,True
38591,Tshirts,10,9559,Tshirts,0.7116543054580688,True
47033,Kurtas,1,43919,Dresses,0.838727593421936,False
47033,Kurtas,2,31314,Kurtas,0.821906566619873,True
47033,Kurtas,3,31308,Kurtas,0.8192377090454102,True
47033,Kurtas,4,57995,Dresses,0.8174189329147339,False
47033,Kurtas,5,12086,Kurtas,0.8140143156051636,True
47033,Kurtas,6,38846,Dresses,0.813985288143158,False
47033,Kurtas,7,58000,Dresses,0.8112112879753113,False
47033,Kurtas,8,42678,Kurtas,0.8102852702140808,True
47033,Kurtas,9,58001,Dresses,0.8095297813415527,False
47033,Kurtas,10,41383,Tops,0.8088976740837097,False
26838,Trousers,1,12678,Trousers,0.9016703367233276,True
26838,Trousers,2,27630,Trousers,0.8759862780570984,True
26838,Trousers,3,41424,Trousers,0.8721969127655029,True
26838,Trousers,4,29682,Trousers,0.8709078431129456,True
26838,Trousers,5,27924,Trousers,0.8657780885696411,True
26838,Trousers,6,29056,Track Pants,0.8647938966751099,False
26838,Trousers,7,31440,Trousers,0.8626426458358765,True
26838,Trousers,8,16057,Trousers,0.8625566959381104,True
26838,Trousers,9,31425,Trousers,0.8610391616821289,True
26838,Trousers,10,14691,Trousers,0.8592010736465454,True
17929,Track Pants,1,4828,Track Pants,0.9113563299179077,True
17929,Track Pants,2,8030,Track Pants,0.908282995223999,True
17929,Track Pants,3,7931,Track Pants,0.9018096923828125,True
17929,Track Pants,4,22585,Track Pants,0.8957132697105408,True
17929,Track Pants,5,9509,Track Pants,0.8885442614555359,True
17929,Track Pants,6,9776,Track Pants,0.8869885802268982,True
17929,Track Pants,7,4825,Track Pants,0.8848482370376587,True
17929,Track Pants,8,1999,Track Pants,0.8817839622497559,True
17929,Track Pants,9,2190,Track Pants,0.8811383843421936,True
17929,Track Pants,10,28626,Track Pants,0.8804147839546204,True
34535,Formal Shoes,1,19372,Formal Shoes,0.9363893866539001,True
34535,Formal Shoes,2,15058,Formal Shoes,0.9038853049278259,True
34535,Formal Shoes,3,19366,Formal Shoes,0.9000126123428345,True
34535,Formal Shoes,4,11879,Formal Shoes,0.8973417282104492,True
34535,Formal Shoes,5,47648,Formal Shoes,0.8961782455444336,True
34535,Formal Shoes,6,50278,Formal Shoes,0.8939924240112305,True
34535,Formal Shoes,7,40449,Formal Shoes,0.8913966417312622,True
34535,Formal Shoes,8,35395,Formal Shoes,0.8908064365386963,True
34535,Formal Shoes,9,2384,Formal Shoes,0.8888208866119385,True
34535,Formal Shoes,10,44411,Casual Shoes,0.8883045315742493,False
46549,Watches,1,29464,Watches,0.809150755405426,True
46549,Watches,2,51555,Watches,0.7814804911613464,True
46549,Watches,3,31842,Watches,0.7756671905517578,True
46549,Watches,4,32309,Watches,0.7688606381416321,True
46549,Watches,5,53589,Watches,0.7635798454284668,True
46549,Watches,6,32340,Watches,0.7601085305213928,True
46549,Watches,7,32363,Watches,0.7560885548591614,True
46549,Watches,8,43179,Watches,0.7494315505027771,True
46549,Watches,9,25606,Watches,0.745557427406311,True
46549,Watches,10,45138,Watches,0.7454051375389099,True
1599,Handbags,1,21948,Handbags,0.7938015460968018,True
1599,Handbags,2,58268,Handbags,0.788608729839325,True
1599,Handbags,3,47927,Handbags,0.7861113548278809,True
1599,Handbags,4,1597,Handbags,0.7832415699958801,True
1599,Handbags,5,10243,Handbags,0.7760366201400757,True
1599,Handbags,6,1598,Handbags,0.7731335163116455,True
1599,Handbags,7,47928,Handbags,0.7728159427642822,True
1599,Handbags,8,10221,Handbags,0.7726413607597351,True
1599,Handbags,9,14817,Handbags,0.7715156078338623,True
1599,Handbags,10,1939,Handbags,0.7712209224700928,True
30159,Wallets,1,20862,Wallets,0.9065256118774414,True
30159,Wallets,2,19343,Wallets,0.9002570509910583,True
30159,Wallets,3,14841,Wallets,0.8938963413238525,True
30159,Wallets,4,29083,Wallets,0.8795825242996216,True
30159,Wallets,5,12418,Wallets,0.8789958357810974,True
30159,Wallets,6,50825,Wallets,0.8784061670303345,True
30159,Wallets,7,14963,Wallets,0.8780823349952698,True
30159,Wallets,8,25085,Wallets,0.8753757476806641,True
30159,Wallets,9,12443,Wallets,0.8733884692192078,True
30159,Wallets,10,24618,Wallets,0.8719921112060547,True
57299,Heels,1,13645,Flats,0.745387077331543,False
57299,Heels,2,15738,Flip Flops,0.7339743971824646,False
57299,Heels,3,22254,Flats,0.7322072982788086,False
57299,Heels,4,20840,Sandals,0.7312018275260925,False
57299,Heels,5,6357,Flip Flops,0.7289733290672302,False
57299,Heels,6,47454,Flats,0.7224428653717041,False
57299,Heels,7,42693,Flats,0.7202102541923523,False
57299,Heels,8,47563,Heels,0.7200899720191956,True
57299,Heels,9,56978,Flats,0.7190856337547302,False
57299,Heels,10,44729,Flip Flops,0.7167116403579712,False
6748,Sports Shoes,1,6640,Sports Shoes,0.8653232455253601,True
6748,Sports Shoes,2,43873,Casual Shoes,0.7818437814712524,False
6748,Sports Shoes,3,6639,Sports Shoes,0.7733673453330994,True
6748,Sports Shoes,4,5903,Casual Shoes,0.7716663479804993,False
6748,Sports Shoes,5,5900,Casual Shoes,0.7667091488838196,False
6748,Sports Shoes,6,3226,Sports Shoes,0.7630826234817505,True
6748,Sports Shoes,7,6682,Sports Shoes,0.7628437280654907,True
6748,Sports Shoes,8,31689,Sports Shoes,0.7565727233886719,True
6748,Sports Shoes,9,26588,Sports Shoes,0.7534679174423218,True
6748,Sports Shoes,10,7255,Sports Shoes,0.749956488609314,True
59767,Earrings,1,56216,Earrings,0.8566016554832458,True
59767,Earrings,2,46046,Earrings,0.7870749235153198,True
59767,Earrings,3,48606,Earrings,0.7608342170715332,True
59767,Earrings,4,58049,Earrings,0.7363996505737305,True
59767,Earrings,5,56202,Pendant,0.7301819920539856,False
59767,Earrings,6,48649,Earrings,0.7288588285446167,True
59767,Earrings,7,48790,Pendant,0.724001407623291,False
59767,Earrings,8,42624,Earrings,0.7124031186103821,True
59767,Earrings,9,56208,Pendant,0.7107443809509277,False
59767,Earrings,10,52842,Earrings,0.7095109820365906,True
26493,Tshirts,1,7947,Tshirts,0.8195995092391968,True
26493,Tshirts,2,26722,Tshirts,0.7675620913505554,True
26493,Tshirts,3,28993,Tshirts,0.7421355843544006,True
26493,Tshirts,4,10443,Tshirts,0.7417255640029907,True
26493,Tshirts,5,26723,Tshirts,0.7400328516960144,True
26493,Tshirts,6,39063,Tshirts,0.7387166023254395,True
26493,Tshirts,7,14679,Tshirts,0.7313528060913086,True
26493,Tshirts,8,12618,Tshirts,0.7299751043319702,True
26493,Tshirts,9,7958,Tshirts,0.7283715009689331,True
26493,Tshirts,10,11991,Tshirts,0.7269904613494873,True
15477,Tshirts,1,16501,Tshirts,0.8906194567680359,True
15477,Tshirts,2,10576,Tshirts,0.877206027507782,True
15477,Tshirts,3,24028,Tshirts,0.8751487135887146,True
15477,Tshirts,4,16490,Tshirts,0.8743491768836975,True
15477,Tshirts,5,23632,Tshirts,0.872211217880249,True
15477,Tshirts,6,13705,Tshirts,0.8702611923217773,True
15477,Tshirts,7,1848,Tshirts,0.8679405450820923,True
15477,Tshirts,8,21400,Tshirts,0.8667204976081848,True
15477,Tshirts,9,31587,Tshirts,0.8663491010665894,True
15477,Tshirts,10,10994,Tshirts,0.863850474357605,True
21014,Wallets,1,36704,Perfume and Body Mist,0.8217543959617615,False
21014,Wallets,2,44100,Perfume and Body Mist,0.7490733861923218,False
21014,Wallets,3,46920,Perfume and Body Mist,0.7353053092956543,False
21014,Wallets,4,46919,Perfume and Body Mist,0.7275905013084412,False
21014,Wallets,5,46918,Perfume and Body Mist,0.7103933095932007,False
21014,Wallets,6,35106,Wallets,0.7041030526161194,True
21014,Wallets,7,56365,Mens Grooming Kit,0.7024238109588623,False
21014,Wallets,8,44099,Perfume and Body Mist,0.6958089470863342,False
21014,Wallets,9,52781,Wallets,0.6919240355491638,True
21014,Wallets,10,55921,Nail Polish,0.6719995141029358,False
15228,Casual Shoes,1,44766,Casual Shoes,0.8530171513557434,True
15228,Casual Shoes,2,19239,Casual Shoes,0.847295880317688,True
15228,Casual Shoes,3,39886,Sports Shoes,0.8452765941619873,False
15228,Casual Shoes,4,12876,Formal Shoes,0.8387212157249451,False
15228,Casual Shoes,5,28313,Casual Shoes,0.8383505940437317,True
15228,Casual Shoes,6,5686,Casual Shoes,0.8280565738677979,True
15228,Casual Shoes,7,19349,Sports Shoes,0.8275922536849976,False
15228,Casual Shoes,8,19941,Sports Shoes,0.827258288860321,False
15228,Casual Shoes,9,25470,Sports Shoes,0.8250572085380554,False
15228,Casual Shoes,10,15057,Formal Shoes,0.8209090232849121,False
36298,Kurtas,1,12060,Kurtas,0.8638079166412354,True
36298,Kurtas,2,46216,Dresses,0.8582567572593689,False
36298,Kurtas,3,33751,Tops,0.8571076393127441,False
36298,Kurtas,4,38832,Dresses,0.8497902154922485,False
36298,Kurtas,5,52456,Nightdress,0.8485245108604431,False
36298,Kurtas,6,57050,Dresses,0.8434604406356812,False
36298,Kurtas,7,54716,Kurtas,0.8391357660293579,True
36298,Kurtas,8,28724,Kurtas,0.8354223966598511,True
36298,Kurtas,9,36237,Kurtas,0.8350444436073303,True
36298,Kurtas,10,36502,Kurtas,0.8315919637680054,True
14755,Shirts,1,14784,Shirts,0.8633939623832703,True
14755,Shirts,2,14762,Shirts,0.8610638976097107,True
14755,Shirts,3,12364,Shirts,0.8503761291503906,True
14755,Shirts,4,14754,Shirts,0.836601972579956,True
14755,Shirts,5,14732,Shirts,0.8319447040557861,True
14755,Shirts,6,14771,Shirts,0.8182532787322998,True
14755,Shirts,7,26803,Shirts,0.8167381286621094,True
14755,Shirts,8,14741,Shirts,0.8158310651779175,True
14755,Shirts,9,23028,Shirts,0.8111092448234558,True
14755,Shirts,10,14749,Shirts,0.8105958700180054,True
25644,Watches,1,25645,Watches,0.9200711846351624,True
25644,Watches,2,8110,Watches,0.8736721277236938,True
25644,Watches,3,8112,Watches,0.8445420265197754,True
25644,Watches,4,25651,Watches,0.7617559432983398,True
25644,Watches,5,51535,Watches,0.7449332475662231,True
25644,Watches,6,25643,Watches,0.7329229116439819,True
25644,Watches,7,56675,Watches,0.7323903441429138,True
25644,Watches,8,51551,Watches,0.7179304361343384,True
25644,Watches,9,13060,Watches,0.7108001112937927,True
25644,Watches,10,56348,Watches,0.7006212472915649,True
16466,Shirts,1,20146,Shirts,0.9021494388580322,True
16466,Shirts,2,24840,Shirts,0.8979882001876831,True
16466,Shirts,3,16476,Shirts,0.8913280963897705,True
16466,Shirts,4,16813,Shirts,0.8872777223587036,True
16466,Shirts,5,16807,Shirts,0.8847910165786743,True
16466,Shirts,6,16461,Shirts,0.8840295076370239,True
16466,Shirts,7,43406,Shirts,0.8818281888961792,True
16466,Shirts,8,40261,Shirts,0.8818281888961792,True
16466,Shirts,9,29611,Shirts,0.8814640641212463,True
16466,Shirts,10,20155,Shirts,0.8813028335571289,True
26809,Trousers,1,16615,Trousers,0.9618834853172302,True
26809,Trousers,2,13784,Trousers,0.9540414810180664,True
26809,Trousers,3,16613,Trousers,0.9535456895828247,True
26809,Trousers,4,27904,Trousers,0.9524034261703491,True
26809,Trousers,5,16380,Trousers,0.952216625213623,True
26809,Trousers,6,26379,Trousers,0.9508457779884338,True
26809,Trousers,7,16378,Trousers,0.9506007432937622,True
26809,Trousers,8,16609,Trousers,0.9492492079734802,True
26809,Trousers,9,26504,Trousers,0.9486328363418579,True
26809,Trousers,10,27602,Trousers,0.9482800364494324,True
26207,Perfume and Body Mist,1,26208,Perfume and Body Mist,0.8013514280319214,True
26207,Perfume and Body Mist,2,26212,Perfume and Body Mist,0.791742742061615,True
26207,Perfume and Body Mist,3,45760,Deodorant,0.7755664587020874,False
26207,Perfume and Body Mist,4,28223,Deodorant,0.7743800282478333,False
26207,Perfume and Body Mist,5,22559,Deodorant,0.7642812728881836,False
26207,Perfume and Body Mist,6,26001,Perfume and Body Mist,0.7630198001861572,True
26207,Perfume and Body Mist,7,23583,Deodorant,0.7629902958869934,False
26207,Perfume and Body Mist,8,23582,Deodorant,0.761376142501831,False
26207,Perfume and Body Mist,9,26210,Perfume and Body Mist,0.7550630569458008,True
26207,Perfume and Body Mist,10,55565,Deodorant,0.7511610984802246,False
33183,Tunics,1,24242,Kurtis,0.8764982223510742,False
33183,Tunics,2,33181,Tops,0.863584041595459,False
33183,Tunics,3,33188,Tops,0.8628491163253784,False
33183,Tunics,4,28473,Tops,0.8511056900024414,False
33183,Tunics,5,33757,Tops,0.8464255332946777,False
33183,Tunics,6,26901,Tops,0.8428508043289185,False
33183,Tunics,7,24347,Tshirts,0.8420807123184204,False
33183,Tunics,8,36238,Tunics,0.8415747284889221,True
33183,Tunics,9,18753,Tops,0.8392335176467896,False
33183,Tunics,10,33018,Kurtas,0.8383381366729736,False
40643,Kurtas,1,40619,Kurtas,0.8991832733154297,True
40643,Kurtas,2,25964,Tunics,0.8340187668800354,False
40643,Kurtas,3,58655,Kurtas,0.8263912796974182,True
40643,Kurtas,4,40618,Kurtas,0.8247854113578796,True
40643,Kurtas,5,52417,Night suits,0.8177722692489624,False
40643,Kurtas,6,52518,Baby Dolls,0.8156391382217407,False
40643,Kurtas,7,32600,Tops,0.8142026662826538,False
40643,Kurtas,8,52448,Nightdress,0.8126775622367859,False
40643,Kurtas,9,58694,Kurtas,0.8110754489898682,True
40643,Kurtas,10,45776,Tops,0.8065357208251953,False
45331,Heels,1,45333,Heels,0.8116286993026733,True
45331,Heels,2,45332,Heels,0.7811576724052429,True
45331,Heels,3,45804,Heels,0.746427059173584,True
45331,Heels,4,16994,Flats,0.7264929413795471,False
45331,Heels,5,14379,Heels,0.7165103554725647,True
45331,Heels,6,11499,Heels,0.7086642980575562,True
45331,Heels,7,13023,Heels,0.700607180595398,True
45331,Heels,8,47457,Flats,0.6949299573898315,False
45331,Heels,9,36687,Sandals,0.6940377354621887,False
45331,Heels,10,45803,Heels,0.6906591653823853,True
53608,Watches,1,45270,Watches,0.7188498973846436,True
53608,Watches,2,53871,Watches,0.6793183088302612,True
53608,Watches,3,46486,Watches,0.6791768074035645,True
53608,Watches,4,45272,Watches,0.6785629391670227,True
53608,Watches,5,43201,Watches,0.675627589225769,True
53608,Watches,6,39031,Free Gifts,0.6576708555221558,False
53608,Watches,7,53612,Watches,0.6535235047340393,True
53608,Watches,8,43209,Watches,0.6531009674072266,True
53608,Watches,9,46483,Watches,0.6438019275665283,True
53608,Watches,10,4664,Watches,0.6432938575744629,True
54049,Jeggings,1,51587,Jeans,0.86640465259552,False
54049,Jeggings,2,26989,Jeggings,0.8588366508483887,True
54049,Jeggings,3,57070,Jeans,0.8527449369430542,False
54049,Jeggings,4,50024,Leggings,0.8466246128082275,False
54049,Jeggings,5,51601,Jeans,0.8436651229858398,False
54049,Jeggings,6,25899,Leggings,0.8423970937728882,False
54049,Jeggings,7,54050,Jeggings,0.8418209552764893,True
54049,Jeggings,8,25898,Leggings,0.8398793935775757,False
54049,Jeggings,9,57136,Trousers,0.8364547491073608,False
54049,Jeggings,10,54051,Leggings,0.8362112641334534,False
41796,Tunics,1,39166,Kurtas,0.7850785255432129,False
41796,Tunics,2,54692,Kurtas,0.7783981561660767,False
41796,Tunics,3,21923,Kurtas,0.7069242000579834,False
41796,Tunics,4,35987,Tshirts,0.7003536224365234,False
41796,Tunics,5,38811,Tops,0.6941220760345459,False
41796,Tunics,6,46992,Kurtas,0.6833371520042419,False
41796,Tunics,7,11544,Kurtas,0.6828612685203552,False
41796,Tunics,8,7002,Tops,0.6825692653656006,False
41796,Tunics,9,21930,Kurtas,0.6805652379989624,False
41796,Tunics,10,23237,Kurtas,0.6798189282417297,False
10306,Casual Shoes,1,26670,Casual Shoes,0.7963032722473145,True
10306,Casual Shoes,2,54741,Casual Shoes,0.7931731343269348,True
10306,Casual Shoes,3,7599,Sports Shoes,0.7721319794654846,False
10306,Casual Shoes,4,35486,Sports Shoes,0.7628682851791382,False
10306,Casual Shoes,5,54528,Casual Shoes,0.7581757307052612,True
10306,Casual Shoes,6,44503,Casual Shoes,0.7553746700286865,True
10306,Casual Shoes,7,23494,Casual Shoes,0.7547167539596558,True
10306,Casual Shoes,8,42990,Sports Shoes,0.7518641948699951,False
10306,Casual Shoes,9,4739,Casual Shoes,0.7490396499633789,True
10306,Casual Shoes,10,4562,Sports Shoes,0.7488108277320862,False
33184,Tops,1,38850,Tops,0.8266226649284363,True
33184,Tops,2,38856,Tops,0.819853663444519,True
33184,Tops,3,32579,Tops,0.814898669719696,True
33184,Tops,4,29299,Tshirts,0.8097364902496338,False
33184,Tops,5,40420,Tops,0.8027018308639526,True
33184,Tops,6,32403,Tops,0.8024272322654724,True
33184,Tops,7,23441,Tunics,0.8014886379241943,False
33184,Tops,8,45982,Tops,0.8007848858833313,True
33184,Tops,9,3933,Tshirts,0.7995226383209229,False
33184,Tops,10,10509,Tshirts,0.7970311641693115,False
3496,Sports Shoes,1,12959,Sports Shoes,0.7600882053375244,True
3496,Sports Shoes,2,6440,Casual Shoes,0.7593027949333191,False
3496,Sports Shoes,3,40320,Casual Shoes,0.7580457925796509,False
3496,Sports Shoes,4,7037,Casual Shoes,0.7550502419471741,False
3496,Sports Shoes,5,8991,Casual Shoes,0.7522284984588623,False
3496,Sports Shoes,6,6137,Casual Shoes,0.751983642578125,False
3496,Sports Shoes,7,5916,Casual Shoes,0.7503236532211304,False
3496,Sports Shoes,8,29268,Sports Shoes,0.7470798492431641,True
3496,Sports Shoes,9,6656,Sports Shoes,0.7328716516494751,True
3496,Sports Shoes,10,18473,Casual Shoes,0.7250479459762573,False
42583,Waistcoat,1,5014,Capris,0.7581915855407715,False
42583,Waistcoat,2,13244,Shorts,0.7243409752845764,False
42583,Waistcoat,3,13245,Shorts,0.7243409752845764,False
42583,Waistcoat,4,41993,Shorts,0.714448094367981,False
42583,Waistcoat,5,41992,Shorts,0.714448094367981,False
42583,Waistcoat,6,40125,Shorts,0.714448094367981,False
42583,Waistcoat,7,7621,Socks,0.7021055221557617,False
42583,Waistcoat,8,27427,Lounge Shorts,0.6922718286514282,False
42583,Waistcoat,9,4978,Jeans,0.6880946159362793,False
42583,Waistcoat,10,13229,Trousers,0.6865639090538025,False
57435,Tshirts,1,6246,Tshirts,0.7989409565925598,True
57435,Tshirts,2,57158,Tshirts,0.7984961271286011,True
57435,Tshirts,3,11658,Tshirts,0.7897141575813293,True
57435,Tshirts,4,21426,Tshirts,0.7848795056343079,True
57435,Tshirts,5,57434,Tshirts,0.7836301326751709,True
57435,Tshirts,6,57442,Tshirts,0.7791587114334106,True
57435,Tshirts,7,5785,Tops,0.775222659111023,False
57435,Tshirts,8,6906,Tshirts,0.7712360620498657,True
57435,Tshirts,9,12491,Tshirts,0.7710282206535339,True
57435,Tshirts,10,26950,Tshirts,0.7654326558113098,True
7452,Tshirts,1,7437,Tshirts,0.8266235589981079,True
7452,Tshirts,2,7453,Tshirts,0.8027524352073669,True
7452,Tshirts,3,7472,Tshirts,0.8007854223251343,True
7452,Tshirts,4,7435,Tshirts,0.7800347805023193,True
7452,Tshirts,5,29300,Tshirts,0.7679203152656555,True
7452,Tshirts,6,21364,Tshirts,0.7645032405853271,True
7452,Tshirts,7,38970,Tshirts,0.7626469731330872,True
7452,Tshirts,8,13437,Tshirts,0.7569915056228638,True
7452,Tshirts,9,38971,Tshirts,0.7565988898277283,True
7452,Tshirts,10,1881,Tshirts,0.7565642595291138,True
43207,Watches,1,43208,Watches,0.8353673219680786,True
43207,Watches,2,4699,Watches,0.7581204175949097,True
43207,Watches,3,28586,Watches,0.7541587352752686,True
43207,Watches,4,16786,Watches,0.7412234544754028,True
43207,Watches,5,45010,Watches,0.7244356870651245,True
43207,Watches,6,45244,Watches,0.7056396007537842,True
43207,Watches,7,13839,Watches,0.704425573348999,True
43207,Watches,8,53613,Watches,0.6986983418464661,True
43207,Watches,9,45251,Watches,0.6976145505905151,True
43207,Watches,10,16787,Watches,0.6912235021591187,True
3604,Casual Shoes,1,23619,Casual Shoes,0.9024064540863037,True
3604,Casual Shoes,2,3592,Casual Shoes,0.8849878907203674,True
3604,Casual Shoes,3,3585,Casual Shoes,0.8642598390579224,True
3604,Casual Shoes,4,20897,Casual Shoes,0.8199906349182129,True
3604,Casual Shoes,5,24666,Casual Shoes,0.8116905093193054,True
3604,Casual Shoes,6,24301,Casual Shoes,0.8045098781585693,True
3604,Casual Shoes,7,23793,Casual Shoes,0.8045098781585693,True
3604,Casual Shoes,8,4022,Casual Shoes,0.796288251876831,True
3604,Casual Shoes,9,25404,Casual Shoes,0.7942299842834473,True
3604,Casual Shoes,10,3595,Casual Shoes,0.7940640449523926,True
54674,Watches,1,25681,Watches,0.6987515091896057,True
54674,Watches,2,39371,Watches,0.6876468658447266,True
54674,Watches,3,25663,Watches,0.6759738922119141,True
54674,Watches,4,46512,Watches,0.6596683859825134,True
54674,Watches,5,46431,Watches,0.6591663360595703,True
54674,Watches,6,54678,Watches,0.6567007303237915,True
54674,Watches,7,59293,Watches,0.6524336338043213,True
54674,Watches,8,46472,Watches,0.6506667137145996,True
54674,Watches,9,46510,Watches,0.6421412229537964,True
54674,Watches,10,46936,Perfume and Body Mist,0.6400902271270752,False
31217,Casual Shoes,1,31946,Casual Shoes,0.7821490168571472,True
31217,Casual Shoes,2,56723,Casual Shoes,0.7788631916046143,True
31217,Casual Shoes,3,24711,Casual Shoes,0.7743521928787231,True
31217,Casual Shoes,4,33857,Casual Shoes,0.7740321159362793,True
31217,Casual Shoes,5,44750,Casual Shoes,0.7709186673164368,True
31217,Casual Shoes,6,38660,Casual Shoes,0.7700037360191345,True
31217,Casual Shoes,7,31948,Sports Shoes,0.7664341926574707,False
31217,Casual Shoes,8,49486,Casual Shoes,0.7619571089744568,True
31217,Casual Shoes,9,49497,Casual Shoes,0.7597237825393677,True
31217,Casual Shoes,10,37252,Casual Shoes,0.7594994306564331,True
13523,Tops,1,28836,Kurtas,0.7886955738067627,False
13523,Tops,2,46255,Tunics,0.7673298120498657,False
13523,Tops,3,46285,Dresses,0.745949923992157,False
13523,Tops,4,37265,Tops,0.739584743976593,True
13523,Tops,5,11811,Kurtas,0.7344689965248108,False
13523,Tops,6,3968,Tops,0.7313894033432007,True
13523,Tops,7,18258,Kurtas,0.7299595475196838,False
13523,Tops,8,28939,Kurtas,0.7260472178459167,False
13523,Tops,9,33209,Dresses,0.7184529304504395,False
13523,Tops,10,40660,Kurtas,0.7175066471099854,False
46721,Perfume and Body Mist,1,44072,Perfume and Body Mist,0.6838777661323547,True
46721,Perfume and Body Mist,2,37902,Perfume and Body Mist,0.6613866090774536,True
46721,Perfume and Body Mist,3,44128,Perfume and Body Mist,0.6513717174530029,True
46721,Perfume and Body Mist,4,46791,Perfume and Body Mist,0.6419833302497864,True
46721,Perfume and Body Mist,5,46929,Perfume and Body Mist,0.6405138969421387,True
46721,Perfume and Body Mist,6,44036,Perfume and Body Mist,0.6386970281600952,True
46721,Perfume and Body Mist,7,46924,Perfume and Body Mist,0.6242218613624573,True
46721,Perfume and Body Mist,8,50417,Watches,0.6231889724731445,False
46721,Perfume and Body Mist,9,44051,Perfume and Body Mist,0.6209191083908081,True
46721,Perfume and Body Mist,10,46723,Perfume and Body Mist,0.6186132431030273,True
8643,Sunglasses,1,8664,Sunglasses,0.9572184085845947,True
8643,Sunglasses,2,8708,Sunglasses,0.9291599988937378,True
8643,Sunglasses,3,8688,Sunglasses,0.9195346236228943,True
8643,Sunglasses,4,28287,Sunglasses,0.9180351495742798,True
8643,Sunglasses,5,38236,Sunglasses,0.9146959185600281,True
8643,Sunglasses,6,40173,Sunglasses,0.9117024540901184,True
8643,Sunglasses,7,30284,Sunglasses,0.9102156162261963,True
8643,Sunglasses,8,38176,Sunglasses,0.9094007611274719,True
8643,Sunglasses,9,23764,Sunglasses,0.9087860584259033,True
8643,Sunglasses,10,29097,Sunglasses,0.9075184464454651,True
17980,Casual Shoes,1,19053,Casual Shoes,0.8955516815185547,True
17980,Casual Shoes,2,17979,Casual Shoes,0.8914899826049805,True
17980,Casual Shoes,3,6428,Casual Shoes,0.838689386844635,True
17980,Casual Shoes,4,43881,Casual Shoes,0.8381226658821106,True
17980,Casual Shoes,5,7048,Casual Shoes,0.8336610198020935,True
17980,Casual Shoes,6,59935,Casual Shoes,0.830420732498169,True
17980,Casual Shoes,7,6435,Casual Shoes,0.8275153636932373,True
17980,Casual Shoes,8,38544,Casual Shoes,0.8234732151031494,True
17980,Casual Shoes,9,5467,Sports Shoes,0.819506049156189,False
17980,Casual Shoes,10,36483,Casual Shoes,0.8191887140274048,True
28305,Sunglasses,1,17605,Sunglasses,0.9564516544342041,True
28305,Sunglasses,2,17599,Sunglasses,0.9425415992736816,True
28305,Sunglasses,3,17607,Sunglasses,0.9373434782028198,True
28305,Sunglasses,4,17596,Sunglasses,0.9231358170509338,True
28305,Sunglasses,5,28303,Sunglasses,0.9126379489898682,True
28305,Sunglasses,6,30279,Sunglasses,0.904642641544342,True
28305,Sunglasses,7,23770,Sunglasses,0.9045084714889526,True
28305,Sunglasses,8,29879,Sunglasses,0.8976861834526062,True
28305,Sunglasses,9,40163,Sunglasses,0.895774245262146,True
28305,Sunglasses,10,23755,Sunglasses,0.8957311511039734,True
55331,Hair Colour,1,55330,Hair Colour,0.8525487780570984,True
55331,Hair Colour,2,55332,Hair Colour,0.8249577283859253,True
55331,Hair Colour,3,55333,Hair Colour,0.8136206269264221,True
55331,Hair Colour,4,55329,Hair Colour,0.7971451282501221,True
55331,Hair Colour,5,55336,Hair Colour,0.7937847375869751,True
55331,Hair Colour,6,55328,Hair Colour,0.7714952230453491,True
55331,Hair Colour,7,55518,Hair Colour,0.7652835845947266,True
55331,Hair Colour,8,55514,Hair Colour,0.7625458240509033,True
55331,Hair Colour,9,55325,Hair Colour,0.7568422555923462,True
55331,Hair Colour,10,55513,Hair Colour,0.7559306621551514,True
52114,Tops,1,52118,Tops,0.9199003577232361,True
52114,Tops,2,51436,Tops,0.9030972123146057,True
52114,Tops,3,33752,Tops,0.8865098357200623,True
52114,Tops,4,40419,Tops,0.8378281593322754,True
52114,Tops,5,51440,Tops,0.8372812867164612,True
52114,Tops,6,52115,Tops,0.8372798562049866,True
52114,Tops,7,6107,Tshirts,0.8220163583755493,False
52114,Tops,8,52116,Tops,0.8178836107254028,True
52114,Tops,9,42812,Briefs,0.8159486055374146,False
52114,Tops,10,52117,Tops,0.8102881908416748,True
52928,Sarees,1,52929,Sarees,0.8300119638442993,True
52928,Sarees,2,52927,Sarees,0.7973505854606628,True
52928,Sarees,3,42657,Kurtas,0.7366499304771423,False
52928,Sarees,4,52898,Sarees,0.7325093746185303,True
52928,Sarees,5,52899,Sarees,0.7232813835144043,True
52928,Sarees,6,32254,Kurtis,0.719789981842041,False
52928,Sarees,7,59672,Lehenga Choli,0.7191208600997925,False
52928,Sarees,8,52935,Sarees,0.7157995700836182,True
52928,Sarees,9,52937,Sarees,0.7145362496376038,True
52928,Sarees,10,23315,Kurtas,0.7127766609191895,False
32495,Casual Shoes,1,9815,Casual Shoes,0.8073015809059143,True
32495,Casual Shoes,2,42274,Casual Shoes,0.7980524897575378,True
32495,Casual Shoes,3,32494,Casual Shoes,0.7889761328697205,True
32495,Casual Shoes,4,46079,Sports Shoes,0.7858583927154541,False
32495,Casual Shoes,5,11979,Casual Shoes,0.7830123901367188,True
32495,Casual Shoes,6,40788,Casual Shoes,0.7820808291435242,True
32495,Casual Shoes,7,29088,Casual Shoes,0.7790850400924683,True
32495,Casual Shoes,8,25424,Casual Shoes,0.7683005928993225,True
32495,Casual Shoes,9,44659,Casual Shoes,0.7655686140060425,True
32495,Casual Shoes,10,49408,Casual Shoes,0.757963240146637,True
43402,Socks,1,54341,Socks,0.8055945634841919,True
43402,Socks,2,18956,Socks,0.7418438196182251,True
43402,Socks,3,17303,Socks,0.7300083637237549,True
43402,Socks,4,58295,Socks,0.7222397327423096,True
43402,Socks,5,18955,Socks,0.7203605771064758,True
43402,Socks,6,57919,Socks,0.7199699878692627,True
43402,Socks,7,25431,Socks,0.7167454361915588,True
43402,Socks,8,54339,Socks,0.7152912616729736,True
43402,Socks,9,54340,Socks,0.7102582454681396,True
43402,Socks,10,58640,Socks,0.7102266550064087,True
43059,Tshirts,1,14002,Tshirts,0.8695807456970215,True
43059,Tshirts,2,9551,Tshirts,0.8566277623176575,True
43059,Tshirts,3,1911,Tshirts,0.8560124635696411,True
43059,Tshirts,4,38634,Tshirts,0.8542534112930298,True
43059,Tshirts,5,31465,Tshirts,0.8527861833572388,True
43059,Tshirts,6,15325,Tshirts,0.8483580350875854,True
43059,Tshirts,7,30635,Tshirts,0.8455135226249695,True
43059,Tshirts,8,32638,Tshirts,0.8435745239257812,True
43059,Tshirts,9,1909,Tshirts,0.842995822429657,True
43059,Tshirts,10,44226,Tshirts,0.8400511741638184,True
50688,Trunk,1,50468,Trunk,0.8715448975563049,True
50688,Trunk,2,28091,Trunk,0.8610266447067261,True
50688,Trunk,3,20080,Briefs,0.8604329824447632,False
50688,Trunk,4,50573,Trunk,0.8513448238372803,True
50688,Trunk,5,50680,Trunk,0.8502196073532104,True
50688,Trunk,6,47255,Briefs,0.8386287689208984,False
50688,Trunk,7,47527,Briefs,0.8381087183952332,False
50688,Trunk,8,47268,Briefs,0.8348754644393921,False
50688,Trunk,9,51392,Boxers,0.8330910205841064,False
50688,Trunk,10,47517,Briefs,0.8328223824501038,False
23989,Shirts,1,13738,Shirts,0.9288859367370605,True
23989,Shirts,2,11689,Shirts,0.9119818210601807,True
23989,Shirts,3,13864,Shirts,0.8981869220733643,True
23989,Shirts,4,13865,Shirts,0.8981869220733643,True
23989,Shirts,5,27537,Shirts,0.8977724313735962,True
23989,Shirts,6,10806,Shirts,0.8941700458526611,True
23989,Shirts,7,10437,Shirts,0.8936187624931335,True
23989,Shirts,8,16404,Shirts,0.8840864896774292,True
23989,Shirts,9,16789,Shirts,0.87839674949646,True
23989,Shirts,10,9610,Shirts,0.8770425319671631,True
17710,Casual Shoes,1,49460,Casual Shoes,0.7864717245101929,True
17710,Casual Shoes,2,29558,Casual Shoes,0.7828407287597656,True
17710,Casual Shoes,3,17695,Casual Shoes,0.7804800271987915,True
17710,Casual Shoes,4,3250,Casual Shoes,0.766572892665863,True
17710,Casual Shoes,5,45594,Casual Shoes,0.7662767171859741,True
17710,Casual Shoes,6,17708,Casual Shoes,0.7628258466720581,True
17710,Casual Shoes,7,21748,Casual Shoes,0.762229859828949,True
17710,Casual Shoes,8,8996,Casual Shoes,0.7590861320495605,True
17710,Casual Shoes,9,49492,Casual Shoes,0.7566997408866882,True
17710,Casual Shoes,10,7712,Sports Shoes,0.7559309601783752,False
27718,Handbags,1,27717,Handbags,0.8309220671653748,True
27718,Handbags,2,54002,Handbags,0.6973279714584351,True
27718,Handbags,3,21528,Handbags,0.6766461730003357,True
27718,Handbags,4,27690,Handbags,0.6530927419662476,True
27718,Handbags,5,57253,Handbags,0.6472565531730652,True
27718,Handbags,6,43333,Handbags,0.6327575445175171,True
27718,Handbags,7,25221,Handbags,0.628797709941864,True
27718,Handbags,8,10731,Handbags,0.6282911896705627,True
27718,Handbags,9,21497,Handbags,0.626559853553772,True
27718,Handbags,10,47881,Handbags,0.6252166628837585,True
51754,Casual Shoes,1,6317,Casual Shoes,0.8407647609710693,True
51754,Casual Shoes,2,21715,Casual Shoes,0.7533392310142517,True
51754,Casual Shoes,3,38660,Casual Shoes,0.7519035339355469,True
51754,Casual Shoes,4,53127,Flats,0.7424048781394958,False
51754,Casual Shoes,5,10271,Heels,0.7362656593322754,False
51754,Casual Shoes,6,32836,Flats,0.7361618876457214,False
51754,Casual Shoes,7,5629,Flip Flops,0.7325390577316284,False
51754,Casual Shoes,8,29563,Casual Shoes,0.7252406477928162,True
51754,Casual Shoes,9,5273,Flip Flops,0.7202320098876953,False
51754,Casual Shoes,10,32558,Casual Shoes,0.71732497215271,True
21611,Bra,1,17464,Bra,0.849636435508728,True
21611,Bra,2,30463,Bra,0.8475032448768616,True
21611,Bra,3,27453,Bra,0.8367067575454712,True
21611,Bra,4,21660,Bra,0.8196889758110046,True
21611,Bra,5,21654,Bra,0.8160562515258789,True
21611,Bra,6,21628,Bra,0.8140838146209717,True
21611,Bra,7,41814,Bra,0.804423451423645,True
21611,Bra,8,30488,Bra,0.7987266182899475,True
21611,Bra,9,30509,Bra,0.7948058843612671,True
21611,Bra,10,21662,Bra,0.7922019958496094,True
17989,Belts,1,17988,Belts,0.9372808933258057,True
17989,Belts,2,17777,Belts,0.9117745161056519,True
17989,Belts,3,42961,Belts,0.9112382531166077,True
17989,Belts,4,18837,Belts,0.9021555185317993,True
17989,Belts,5,28596,Belts,0.879593014717102,True
17989,Belts,6,48557,Belts,0.8793928027153015,True
17989,Belts,7,38377,Belts,0.8682311177253723,True
17989,Belts,8,38372,Belts,0.8677980899810791,True
17989,Belts,9,38382,Belts,0.8622117042541504,True
17989,Belts,10,18840,Belts,0.8527105450630188,True
44272,Wallets,1,44273,Wallets,0.9477618932723999,True
44272,Wallets,2,42931,Wallets,0.9411778450012207,True
44272,Wallets,3,50827,Wallets,0.9374740123748779,True
44272,Wallets,4,31188,Wallets,0.9352889060974121,True
44272,Wallets,5,36916,Wallets,0.9300914406776428,True
44272,Wallets,6,50825,Wallets,0.9292488098144531,True
44272,Wallets,7,14970,Wallets,0.9288568496704102,True
44272,Wallets,8,41266,Wallets,0.9283133745193481,True
44272,Wallets,9,19343,Wallets,0.9282786846160889,True
44272,Wallets,10,14963,Wallets,0.9259433150291443,True
53493,Bra,1,56417,Bra,0.896476686000824,True
53493,Bra,2,56287,Bra,0.8883001804351807,True
53493,Bra,3,51206,Bra,0.87583327293396,True
53493,Bra,4,39537,Bra,0.8643146753311157,True
53493,Bra,5,56301,Bra,0.8589379787445068,True
53493,Bra,6,50045,Bra,0.8577063083648682,True
53493,Bra,7,56307,Bra,0.8559601902961731,True
53493,Bra,8,59068,Bra,0.854411244392395,True
53493,Bra,9,57353,Bra,0.8527517914772034,True
53493,Bra,10,56420,Bra,0.8509602546691895,True
30338,Tshirts,1,30339,Tshirts,0.9184877872467041,True
30338,Tshirts,2,30310,Tshirts,0.9082539081573486,True
30338,Tshirts,3,30336,Tshirts,0.9063329696655273,True
30338,Tshirts,4,30134,Tshirts,0.8703717589378357,True
30338,Tshirts,5,18576,Tshirts,0.8666505813598633,True
30338,Tshirts,6,30312,Tshirts,0.8653987646102905,True
30338,Tshirts,7,32981,Tshirts,0.861767053604126,True
30338,Tshirts,8,10845,Tshirts,0.8603410720825195,True
30338,Tshirts,9,32979,Tshirts,0.8595971465110779,True
30338,Tshirts,10,39113,Tshirts,0.8582206964492798,True
53458,Heels,1,53457,Heels,0.8262631893157959,True
53458,Heels,2,45353,Heels,0.7944256067276001,True
53458,Heels,3,45350,Heels,0.7892231941223145,True
53458,Heels,4,23677,Sandals,0.7867757081985474,False
53458,Heels,5,28328,Sandals,0.7863247394561768,False
53458,Heels,6,44462,Flats,0.7823449373245239,False
53458,Heels,7,59142,Heels,0.7819427251815796,True
53458,Heels,8,13542,Flats,0.778023898601532,False
53458,Heels,9,34119,Sandals,0.7749951481819153,False
53458,Heels,10,21095,Sandals,0.7727782130241394,False
58612,Earrings,1,48619,Earrings,0.7731516361236572,True
58612,Earrings,2,58621,Earrings,0.7287371754646301,True
58612,Earrings,3,58620,Earrings,0.7207902669906616,True
58612,Earrings,4,52820,Earrings,0.7111556529998779,True
58612,Earrings,5,58611,Earrings,0.6949685215950012,True
58612,Earrings,6,58050,Earrings,0.6884016990661621,True
58612,Earrings,7,56377,Perfume and Body Mist,0.6878235340118408,False
58612,Earrings,8,58614,Earrings,0.6694775819778442,True
58612,Earrings,9,48599,Earrings,0.6664603352546692,True
58612,Earrings,10,59531,Earrings,0.6649802923202515,True
4884,Tops,1,4885,Tops,1.000000238418579,True
4884,Tops,2,4909,Tops,0.7612606883049011,True
4884,Tops,3,4908,Tops,0.7573708295822144,True
4884,Tops,4,3448,Tshirts,0.7501046061515808,False
4884,Tops,5,4881,Tshirts,0.7389378547668457,False
4884,Tops,6,24986,Tops,0.7329526543617249,True
4884,Tops,7,3451,Tshirts,0.7320326566696167,False
4884,Tops,8,39844,Tshirts,0.727161169052124,False
4884,Tops,9,3447,Tshirts,0.7260169982910156,False
4884,Tops,10,43686,Tshirts,0.7224375009536743,False
3893,Tshirts,1,3892,Tshirts,0.8976258635520935,True
3893,Tshirts,2,4311,Tshirts,0.8712723851203918,True
3893,Tshirts,3,3854,Tshirts,0.8656554818153381,True
3893,Tshirts,4,31107,Tshirts,0.8622139692306519,True
3893,Tshirts,5,34022,Tshirts,0.8622139692306519,True
3893,Tshirts,6,34023,Tshirts,0.8622139692306519,True
3893,Tshirts,7,17802,Tshirts,0.8620685338973999,True
3893,Tshirts,8,3851,Tshirts,0.857408881187439,True
3893,Tshirts,9,12599,Tshirts,0.8548198342323303,True
3893,Tshirts,10,17800,Tshirts,0.8538952469825745,True
58304,Socks,1,58307,Socks,0.9459621906280518,True
58304,Socks,2,58308,Socks,0.9261531233787537,True
58304,Socks,3,58323,Socks,0.9066812992095947,True
58304,Socks,4,43559,Socks,0.8848717212677002,True
58304,Socks,5,58310,Socks,0.8633761405944824,True
58304,Socks,6,29117,Socks,0.8474550247192383,True
58304,Socks,7,58295,Socks,0.845780611038208,True
58304,Socks,8,58294,Socks,0.8349180221557617,True
58304,Socks,9,36390,Socks,0.8321130275726318,True
58304,Socks,10,17300,Socks,0.8303844332695007,True
27807,Belts,1,45312,Belts,0.9121411442756653,True
27807,Belts,2,36034,Belts,0.9068472385406494,True
27807,Belts,3,46070,Belts,0.9065388441085815,True
27807,Belts,4,21766,Belts,0.8971628546714783,True
27807,Belts,5,27832,Belts,0.8932393789291382,True
27807,Belts,6,14828,Belts,0.8929284811019897,True
27807,Belts,7,21754,Belts,0.8918083906173706,True
27807,Belts,8,27814,Belts,0.8882487416267395,True
27807,Belts,9,41243,Belts,0.8785457611083984,True
27807,Belts,10,24621,Belts,0.8762814998626709,True
19734,Shirts,1,2123,Tops,0.86767578125,False
19734,Shirts,2,9801,Tops,0.8642035722732544,False
19734,Shirts,3,40431,Dresses,0.8596434593200684,False
19734,Shirts,4,11439,Tops,0.8518972992897034,False
19734,Shirts,5,19736,Shirts,0.8503576517105103,True
19734,Shirts,6,43922,Tops,0.8502274751663208,False
19734,Shirts,7,10339,Tshirts,0.8454148769378662,False
19734,Shirts,8,14627,Tops,0.842289924621582,False
19734,Shirts,9,2244,Tshirts,0.8420104384422302,False
19734,Shirts,10,35044,Kurtas,0.8405545949935913,False
59646,Sarees,1,5776,Tops,0.7705539464950562,False
59646,Sarees,2,52970,Sarees,0.756523847579956,True
59646,Sarees,3,53032,Sarees,0.7527421712875366,True
59646,Sarees,4,51084,Free Gifts,0.7502100467681885,False
59646,Sarees,5,53048,Sarees,0.7483454942703247,True
59646,Sarees,6,40660,Kurtas,0.7468069791793823,False
59646,Sarees,7,59653,Sarees,0.7434946298599243,True
59646,Sarees,8,53038,Sarees,0.7383699417114258,True
59646,Sarees,9,52463,Nightdress,0.7377634644508362,False
59646,Sarees,10,22770,Kurtas,0.7369812726974487,False
24820,Casual Shoes,1,4735,Casual Shoes,0.8654426336288452,True
24820,Casual Shoes,2,50727,Casual Shoes,0.8652120232582092,True
24820,Casual Shoes,3,13121,Casual Shoes,0.8631665706634521,True
24820,Casual Shoes,4,7267,Casual Shoes,0.8513630628585815,True
24820,Casual Shoes,5,9027,Casual Shoes,0.8496054410934448,True
24820,Casual Shoes,6,45623,Casual Shoes,0.8494710922241211,True
24820,Casual Shoes,7,13170,Casual Shoes,0.8452328443527222,True
24820,Casual Shoes,8,22165,Casual Shoes,0.8445740938186646,True
24820,Casual Shoes,9,50753,Casual Shoes,0.8433049321174622,True
24820,Casual Shoes,10,57942,Casual Shoes,0.8419475555419922,True
27004,Jeggings,1,27000,Jeans,0.9307196140289307,False
27004,Jeggings,2,27002,Jeans,0.9281958341598511,False
27004,Jeggings,3,26995,Jeans,0.9211759567260742,False
27004,Jeggings,4,14117,Jeans,0.9071356058120728,False
27004,Jeggings,5,20357,Jeans,0.9066011905670166,False
27004,Jeggings,6,12752,Jeans,0.9059849977493286,False
27004,Jeggings,7,12760,Jeans,0.899353563785553,False
27004,Jeggings,8,24996,Jeans,0.8932599425315857,False
27004,Jeggings,9,14697,Trousers,0.8928255438804626,False
27004,Jeggings,10,11240,Jeans,0.8921024799346924,False
9880,Shirts,1,9881,Shirts,1.000000238418579,True
9880,Shirts,2,8889,Shirts,0.922392725944519,True
9880,Shirts,3,8783,Shirts,0.8669096231460571,True
9880,Shirts,4,9667,Shirts,0.8669096231460571,True
9880,Shirts,5,12239,Shirts,0.8540999293327332,True
9880,Shirts,6,13744,Shirts,0.8467985391616821,True
9880,Shirts,7,12324,Shirts,0.8429129123687744,True
9880,Shirts,8,12282,Shirts,0.8410778045654297,True
9880,Shirts,9,12305,Shirts,0.8401452898979187,True
9880,Shirts,10,16335,Shirts,0.838482141494751,True
40592,Kurtas,1,42249,Tunics,0.8554276823997498,False
40592,Kurtas,2,11809,Kurtas,0.8193976283073425,True
40592,Kurtas,3,24159,Kurtas,0.8190855383872986,True
40592,Kurtas,4,31309,Kurtas,0.8177419900894165,True
40592,Kurtas,5,40654,Kurtas,0.8171761631965637,True
40592,Kurtas,6,42230,Tops,0.8131734728813171,False
40592,Kurtas,7,24161,Kurtas,0.8120236396789551,True
40592,Kurtas,8,37936,Dresses,0.8026815056800842,False
40592,Kurtas,9,24359,Kurtas,0.8017086982727051,True
40592,Kurtas,10,24157,Kurtas,0.8006119728088379,True
16929,Sweatshirts,1,22312,Jackets,0.895163893699646,False
16929,Sweatshirts,2,23149,Jackets,0.8907057046890259,False
16929,Sweatshirts,3,19558,Tshirts,0.8791369795799255,False
16929,Sweatshirts,4,19953,Sweaters,0.878542423248291,False
16929,Sweatshirts,5,23141,Sweatshirts,0.8772903084754944,True
16929,Sweatshirts,6,19339,Jackets,0.8764746189117432,False
16929,Sweatshirts,7,16231,Sweatshirts,0.8702229261398315,True
16929,Sweatshirts,8,14089,Sweaters,0.8699616193771362,False
16929,Sweatshirts,9,23139,Sweatshirts,0.8698008060455322,True
16929,Sweatshirts,10,14309,Jackets,0.8690999746322632,False
16327,Shirts,1,11461,Shirts,0.9510284066200256,True
16327,Shirts,2,19717,Shirts,0.9387639760971069,True
16327,Shirts,3,22356,Shirts,0.9259642958641052,True
16327,Shirts,4,19700,Shirts,0.9257816076278687,True
16327,Shirts,5,14643,Shirts,0.9245849847793579,True
16327,Shirts,6,15144,Shirts,0.9230764508247375,True
16327,Shirts,7,12937,Shirts,0.9219167232513428,True
16327,Shirts,8,16550,Shirts,0.9176990985870361,True
16327,Shirts,9,14052,Shirts,0.9171607494354248,True
16327,Shirts,10,19699,Shirts,0.9138154983520508,True
43919,Dresses,1,42678,Kurtas,0.8466429710388184,False
43919,Dresses,2,57994,Dresses,0.8431975245475769,True
43919,Dresses,3,47033,Kurtas,0.838727593421936,False
43919,Dresses,4,41383,Tops,0.8312739729881287,False
43919,Dresses,5,7138,Tunics,0.8250065445899963,False
43919,Dresses,6,42680,Kurtas,0.8220664858818054,False
43919,Dresses,7,57998,Dresses,0.8193101286888123,True
43919,Dresses,8,38838,Dresses,0.8141469955444336,True
43919,Dresses,9,14551,Kurtas,0.8136811852455139,False
43919,Dresses,10,58001,Dresses,0.8093647360801697,True
46691,Perfume and Body Mist,1,44022,Perfume and Body Mist,0.7065690159797668,True
46691,Perfume and Body Mist,2,46634,Deodorant,0.6942064762115479,False
46691,Perfume and Body Mist,3,46300,Perfume and Body Mist,0.6876170635223389,True
46691,Perfume and Body Mist,4,46647,Deodorant,0.6474671363830566,False
46691,Perfume and Body Mist,5,46657,Deodorant,0.6384840607643127,False
46691,Perfume and Body Mist,6,46763,Perfume and Body Mist,0.6340301632881165,True
46691,Perfume and Body Mist,7,46682,Perfume and Body Mist,0.632235586643219,True
46691,Perfume and Body Mist,8,46637,Deodorant,0.6322273015975952,False
46691,Perfume and Body Mist,9,46710,Perfume and Body Mist,0.6288504600524902,True
46691,Perfume and Body Mist,10,25984,Deodorant,0.6259957551956177,False
59017,Flip Flops,1,34511,Flip Flops,0.8822663426399231,True
59017,Flip Flops,2,12488,Sandals,0.8613469004631042,False
59017,Flip Flops,3,33661,Flip Flops,0.8596306443214417,True
59017,Flip Flops,4,10173,Sandals,0.8530793190002441,False
59017,Flip Flops,5,15073,Sandals,0.8478143215179443,False
59017,Flip Flops,6,11893,Sandals,0.8467992544174194,False
59017,Flip Flops,7,35667,Flip Flops,0.8456533551216125,True
59017,Flip Flops,8,5605,Flip Flops,0.8442416191101074,True
59017,Flip Flops,9,11914,Sandals,0.8429850339889526,False
59017,Flip Flops,10,16112,Sandals,0.8372048139572144,False
9084,Track Pants,1,8763,Track Pants,0.9321449398994446,True
9084,Track Pants,2,30605,Track Pants,0.8813925981521606,True
9084,Track Pants,3,3917,Track Pants,0.873458981513977,True
9084,Track Pants,4,38574,Track Pants,0.8432457447052002,True
9084,Track Pants,5,7885,Track Pants,0.8420901894569397,True
9084,Track Pants,6,8030,Track Pants,0.835558295249939,True
9084,Track Pants,7,31180,Leggings,0.8352047204971313,False
9084,Track Pants,8,7889,Track Pants,0.8217625617980957,True
9084,Track Pants,9,11128,Track Pants,0.820927619934082,True
9084,Track Pants,10,40274,Trousers,0.817095160484314,False
42699,Flats,1,8169,Flats,0.7766576409339905,True
42699,Flats,2,54113,Heels,0.7572478652000427,False
42699,Flats,3,49623,Heels,0.7519741058349609,False
42699,Flats,4,35811,Heels,0.7503646016120911,False
42699,Flats,5,45405,Flats,0.7482908964157104,True
42699,Flats,6,36134,Flip Flops,0.7468066811561584,False
42699,Flats,7,14440,Heels,0.7420427203178406,False
42699,Flats,8,54105,Heels,0.7404377460479736,False
42699,Flats,9,42698,Flats,0.7400418519973755,True
42699,Flats,10,47579,Heels,0.7385557293891907,False
21132,Tops,1,18758,Dresses,0.842309832572937,False
21132,Tops,2,30951,Tops,0.8201512098312378,True
21132,Tops,3,26956,Tops,0.8118048906326294,True
21132,Tops,4,10342,Tops,0.8056846857070923,True
21132,Tops,5,26921,Tops,0.805450975894928,True
21132,Tops,6,10508,Tops,0.8044310808181763,True
21132,Tops,7,21161,Tops,0.8034259080886841,True
21132,Tops,8,24948,Tshirts,0.801363468170166,False
21132,Tops,9,10418,Tops,0.8013253808021545,True
21132,Tops,10,28691,Kurtas,0.8006531596183777,False
30040,Watches,1,30038,Watches,0.9311712980270386,True
30040,Watches,2,46437,Watches,0.7954211235046387,True
30040,Watches,3,19756,Watches,0.7552264928817749,True
30040,Watches,4,33919,Watches,0.753477931022644,True
30040,Watches,5,26340,Watches,0.7339425683021545,True
30040,Watches,6,51536,Watches,0.7142391204833984,True
30040,Watches,7,30048,Watches,0.7131680846214294,True
30040,Watches,8,30037,Watches,0.7094225883483887,True
30040,Watches,9,54660,Watches,0.708642303943634,True
30040,Watches,10,45297,Watches,0.7054352760314941,True
57380,Briefs,1,45094,Briefs,0.8711990118026733,True
57380,Briefs,2,59722,Briefs,0.859809160232544,True
57380,Briefs,3,57412,Briefs,0.858388364315033,True
57380,Briefs,4,57368,Briefs,0.8546228408813477,True
57380,Briefs,5,54326,Briefs,0.8497517108917236,True
57380,Briefs,6,51846,Briefs,0.8485829830169678,True
57380,Briefs,7,57375,Briefs,0.8457597494125366,True
57380,Briefs,8,51776,Briefs,0.8441712856292725,True
57380,Briefs,9,31284,Tshirts,0.8436469435691833,False
57380,Briefs,10,28901,Briefs,0.8410400152206421,True
41681,Heels,1,41673,Heels,0.7289062738418579,True
41681,Heels,2,41672,Heels,0.7026576995849609,True
41681,Heels,3,2900,Heels,0.6986362934112549,True
41681,Heels,4,39612,Heels,0.6972838640213013,True
41681,Heels,5,57852,Heels,0.6652534008026123,True
41681,Heels,6,46607,Heels,0.6644220948219299,True
41681,Heels,7,46608,Heels,0.6602070927619934,True
41681,Heels,8,20765,Flats,0.657916247844696,False
41681,Heels,9,50164,Heels,0.6545541882514954,True
41681,Heels,10,41669,Heels,0.6529582738876343,True
21556,Handbags,1,21551,Handbags,0.8237172365188599,True
21556,Handbags,2,21560,Handbags,0.8033726811408997,True
21556,Handbags,3,29728,Handbags,0.791731059551239,True
21556,Handbags,4,21546,Handbags,0.7900551557540894,True
21556,Handbags,5,29724,Handbags,0.7760735750198364,True
21556,Handbags,6,21550,Handbags,0.7727915644645691,True
21556,Handbags,7,21549,Handbags,0.761475682258606,True
21556,Handbags,8,29736,Handbags,0.754299521446228,True
21556,Handbags,9,34559,Handbags,0.7537750005722046,True
21556,Handbags,10,21555,Handbags,0.7487671971321106,True
6463,Flip Flops,1,24179,Flip Flops,0.7664163112640381,True
6463,Flip Flops,2,17645,Flip Flops,0.7655261158943176,True
6463,Flip Flops,3,58331,Flip Flops,0.7558403015136719,True
6463,Flip Flops,4,10743,Flip Flops,0.7538529634475708,True
6463,Flip Flops,5,11860,Flip Flops,0.7499427795410156,True
6463,Flip Flops,6,41220,Flip Flops,0.7426139116287231,True
6463,Flip Flops,7,40787,Flip Flops,0.7383466362953186,True
6463,Flip Flops,8,41213,Flip Flops,0.731525182723999,True
6463,Flip Flops,9,11856,Flip Flops,0.7294489145278931,True
6463,Flip Flops,10,23828,Flip Flops,0.7232900857925415,True
18411,Sports Shoes,1,59008,Sports Shoes,0.8755484223365784,True
18411,Sports Shoes,2,47168,Sports Shoes,0.875031590461731,True
18411,Sports Shoes,3,35386,Casual Shoes,0.7515289783477783,False
18411,Sports Shoes,4,3467,Casual Shoes,0.7486481070518494,False
18411,Sports Shoes,5,51753,Casual Shoes,0.7439495921134949,False
18411,Sports Shoes,6,36452,Sports Shoes,0.7420462369918823,True
18411,Sports Shoes,7,7601,Sports Shoes,0.7327402830123901,True
18411,Sports Shoes,8,38673,Sports Shoes,0.7274534702301025,True
18411,Sports Shoes,9,38546,Casual Shoes,0.7246944308280945,False
18411,Sports Shoes,10,13163,Sports Shoes,0.7206845283508301,True
43789,Earrings,1,43768,Earrings,0.8063073754310608,True
43789,Earrings,2,43788,Earrings,0.7766810059547424,True
43789,Earrings,3,43791,Earrings,0.7520140409469604,True
43789,Earrings,4,43787,Earrings,0.7513332962989807,True
43789,Earrings,5,43860,Earrings,0.7168111801147461,True
43789,Earrings,6,43837,Earrings,0.7063573598861694,True
43789,Earrings,7,43808,Earrings,0.7053334712982178,True
43789,Earrings,8,43867,Earrings,0.7006461024284363,True
43789,Earrings,9,58023,Earrings,0.661179780960083,True
43789,Earrings,10,58032,Earrings,0.6590052247047424,True
40568,Kurtas,1,25599,Kurta Sets,0.7628942131996155,False
40568,Kurtas,2,28754,Kurtas,0.7548242807388306,True
40568,Kurtas,3,23325,Kurtas,0.7414597272872925,True
40568,Kurtas,4,28753,Kurtas,0.741276204586029,True
40568,Kurtas,5,28702,Kurtas,0.7407532930374146,True
40568,Kurtas,6,24500,Kurtas,0.7403388619422913,True
40568,Kurtas,7,20097,Kurtas,0.7374436855316162,True
40568,Kurtas,8,19079,Kurtas,0.7370878458023071,True
40568,Kurtas,9,5123,Tshirts,0.736299455165863,False
40568,Kurtas,10,14540,Kurtis,0.7355598211288452,False
49849,Watches,1,19755,Watches,0.8305677175521851,True
49849,Watches,2,19759,Watches,0.7549678087234497,True
49849,Watches,3,5075,Watches,0.7505295276641846,True
49849,Watches,4,5076,Watches,0.743765652179718,True
49849,Watches,5,38005,Watches,0.7234321236610413,True
49849,Watches,6,19764,Watches,0.6884742379188538,True
49849,Watches,7,49848,Watches,0.6864035725593567,True
49849,Watches,8,5074,Watches,0.6798719167709351,True
49849,Watches,9,32325,Watches,0.6765211224555969,True
49849,Watches,10,19769,Watches,0.6753045320510864,True
50158,Heels,1,59033,Heels,0.7733193635940552,True
50158,Heels,2,27075,Heels,0.7432311177253723,True
50158,Heels,3,41474,Heels,0.7429963946342468,True
50158,Heels,4,55644,Heels,0.7359331846237183,True
50158,Heels,5,50157,Heels,0.7330390214920044,True
50158,Heels,6,17003,Flats,0.7321041822433472,False
50158,Heels,7,50159,Heels,0.7320895195007324,True
50158,Heels,8,20784,Flats,0.7210132479667664,False
50158,Heels,9,13146,Heels,0.720048725605011,True
50158,Heels,10,59030,Heels,0.7195499539375305,True
45217,Watches,1,45215,Watches,0.8405381441116333,True
45217,Watches,2,45216,Watches,0.8113647699356079,True
45217,Watches,3,45136,Watches,0.7708805203437805,True
45217,Watches,4,45219,Watches,0.727897047996521,True
45217,Watches,5,28432,Watches,0.7035771608352661,True
45217,Watches,6,49880,Watches,0.699600875377655,True
45217,Watches,7,51631,Watches,0.6958310008049011,True
45217,Watches,8,46458,Watches,0.6820073127746582,True
45217,Watches,9,33913,Watches,0.679978609085083,True
45217,Watches,10,33918,Watches,0.6734001040458679,True
40557,Watches,1,33899,Watches,0.8876645565032959,True
40557,Watches,2,40558,Watches,0.8755059242248535,True
40557,Watches,3,46313,Watches,0.8541743755340576,True
40557,Watches,4,40507,Watches,0.8501551151275635,True
40557,Watches,5,46308,Watches,0.8360267281532288,True
40557,Watches,6,28433,Watches,0.8261085152626038,True
40557,Watches,7,46495,Watches,0.8233290910720825,True
40557,Watches,8,40556,Watches,0.8101425766944885,True
40557,Watches,9,29491,Watches,0.8011593818664551,True
40557,Watches,10,46422,Watches,0.7996883392333984,True
21938,Handbags,1,21939,Handbags,0.8466956615447998,True
21938,Handbags,2,22005,Handbags,0.8231525421142578,True
21938,Handbags,3,51919,Handbags,0.8218557834625244,True
21938,Handbags,4,21941,Handbags,0.81916344165802,True
21938,Handbags,5,25275,Handbags,0.8105647563934326,True
21938,Handbags,6,34551,Handbags,0.8065618872642517,True
21938,Handbags,7,53684,Handbags,0.7963767647743225,True
21938,Handbags,8,53675,Handbags,0.796187162399292,True
21938,Handbags,9,53676,Handbags,0.7929670810699463,True
21938,Handbags,10,44242,Handbags,0.7927197813987732,True
22311,Heels,1,22310,Heels,0.7880821228027344,True
22311,Heels,2,49597,Heels,0.7391015291213989,True
22311,Heels,3,27081,Heels,0.7212052345275879,True
22311,Heels,4,22263,Heels,0.7109955549240112,True
22311,Heels,5,54122,Heels,0.7074172496795654,True
22311,Heels,6,57307,Heels,0.7000904083251953,True
22311,Heels,7,22264,Heels,0.6958736181259155,True
22311,Heels,8,57298,Heels,0.6918972730636597,True
22311,Heels,9,27076,Flats,0.6906007528305054,False
22311,Heels,10,42695,Flats,0.6894413232803345,False
8731,Shirts,1,9624,Shirts,0.9999998807907104,True
8731,Shirts,2,13864,Shirts,0.9000413417816162,True
8731,Shirts,3,13865,Shirts,0.9000413417816162,True
8731,Shirts,4,13405,Shirts,0.8944638967514038,True
8731,Shirts,5,26273,Tshirts,0.8831769227981567,False
8731,Shirts,6,31024,Shirts,0.8828363418579102,True
8731,Shirts,7,34219,Tshirts,0.88005530834198,False
8731,Shirts,8,20188,Shirts,0.8792877793312073,True
8731,Shirts,9,31249,Tshirts,0.8740850687026978,False
8731,Shirts,10,27537,Shirts,0.8736206889152527,True
44907,Tshirts,1,27581,Tshirts,0.9007717967033386,True
44907,Tshirts,2,6796,Tshirts,0.8827979564666748,True
44907,Tshirts,3,2343,Tshirts,0.8764544129371643,True
44907,Tshirts,4,16006,Tshirts,0.8693959712982178,True
44907,Tshirts,5,7922,Tshirts,0.8650224208831787,True
44907,Tshirts,6,2145,Tshirts,0.8648567199707031,True
44907,Tshirts,7,30127,Tshirts,0.8644833564758301,True
44907,Tshirts,8,37098,Tshirts,0.8621675968170166,True
44907,Tshirts,9,16010,Tshirts,0.8611175417900085,True
44907,Tshirts,10,17266,Tshirts,0.8541704416275024,True
18240,Tshirts,1,12557,Tshirts,0.9034073352813721,True
18240,Tshirts,2,12200,Tshirts,0.9009339809417725,True
18240,Tshirts,3,17933,Tshirts,0.897257924079895,True
18240,Tshirts,4,18616,Tshirts,0.8893299102783203,True
18240,Tshirts,5,16647,Tshirts,0.8879565000534058,True
18240,Tshirts,6,16498,Tshirts,0.8877617120742798,True
18240,Tshirts,7,18632,Tshirts,0.8877107501029968,True
18240,Tshirts,8,18570,Tshirts,0.8850131630897522,True
18240,Tshirts,9,7924,Tshirts,0.8844475150108337,True
18240,Tshirts,10,9856,Tshirts,0.8838379979133606,True
36716,Tshirts,1,39853,Tshirts,1.0000001192092896,True
36716,Tshirts,2,39854,Tshirts,1.0000001192092896,True
36716,Tshirts,3,40949,Tshirts,0.8964740037918091,True
36716,Tshirts,4,48251,Tshirts,0.8371423482894897,True
36716,Tshirts,5,36322,Tshirts,0.8323482275009155,True
36716,Tshirts,6,37569,Tshirts,0.8302556872367859,True
36716,Tshirts,7,12832,Tshirts,0.8246865272521973,True
36716,Tshirts,8,17611,Tshirts,0.8245216608047485,True
36716,Tshirts,9,37568,Tshirts,0.8235613107681274,True
36716,Tshirts,10,37544,Tshirts,0.8232508301734924,True
11550,Kurtas,1,20098,Kurtas,0.8416651487350464,True
11550,Kurtas,2,22748,Kurtas,0.8394801616668701,True
11550,Kurtas,3,12074,Kurtas,0.8316535353660583,True
11550,Kurtas,4,11552,Kurtas,0.8239850401878357,True
11550,Kurtas,5,11538,Kurtas,0.8221699595451355,True
11550,Kurtas,6,28729,Kurtas,0.8158928155899048,True
11550,Kurtas,7,28704,Kurtas,0.8004597425460815,True
11550,Kurtas,8,12079,Kurtas,0.7995007038116455,True
11550,Kurtas,9,11578,Kurtas,0.7971188426017761,True
11550,Kurtas,10,28718,Kurtas,0.7970830202102661,True
6036,Tshirts,1,5116,Tshirts,0.8308326005935669,True
6036,Tshirts,2,3947,Tshirts,0.8059017062187195,True
6036,Tshirts,3,35981,Tshirts,0.8056693077087402,True
6036,Tshirts,4,7200,Tops,0.8045950531959534,False
6036,Tshirts,5,26941,Tshirts,0.8030527830123901,True
6036,Tshirts,6,16146,Tops,0.7877625823020935,False
6036,Tshirts,7,6903,Tshirts,0.785997748374939,True
6036,Tshirts,8,30138,Tshirts,0.7844956517219543,True
6036,Tshirts,9,5143,Tshirts,0.7843334674835205,True
6036,Tshirts,10,16133,Tops,0.7841757535934448,False
17005,Flats,1,17001,Flats,0.850549578666687,True
17005,Flats,2,46581,Heels,0.8254429697990417,False
17005,Flats,3,39610,Heels,0.8228418827056885,False
17005,Flats,4,17021,Flats,0.8135207891464233,True
17005,Flats,5,33096,Heels,0.7944802045822144,False
17005,Flats,6,43934,Heels,0.7899346947669983,False
17005,Flats,7,39584,Heels,0.7865551710128784,False
17005,Flats,8,20776,Flats,0.7835477590560913,True
17005,Flats,9,22257,Heels,0.7812637686729431,False
17005,Flats,10,50163,Heels,0.7789816856384277,False
3120,Tshirts,1,3104,Tshirts,0.9268477559089661,True
3120,Tshirts,2,3100,Tshirts,0.9100996851921082,True
3120,Tshirts,3,24598,Tshirts,0.8973954319953918,True
3120,Tshirts,4,14914,Tshirts,0.8918174505233765,True
3120,Tshirts,5,3095,Tshirts,0.8861917853355408,True
3120,Tshirts,6,14910,Tshirts,0.8820924758911133,True
3120,Tshirts,7,4243,Tshirts,0.8797795176506042,True
3120,Tshirts,8,2854,Tshirts,0.879414439201355,True
3120,Tshirts,9,3079,Tshirts,0.8782231211662292,True
3120,Tshirts,10,2780,Tshirts,0.8776611685752869,True
9628,Shirts,1,27559,Shirts,0.8943823575973511,True
9628,Shirts,2,43410,Shirts,0.8943823575973511,True
9628,Shirts,3,41586,Shirts,0.8918688297271729,True
9628,Shirts,4,6042,Shirts,0.8889888525009155,True
9628,Shirts,5,39071,Shirts,0.8694398403167725,True
9628,Shirts,6,33546,Shirts,0.8646908402442932,True
9628,Shirts,7,27560,Shirts,0.8631545305252075,True
9628,Shirts,8,43033,Shirts,0.8631545305252075,True
9628,Shirts,9,2335,Tshirts,0.8630020618438721,False
9628,Shirts,10,37741,Shirts,0.8627226948738098,True
50550,Boxers,1,14024,Shorts,0.8636325001716614,False
50550,Boxers,2,25024,Shorts,0.8567681908607483,False
50550,Boxers,3,6521,Shorts,0.8511244058609009,False
50550,Boxers,4,5451,Shorts,0.8460454940795898,False
50550,Boxers,5,14023,Shorts,0.8356464505195618,False
50550,Boxers,6,30603,Shorts,0.8354601263999939,False
50550,Boxers,7,14021,Shorts,0.8312112092971802,False
50550,Boxers,8,30596,Shorts,0.8267526626586914,False
50550,Boxers,9,15333,Shorts,0.8262842297554016,False
50550,Boxers,10,31459,Shorts,0.8171800374984741,False
5879,Tshirts,1,4771,Tshirts,0.8369222283363342,True
5879,Tshirts,2,26959,Shirts,0.8279025554656982,False
5879,Tshirts,3,5813,Tshirts,0.8234530091285706,True
5879,Tshirts,4,13454,Tshirts,0.8224572539329529,True
5879,Tshirts,5,16131,Tshirts,0.8196350336074829,True
5879,Tshirts,6,1991,Tshirts,0.814888060092926,True
5879,Tshirts,7,5881,Tshirts,0.8143203258514404,True
5879,Tshirts,8,26957,Shirts,0.8101766109466553,False
5879,Tshirts,9,57114,Tops,0.8043789267539978,False
5879,Tshirts,10,13448,Shirts,0.8021753430366516,False
16513,Jeans,1,16507,Jeans,0.9567316174507141,True
16513,Jeans,2,39382,Jeans,0.9517450332641602,True
16513,Jeans,3,16819,Jeans,0.9512600302696228,True
16513,Jeans,4,36845,Jeans,0.9491442441940308,True
16513,Jeans,5,28821,Jeans,0.948689877986908,True
16513,Jeans,6,14625,Jeans,0.9486050605773926,True
16513,Jeans,7,31334,Jeans,0.9481559991836548,True
16513,Jeans,8,30412,Jeans,0.9462631940841675,True
16513,Jeans,9,16521,Jeans,0.9456478357315063,True
16513,Jeans,10,12828,Jeans,0.9455513954162598,True
34471,Sports Sandals,1,33832,Sports Sandals,0.8377703428268433,True
34471,Sports Sandals,2,53380,Sports Sandals,0.8332905173301697,True
34471,Sports Sandals,3,6143,Sports Sandals,0.8304731249809265,True
34471,Sports Sandals,4,17973,Sandals,0.8168972730636597,False
34471,Sports Sandals,5,26692,Sports Sandals,0.8105406761169434,True
34471,Sports Sandals,6,43956,Sports Sandals,0.8092030882835388,True
34471,Sports Sandals,7,18601,Sandals,0.8078630566596985,False
34471,Sports Sandals,8,16972,Sandals,0.8065201044082642,False
34471,Sports Sandals,9,17749,Sports Sandals,0.8020135164260864,True
34471,Sports Sandals,10,43891,Sandals,0.7992014288902283,False
12147,Kurtis,1,24170,Kurtis,0.859297513961792,True
12147,Kurtis,2,40585,Kurtas,0.8456558585166931,False
12147,Kurtis,3,20119,Tops,0.8418354392051697,False
12147,Kurtis,4,24887,Tshirts,0.8410716652870178,False
12147,Kurtis,5,12125,Kurtas,0.8384116888046265,False
12147,Kurtis,6,19056,Kurtas,0.8356406092643738,False
12147,Kurtis,7,11627,Kurtas,0.8314686417579651,False
12147,Kurtis,8,11761,Tops,0.829721987247467,False
12147,Kurtis,9,24155,Kurtas,0.8288143873214722,False
12147,Kurtis,10,28757,Kurtas,0.8274479508399963,False
9218,Casual Shoes,1,22102,Casual Shoes,0.8337678909301758,True
9218,Casual Shoes,2,8220,Sports Shoes,0.8253144025802612,False
9218,Casual Shoes,3,20678,Casual Shoes,0.8093356490135193,True
9218,Casual Shoes,4,49491,Casual Shoes,0.8080658316612244,True
9218,Casual Shoes,5,3246,Casual Shoes,0.801417887210846,True
9218,Casual Shoes,6,9216,Casual Shoes,0.7986965179443359,True
9218,Casual Shoes,7,53634,Casual Shoes,0.7973631024360657,True
9218,Casual Shoes,8,57469,Casual Shoes,0.7951818704605103,True
9218,Casual Shoes,9,51349,Casual Shoes,0.7931550145149231,True
9218,Casual Shoes,10,9390,Casual Shoes,0.786221981048584,True
37200,Jeans,1,31672,Jeans,0.9508754014968872,True
37200,Jeans,2,16513,Jeans,0.931359052658081,True
37200,Jeans,3,10489,Jeans,0.9298315048217773,True
37200,Jeans,4,41355,Jeans,0.925397515296936,True
37200,Jeans,5,39382,Jeans,0.9190952777862549,True
37200,Jeans,6,16507,Jeans,0.9180929064750671,True
37200,Jeans,7,14625,Jeans,0.9169150590896606,True
37200,Jeans,8,12828,Jeans,0.9144257307052612,True
37200,Jeans,9,44586,Jeans,0.9142863750457764,True
37200,Jeans,10,31673,Jeans,0.9122352600097656,True
54104,Flats,1,53133,Heels,0.8066117167472839,False
54104,Flats,2,54105,Heels,0.7848080992698669,False
54104,Flats,3,27035,Flats,0.7788718938827515,True
54104,Flats,4,47617,Flats,0.776015043258667,True
54104,Flats,5,35797,Heels,0.7617724537849426,False
54104,Flats,6,14419,Heels,0.7578357458114624,False
54104,Flats,7,14425,Heels,0.7440667152404785,False
54104,Flats,8,35810,Heels,0.7368056178092957,False
54104,Flats,9,56943,Flats,0.7358129024505615,True
54104,Flats,10,59761,Flats,0.7276833653450012,True
49489,Casual Shoes,1,49490,Casual Shoes,0.8305175304412842,True
49489,Casual Shoes,2,29566,Casual Shoes,0.8291725516319275,True
49489,Casual Shoes,3,57469,Casual Shoes,0.8246906399726868,True
49489,Casual Shoes,4,57467,Casual Shoes,0.8039897680282593,True
49489,Casual Shoes,5,6435,Casual Shoes,0.8005089163780212,True
49489,Casual Shoes,6,6420,Casual Shoes,0.7954010367393494,True
49489,Casual Shoes,7,47244,Casual Shoes,0.7844610810279846,True
49489,Casual Shoes,8,6428,Casual Shoes,0.7826740741729736,True
49489,Casual Shoes,9,25474,Casual Shoes,0.7825413346290588,True
49489,Casual Shoes,10,6458,Casual Shoes,0.7810997366905212,True
30673,Sunglasses,1,16883,Sunglasses,0.9355669021606445,True
30673,Sunglasses,2,16843,Sunglasses,0.9314935207366943,True
30673,Sunglasses,3,23714,Sunglasses,0.9302784204483032,True
30673,Sunglasses,4,41519,Sunglasses,0.9250348210334778,True
30673,Sunglasses,5,30672,Sunglasses,0.9246472716331482,True
30673,Sunglasses,6,16838,Sunglasses,0.924613356590271,True
30673,Sunglasses,7,51680,Sunglasses,0.9163549542427063,True
30673,Sunglasses,8,21355,Sunglasses,0.914872407913208,True
30673,Sunglasses,9,28304,Sunglasses,0.914594829082489,True
30673,Sunglasses,10,38214,Sunglasses,0.9134230613708496,True
43381,Flip Flops,1,43375,Flip Flops,0.9837310314178467,True
43381,Flip Flops,2,43370,Flip Flops,0.9473590850830078,True
43381,Flip Flops,3,44716,Flip Flops,0.7888021469116211,True
43381,Flip Flops,4,44710,Flip Flops,0.7804908156394958,True
43381,Flip Flops,5,43369,Flip Flops,0.7624339461326599,True
43381,Flip Flops,6,53439,Flip Flops,0.7487313747406006,True
43381,Flip Flops,7,33653,Flip Flops,0.7471932768821716,True
43381,Flip Flops,8,10622,Flip Flops,0.742687463760376,True
43381,Flip Flops,9,24119,Flip Flops,0.7403450608253479,True
43381,Flip Flops,10,12719,Flats,0.7368730306625366,False
26716,Tshirts,1,18975,Tshirts,0.9486857652664185,True
26716,Tshirts,2,18849,Tshirts,0.9466735124588013,True
26716,Tshirts,3,31271,Tshirts,0.9415581226348877,True
26716,Tshirts,4,29580,Tshirts,0.9413752555847168,True
26716,Tshirts,5,31267,Tshirts,0.9411225318908691,True
26716,Tshirts,6,12557,Tshirts,0.9385513067245483,True
26716,Tshirts,7,18632,Tshirts,0.9346179366111755,True
26716,Tshirts,8,18634,Tshirts,0.9330130815505981,True
26716,Tshirts,9,16498,Tshirts,0.9310523271560669,True
26716,Tshirts,10,26234,Tshirts,0.9284222722053528,True
43178,Watches,1,43179,Watches,0.8037639856338501,True
43178,Watches,2,45018,Watches,0.7333713173866272,True
43178,Watches,3,32322,Watches,0.724514901638031,True
43178,Watches,4,36755,Watches,0.7243449687957764,True
43178,Watches,5,32363,Watches,0.7209076881408691,True
43178,Watches,6,43181,Watches,0.707237720489502,True
43178,Watches,7,43163,Watches,0.7058066129684448,True
43178,Watches,8,10608,Watches,0.7026050090789795,True
43178,Watches,9,43190,Watches,0.7003492712974548,True
43178,Watches,10,43180,Watches,0.6937577724456787,True
32329,Watches,1,25310,Watches,0.8698442578315735,True
32329,Watches,2,25335,Watches,0.8419708013534546,True
32329,Watches,3,45909,Watches,0.8350050449371338,True
32329,Watches,4,32355,Watches,0.8305296897888184,True
32329,Watches,5,36904,Watches,0.8196649551391602,True
32329,Watches,6,37298,Watches,0.8019118309020996,True
32329,Watches,7,10581,Watches,0.7956028580665588,True
32329,Watches,8,32350,Watches,0.7848188877105713,True
32329,Watches,9,10582,Watches,0.7792881727218628,True
32329,Watches,10,32341,Watches,0.7779163122177124,True
53114,Tshirts,1,44829,Tshirts,0.7707236409187317,True
53114,Tshirts,2,30345,Tshirts,0.7665442824363708,True
53114,Tshirts,3,10452,Tshirts,0.7505669593811035,True
53114,Tshirts,4,3761,Tshirts,0.7485710382461548,True
53114,Tshirts,5,43495,Tshirts,0.739316463470459,True
53114,Tshirts,6,57931,Tshirts,0.7350292205810547,True
53114,Tshirts,7,7355,Tshirts,0.7341456413269043,True
53114,Tshirts,8,6237,Tshirts,0.7337199449539185,True
53114,Tshirts,9,44841,Tshirts,0.7306471467018127,True
53114,Tshirts,10,24579,Tshirts,0.7289482355117798,True
12372,Shirts,1,12357,Shirts,0.7964898347854614,True
12372,Shirts,2,12364,Shirts,0.7485642433166504,True
12372,Shirts,3,12354,Shirts,0.7476856112480164,True
12372,Shirts,4,12358,Shirts,0.7352339029312134,True
12372,Shirts,5,14762,Shirts,0.7302709221839905,True
12372,Shirts,6,14760,Shirts,0.7296888828277588,True
12372,Shirts,7,12385,Shirts,0.7233391404151917,True
12372,Shirts,8,12380,Shirts,0.7169405817985535,True
12372,Shirts,9,14741,Shirts,0.709989070892334,True
12372,Shirts,10,38973,Shirts,0.7047412395477295,True
36321,Tshirts,1,4200,Tshirts,0.8434694409370422,True
36321,Tshirts,2,35891,Tshirts,0.8425140380859375,True
36321,Tshirts,3,4723,Tshirts,0.8380429744720459,True
36321,Tshirts,4,4730,Tshirts,0.8351587057113647,True
36321,Tshirts,5,4217,Tshirts,0.8348008394241333,True
36321,Tshirts,6,23624,Tops,0.8316314220428467,False
36321,Tshirts,7,35884,Tshirts,0.8267912864685059,True
36321,Tshirts,8,5423,Tshirts,0.8231333494186401,True
36321,Tshirts,9,35998,Tshirts,0.8214800357818604,True
36321,Tshirts,10,35877,Tshirts,0.8189173936843872,True
25736,Wallets,1,14867,Wallets,0.6781793832778931,True
25736,Wallets,2,14842,Wallets,0.6655662059783936,True
25736,Wallets,3,36541,Wallets,0.6611049771308899,True
25736,Wallets,4,14869,Wallets,0.6556749939918518,True
25736,Wallets,5,27755,Wallets,0.6529431343078613,True
25736,Wallets,6,41258,Wallets,0.652462363243103,True
25736,Wallets,7,19344,Wallets,0.651806116104126,True
25736,Wallets,8,42967,Wallets,0.6474719047546387,True
25736,Wallets,9,21813,Wallets,0.6457089185714722,True
25736,Wallets,10,21816,Wallets,0.6416366100311279,True
14627,Tops,1,19591,Tops,0.9091238975524902,True
14627,Tops,2,14633,Tops,0.8861675262451172,True
14627,Tops,3,20308,Sweaters,0.8846435546875,False
14627,Tops,4,19737,Tops,0.88339763879776,True
14627,Tops,5,23047,Sweaters,0.8833509683609009,False
14627,Tops,6,20002,Tops,0.8788036704063416,True
14627,Tops,7,11036,Tops,0.8725630044937134,True
14627,Tops,8,21591,Tshirts,0.8696061968803406,False
14627,Tops,9,11097,Tops,0.8666542768478394,True
14627,Tops,10,24849,Tshirts,0.86557936668396,False
1871,Tshirts,1,16317,Tshirts,0.9142055511474609,True
1871,Tshirts,2,1872,Tshirts,0.9047828316688538,True
1871,Tshirts,3,23969,Tshirts,0.8999156951904297,True
1871,Tshirts,4,22200,Tshirts,0.898177981376648,True
1871,Tshirts,5,30306,Tshirts,0.8879655003547668,True
1871,Tshirts,6,6770,Tshirts,0.883283793926239,True
1871,Tshirts,7,1860,Tshirts,0.873805046081543,True
1871,Tshirts,8,2051,Tshirts,0.8731712698936462,True
1871,Tshirts,9,1876,Tshirts,0.8721132874488831,True
1871,Tshirts,10,1868,Tshirts,0.870255708694458,True
15954,Ties,1,15951,Ties,0.9632051587104797,True
15954,Ties,2,15960,Ties,0.9605222940444946,True
15954,Ties,3,15958,Ties,0.9347497224807739,True
15954,Ties,4,15949,Ties,0.9347272515296936,True
15954,Ties,5,15953,Ties,0.926691472530365,True
15954,Ties,6,15950,Ties,0.912505567073822,True
15954,Ties,7,15956,Ties,0.9085434079170227,True
15954,Ties,8,11160,Ties,0.8792179226875305,True
15954,Ties,9,15959,Ties,0.8724960088729858,True
15954,Ties,10,15946,Ties,0.8705652952194214,True
29130,Sunglasses,1,16840,Sunglasses,0.917583703994751,True
29130,Sunglasses,2,38172,Sunglasses,0.9172642230987549,True
29130,Sunglasses,3,58553,Sunglasses,0.905806303024292,True
29130,Sunglasses,4,8704,Sunglasses,0.9050593972206116,True
29130,Sunglasses,5,21305,Sunglasses,0.9044500589370728,True
29130,Sunglasses,6,51733,Sunglasses,0.9017198085784912,True
29130,Sunglasses,7,14861,Sunglasses,0.897652268409729,True
29130,Sunglasses,8,16942,Sunglasses,0.896304190158844,True
29130,Sunglasses,9,17327,Sunglasses,0.8947415351867676,True
29130,Sunglasses,10,50232,Sunglasses,0.8941969871520996,True
45872,Watches,1,58823,Watches,0.7888720631599426,True
45872,Watches,2,51556,Watches,0.7880857586860657,True
45872,Watches,3,17418,Watches,0.780392050743103,True
45872,Watches,4,51557,Watches,0.7731083035469055,True
45872,Watches,5,51555,Watches,0.7720309495925903,True
45872,Watches,6,33882,Watches,0.76747727394104,True
45872,Watches,7,56678,Watches,0.7638210654258728,True
45872,Watches,8,29449,Watches,0.7610056400299072,True
45872,Watches,9,31830,Watches,0.7588797211647034,True
45872,Watches,10,43206,Watches,0.7573893666267395,True
57582,Lipstick,1,57594,Lipstick,0.9476728439331055,True
57582,Lipstick,2,57597,Lipstick,0.9430040717124939,True
57582,Lipstick,3,57589,Lipstick,0.9425855875015259,True
57582,Lipstick,4,57601,Lipstick,0.9420291781425476,True
57582,Lipstick,5,57587,Lipstick,0.9420030117034912,True
57582,Lipstick,6,57603,Lipstick,0.9408650398254395,True
57582,Lipstick,7,57583,Lipstick,0.9403473138809204,True
57582,Lipstick,8,57599,Lipstick,0.9390774965286255,True
57582,Lipstick,9,57593,Lipstick,0.9380035400390625,True
57582,Lipstick,10,57605,Lipstick,0.9360353946685791,True
41245,Belts,1,35069,Belts,0.9559898376464844,True
41245,Belts,2,42959,Belts,0.9386155605316162,True
41245,Belts,3,45318,Belts,0.9201475381851196,True
41245,Belts,4,18830,Belts,0.9149582386016846,True
41245,Belts,5,25730,Belts,0.9135410785675049,True
41245,Belts,6,41246,Belts,0.9131951332092285,True
41245,Belts,7,16992,Belts,0.9093315601348877,True
41245,Belts,8,45307,Belts,0.9088772535324097,True
41245,Belts,9,41247,Belts,0.906721830368042,True
41245,Belts,10,18833,Belts,0.9034647941589355,True
54936,Tshirts,1,43619,Tops,0.8198529481887817,False
54936,Tshirts,2,54937,Tshirts,0.8181398510932922,True
54936,Tshirts,3,30950,Tops,0.8068192601203918,False
54936,Tshirts,4,33542,Tops,0.7743591070175171,False
54936,Tshirts,5,32260,Kurtis,0.7694308757781982,False
54936,Tshirts,6,51425,Shirts,0.7684324383735657,False
54936,Tshirts,7,2014,Tshirts,0.7533231973648071,True
54936,Tshirts,8,39780,Shirts,0.7373566031455994,False
54936,Tshirts,9,37923,Tops,0.735552191734314,False
54936,Tshirts,10,32257,Tops,0.7347500324249268,False
46897,Deodorant,1,43100,Deodorant,0.6787503361701965,True
46897,Deodorant,2,32522,Fragrance Gift Set,0.6673115491867065,False
46897,Deodorant,3,32523,Fragrance Gift Set,0.6616271734237671,False
46897,Deodorant,4,28221,Deodorant,0.6514078974723816,True
46897,Deodorant,5,32521,Fragrance Gift Set,0.6491743326187134,False
46897,Deodorant,6,44955,Deodorant,0.6391597390174866,True
46897,Deodorant,7,45565,Deodorant,0.6381182074546814,True
46897,Deodorant,8,26012,Perfume and Body Mist,0.6285290122032166,False
46897,Deodorant,9,45567,Deodorant,0.6214882731437683,True
46897,Deodorant,10,45720,Deodorant,0.6139297485351562,True
47179,Sandals,1,33649,Sandals,0.7891333103179932,True
47179,Sandals,2,47229,Sandals,0.7798035144805908,True
47179,Sandals,3,32520,Sandals,0.7797228097915649,True
47179,Sandals,4,9706,Sandals,0.7704330682754517,True
47179,Sandals,5,47171,Sandals,0.7685322165489197,True
47179,Sandals,6,28324,Sandals,0.7649569511413574,True
47179,Sandals,7,39820,Sandals,0.7626497149467468,True
47179,Sandals,8,44546,Sandals,0.7606853246688843,True
47179,Sandals,9,50741,Casual Shoes,0.7603520154953003,False
47179,Sandals,10,35645,Sandals,0.7584697008132935,True
56239,Night suits,1,56231,Night suits,0.8548503518104553,True
56239,Night suits,2,56222,Night suits,0.81795334815979,True
56239,Night suits,3,56232,Night suits,0.8162059187889099,True
56239,Night suits,4,56254,Night suits,0.8029330372810364,True
56239,Night suits,5,18866,Track Pants,0.7966047525405884,False
56239,Night suits,6,56240,Night suits,0.7961312532424927,True
56239,Night suits,7,24331,Track Pants,0.7916425466537476,False
56239,Night suits,8,7070,Track Pants,0.7894136905670166,False
56239,Night suits,9,56251,Night suits,0.784143328666687,True
56239,Night suits,10,36255,Night suits,0.7823262214660645,True
58961,Perfume and Body Mist,1,58962,Perfume and Body Mist,0.8293102979660034,True
58961,Perfume and Body Mist,2,58965,Perfume and Body Mist,0.7816656231880188,True
58961,Perfume and Body Mist,3,58960,Perfume and Body Mist,0.7758200168609619,True
58961,Perfume and Body Mist,4,44146,Deodorant,0.7661303281784058,False
58961,Perfume and Body Mist,5,58967,Perfume and Body Mist,0.7552192211151123,True
58961,Perfume and Body Mist,6,58976,Deodorant,0.743847131729126,False
58961,Perfume and Body Mist,7,58964,Perfume and Body Mist,0.7315837740898132,True
58961,Perfume and Body Mist,8,27313,Deodorant,0.7304090261459351,False
58961,Perfume and Body Mist,9,46641,Deodorant,0.7303963899612427,False
58961,Perfume and Body Mist,10,26209,Perfume and Body Mist,0.7300092577934265,True
57743,Foundation and Primer,1,57744,Foundation and Primer,0.994372546672821,True
57743,Foundation and Primer,2,57741,Foundation and Primer,0.9931100010871887,True
57743,Foundation and Primer,3,57742,Foundation and Primer,0.9770874381065369,True
57743,Foundation and Primer,4,57739,Foundation and Primer,0.9766149520874023,True
57743,Foundation and Primer,5,57740,Foundation and Primer,0.9706467986106873,True
57743,Foundation and Primer,6,59947,Perfume and Body Mist,0.8003033399581909,False
57743,Foundation and Primer,7,58945,Perfume and Body Mist,0.7916202545166016,False
57743,Foundation and Primer,8,45773,Deodorant,0.7711648941040039,False
57743,Foundation and Primer,9,57694,Face Moisturisers,0.765318751335144,False
57743,Foundation and Primer,10,57705,Face Moisturisers,0.7603728771209717,False
31551,Casual Shoes,1,59166,Formal Shoes,0.830130398273468,False
31551,Casual Shoes,2,57946,Casual Shoes,0.819157600402832,True
31551,Casual Shoes,3,2826,Formal Shoes,0.812282383441925,False
31551,Casual Shoes,4,22168,Casual Shoes,0.8115609288215637,True
31551,Casual Shoes,5,22840,Casual Shoes,0.8107357025146484,True
31551,Casual Shoes,6,17768,Casual Shoes,0.8104307055473328,True
31551,Casual Shoes,7,39290,Casual Shoes,0.8062518239021301,True
31551,Casual Shoes,8,22844,Casual Shoes,0.8061901330947876,True
31551,Casual Shoes,9,39289,Casual Shoes,0.8038670420646667,True
31551,Casual Shoes,10,59167,Formal Shoes,0.8038486838340759,False
2256,Tshirts,1,2194,Tshirts,0.9506344795227051,True
2256,Tshirts,2,2210,Tshirts,0.949143648147583,True
2256,Tshirts,3,2480,Tshirts,0.9291834831237793,True
2256,Tshirts,4,2403,Tshirts,0.9244523048400879,True
2256,Tshirts,5,2050,Shirts,0.9235678315162659,False
2256,Tshirts,6,2034,Tshirts,0.9223040342330933,True
2256,Tshirts,7,2481,Tshirts,0.9214639663696289,True
2256,Tshirts,8,2252,Tshirts,0.9199721813201904,True
2256,Tshirts,9,2400,Tshirts,0.9174498915672302,True
2256,Tshirts,10,6775,Tshirts,0.9148737192153931,True
26720,Tshirts,1,28860,Tshirts,0.9189890623092651,True
26720,Tshirts,2,18618,Tshirts,0.9129405617713928,True
26720,Tshirts,3,16552,Tshirts,0.9066654443740845,True
26720,Tshirts,4,19563,Tshirts,0.9066432118415833,True
26720,Tshirts,5,28848,Tshirts,0.90455162525177,True
26720,Tshirts,6,17876,Innerwear Vests,0.904444694519043,False
26720,Tshirts,7,13802,Tshirts,0.9035177230834961,True
26720,Tshirts,8,22320,Tshirts,0.9011569023132324,True
26720,Tshirts,9,29044,Tshirts,0.8989025354385376,True
26720,Tshirts,10,34208,Tshirts,0.895105242729187,True
25952,Scarves,1,25948,Scarves,0.7678085565567017,True
25952,Scarves,2,25938,Scarves,0.719321608543396,True
25952,Scarves,3,25951,Scarves,0.717041015625,True
25952,Scarves,4,25937,Scarves,0.6861656904220581,True
25952,Scarves,5,25945,Scarves,0.6789898872375488,True
25952,Scarves,6,25953,Scarves,0.6572691202163696,True
25952,Scarves,7,25956,Scarves,0.6563023328781128,True
25952,Scarves,8,25933,Scarves,0.6504316926002502,True
25952,Scarves,9,25947,Scarves,0.6464506387710571,True
25952,Scarves,10,25955,Scarves,0.6426252126693726,True
53328,Boxers,1,53332,Boxers,0.915347158908844,True
53328,Boxers,2,53338,Boxers,0.9003565311431885,True
53328,Boxers,3,53348,Boxers,0.8863089680671692,True
53328,Boxers,4,53345,Boxers,0.881454348564148,True
53328,Boxers,5,53559,Boxers,0.855634868144989,True
53328,Boxers,6,53556,Boxers,0.8421137928962708,True
53328,Boxers,7,53557,Boxers,0.8366547226905823,True
53328,Boxers,8,53555,Boxers,0.8294176459312439,True
53328,Boxers,9,47269,Briefs,0.8287405967712402,False
53328,Boxers,10,53558,Boxers,0.823978841304779,True
21559,Handbags,1,21549,Handbags,0.8298476338386536,True
21559,Handbags,2,29727,Handbags,0.8257870674133301,True
21559,Handbags,3,10253,Handbags,0.8175283074378967,True
21559,Handbags,4,21953,Handbags,0.798861026763916,True
21559,Handbags,5,47946,Handbags,0.7944106459617615,True
21559,Handbags,6,10199,Handbags,0.7912798523902893,True
21559,Handbags,7,10231,Handbags,0.7906072735786438,True
21559,Handbags,8,9579,Duffel Bag,0.779833197593689,False
21559,Handbags,9,22002,Handbags,0.7777648568153381,True
21559,Handbags,10,1918,Backpacks,0.7774431109428406,False
32972,Tshirts,1,16324,Tshirts,0.9320027828216553,True
32972,Tshirts,2,20255,Tshirts,0.9157252311706543,True
32972,Tshirts,3,34243,Tshirts,0.9153360724449158,True
32972,Tshirts,4,17627,Tshirts,0.9129427075386047,True
32972,Tshirts,5,34361,Tshirts,0.9127388596534729,True
32972,Tshirts,6,34420,Tshirts,0.9123502373695374,True
32972,Tshirts,7,29015,Tshirts,0.9112472534179688,True
32972,Tshirts,8,28932,Tshirts,0.9067351818084717,True
32972,Tshirts,9,34247,Tshirts,0.9028853178024292,True
32972,Tshirts,10,34353,Tshirts,0.9016519784927368,True
51047,Bra,1,50977,Bra,0.8859590291976929,True
51047,Bra,2,30477,Bra,0.8751609921455383,True
51047,Bra,3,21646,Bra,0.8710985779762268,True
51047,Bra,4,51805,Bra,0.870005190372467,True
51047,Bra,5,50976,Bra,0.869051992893219,True
51047,Bra,6,51013,Bra,0.868105947971344,True
51047,Bra,7,51015,Bra,0.866262674331665,True
51047,Bra,8,30495,Bra,0.8660058379173279,True
51047,Bra,9,51816,Bra,0.8659003973007202,True
51047,Bra,10,50995,Bra,0.8596525192260742,True
20686,Casual Shoes,1,10149,Formal Shoes,0.9005634784698486,False
20686,Casual Shoes,2,20715,Casual Shoes,0.8929492235183716,True
20686,Casual Shoes,3,44433,Casual Shoes,0.8886232376098633,True
20686,Casual Shoes,4,10152,Casual Shoes,0.8799715042114258,True
20686,Casual Shoes,5,9701,Formal Shoes,0.8763881921768188,False
20686,Casual Shoes,6,18873,Formal Shoes,0.8735706210136414,False
20686,Casual Shoes,7,12520,Casual Shoes,0.873391330242157,True
20686,Casual Shoes,8,10147,Formal Shoes,0.8701915740966797,False
20686,Casual Shoes,9,11922,Formal Shoes,0.8691766262054443,False
20686,Casual Shoes,10,20716,Casual Shoes,0.8591154217720032,True
44939,Formal Shoes,1,15058,Formal Shoes,0.8956903219223022,True
44939,Formal Shoes,2,35237,Casual Shoes,0.8914206027984619,False
44939,Formal Shoes,3,7881,Formal Shoes,0.8852530717849731,True
44939,Formal Shoes,4,22231,Formal Shoes,0.8835368156433105,True
44939,Formal Shoes,5,15060,Formal Shoes,0.8809424042701721,True
44939,Formal Shoes,6,47211,Formal Shoes,0.8739796876907349,True
44939,Formal Shoes,7,33706,Casual Shoes,0.873348593711853,False
44939,Formal Shoes,8,15059,Formal Shoes,0.8704495429992676,True
44939,Formal Shoes,9,7397,Formal Shoes,0.8689781427383423,True
44939,Formal Shoes,10,22138,Formal Shoes,0.8684120178222656,True
57344,Bra,1,51006,Bra,0.9507815837860107,True
57344,Bra,2,53631,Bra,0.9262100458145142,True
57344,Bra,3,56416,Bra,0.9083160161972046,True
57344,Bra,4,57345,Bra,0.9022217988967896,True
57344,Bra,5,59721,Bra,0.8991206288337708,True
57344,Bra,6,57356,Bra,0.8984960913658142,True
57344,Bra,7,59692,Bra,0.8982555270195007,True
57344,Bra,8,57347,Bra,0.8976266980171204,True
57344,Bra,9,56421,Bra,0.8943914175033569,True
57344,Bra,10,57351,Bra,0.8920044302940369,True
25764,Suspenders,1,25776,Suspenders,0.9266276359558105,True
25764,Suspenders,2,25785,Suspenders,0.914614737033844,True
25764,Suspenders,3,25786,Suspenders,0.8868676424026489,True
25764,Suspenders,4,25767,Suspenders,0.8614636659622192,True
25764,Suspenders,5,25775,Suspenders,0.8580790758132935,True
25764,Suspenders,6,25760,Suspenders,0.8490893244743347,True
25764,Suspenders,7,25758,Suspenders,0.8409452438354492,True
25764,Suspenders,8,25759,Suspenders,0.8313791751861572,True
25764,Suspenders,9,25766,Suspenders,0.8278031349182129,True
25764,Suspenders,10,25794,Suspenders,0.8243089318275452,True
8505,Socks,1,6699,Socks,0.6911261677742004,True
8505,Socks,2,20829,Socks,0.6904112100601196,True
8505,Socks,3,8503,Socks,0.6768472194671631,True
8505,Socks,4,9358,Socks,0.665186882019043,True
8505,Socks,5,9363,Socks,0.6580194234848022,True
8505,Socks,6,49987,Socks,0.6566529273986816,True
8505,Socks,7,7681,Socks,0.6522053480148315,True
8505,Socks,8,7621,Socks,0.6519884467124939,True
8505,Socks,9,13293,Shorts,0.6507126092910767,False
8505,Socks,10,57908,Socks,0.6492704153060913,True
49074,Nail Polish,1,49072,Nail Polish,0.9675285816192627,True
49074,Nail Polish,2,49071,Nail Polish,0.9517602920532227,True
49074,Nail Polish,3,49075,Nail Polish,0.9421511888504028,True
49074,Nail Polish,4,49147,Nail Polish,0.9112161993980408,True
49074,Nail Polish,5,49131,Nail Polish,0.9105389714241028,True
49074,Nail Polish,6,49130,Nail Polish,0.8995504379272461,True
49074,Nail Polish,7,49073,Nail Polish,0.8785370588302612,True
49074,Nail Polish,8,56436,Nail Polish,0.8736493587493896,True
49074,Nail Polish,9,56448,Nail Polish,0.864010214805603,True
49074,Nail Polish,10,56504,Nail Polish,0.8572671413421631,True
56854,Shirts,1,59838,Shirts,0.8683539628982544,True
56854,Shirts,2,8197,Shirts,0.8516639471054077,True
56854,Shirts,3,8194,Shirts,0.8516639471054077,True
56854,Shirts,4,8196,Shirts,0.8492109775543213,True
56854,Shirts,5,19733,Shirts,0.8402910828590393,True
56854,Shirts,6,41603,Shirts,0.8384830355644226,True
56854,Shirts,7,46380,Shirts,0.8357049822807312,True
56854,Shirts,8,43488,Shirts,0.822188675403595,True
56854,Shirts,9,54904,Tshirts,0.8161192536354065,False
56854,Shirts,10,51422,Shirts,0.8147419095039368,True
4758,Tshirts,1,4750,Tshirts,0.8905022740364075,True
4758,Tshirts,2,8611,Tshirts,0.873519241809845,True
4758,Tshirts,3,4087,Tshirts,0.852176308631897,True
4758,Tshirts,4,4748,Tshirts,0.8221756815910339,True
4758,Tshirts,5,52078,Tshirts,0.8170801401138306,True
4758,Tshirts,6,4757,Tshirts,0.8088468313217163,True
4758,Tshirts,7,11175,Sweaters,0.7986369132995605,False
4758,Tshirts,8,6174,Tshirts,0.7964163422584534,True
4758,Tshirts,9,40267,Tshirts,0.7960736751556396,True
4758,Tshirts,10,24091,Tshirts,0.7953736186027527,True
9611,Shirts,1,8787,Shirts,1.0000001192092896,True
9611,Shirts,2,9236,Shirts,0.9483597874641418,True
9611,Shirts,3,9226,Shirts,0.9324899911880493,True
9611,Shirts,4,9227,Shirts,0.9242637157440186,True
9611,Shirts,5,9500,Shirts,0.9238251447677612,True
9611,Shirts,6,9501,Shirts,0.9238251447677612,True
9611,Shirts,7,23186,Shirts,0.9234903454780579,True
9611,Shirts,8,9229,Shirts,0.9209795594215393,True
9611,Shirts,9,9461,Shirts,0.9206953048706055,True
9611,Shirts,10,9462,Shirts,0.9206953048706055,True
29733,Handbags,1,29735,Handbags,0.834804356098175,True
29733,Handbags,2,29737,Handbags,0.8190683126449585,True
29733,Handbags,3,29734,Handbags,0.8146539330482483,True
29733,Handbags,4,21551,Handbags,0.8052528500556946,True
29733,Handbags,5,29725,Handbags,0.8029471635818481,True
29733,Handbags,6,29729,Handbags,0.7876538038253784,True
29733,Handbags,7,21550,Handbags,0.7840922474861145,True
29733,Handbags,8,29732,Handbags,0.7839891910552979,True
29733,Handbags,9,21546,Handbags,0.774581253528595,True
29733,Handbags,10,29728,Handbags,0.7740580439567566,True
23494,Casual Shoes,1,22097,Casual Shoes,0.8340832591056824,True
23494,Casual Shoes,2,18665,Casual Shoes,0.8266043663024902,True
23494,Casual Shoes,3,54528,Casual Shoes,0.8254705667495728,True
23494,Casual Shoes,4,26670,Casual Shoes,0.8234637975692749,True
23494,Casual Shoes,5,18674,Sports Shoes,0.8169079422950745,False
23494,Casual Shoes,6,39990,Casual Shoes,0.8056257367134094,True
23494,Casual Shoes,7,4488,Sports Shoes,0.8024041652679443,False
23494,Casual Shoes,8,15246,Casual Shoes,0.8006794452667236,True
23494,Casual Shoes,9,17414,Sports Shoes,0.7940627336502075,False
23494,Casual Shoes,10,23914,Casual Shoes,0.7911223769187927,True
18883,Shirts,1,18788,Shirts,0.8757973313331604,True
18883,Shirts,2,18877,Shirts,0.8564364910125732,True
18883,Shirts,3,20155,Shirts,0.8229432106018066,True
18883,Shirts,4,12182,Shirts,0.8221398591995239,True
18883,Shirts,5,8149,Shirts,0.8143451809883118,True
18883,Shirts,6,16924,Shirts,0.8115450143814087,True
18883,Shirts,7,20176,Shirts,0.8111118078231812,True
18883,Shirts,8,11013,Tops,0.8103839755058289,False
18883,Shirts,9,13737,Shirts,0.801295816898346,True
18883,Shirts,10,20162,Shirts,0.8000748753547668,True
6666,Flip Flops,1,20945,Flip Flops,0.8290399312973022,True
6666,Flip Flops,2,34514,Flip Flops,0.8273010849952698,True
6666,Flip Flops,3,6743,Flip Flops,0.8255049586296082,True
6666,Flip Flops,4,5602,Flip Flops,0.8248487710952759,True
6666,Flip Flops,5,12983,Flip Flops,0.8246753215789795,True
6666,Flip Flops,6,56858,Flip Flops,0.8134795427322388,True
6666,Flip Flops,7,10173,Sandals,0.8106663227081299,False
6666,Flip Flops,8,44240,Flip Flops,0.7990612983703613,True
6666,Flip Flops,9,34511,Flip Flops,0.7987323999404907,True
6666,Flip Flops,10,48529,Flip Flops,0.7986969351768494,True
9071,Shirts,1,9231,Shirts,0.9315806031227112,True
9071,Shirts,2,9066,Shirts,0.9254035949707031,True
9071,Shirts,3,8890,Shirts,0.9179399609565735,True
9071,Shirts,4,14520,Shirts,0.9170989990234375,True
9071,Shirts,5,9226,Shirts,0.9159002900123596,True
9071,Shirts,6,12229,Shirts,0.9137879610061646,True
9071,Shirts,7,12007,Shirts,0.9133350253105164,True
9071,Shirts,8,12003,Shirts,0.9113061428070068,True
9071,Shirts,9,9498,Shirts,0.909712553024292,True
9071,Shirts,10,9236,Shirts,0.9096479415893555,True
36987,Clutches,1,36984,Clutches,0.8132363557815552,True
36987,Clutches,2,58247,Wallets,0.7119535803794861,False
36987,Clutches,3,47426,Wallets,0.7055305242538452,False
36987,Clutches,4,52773,Wallets,0.6918392181396484,False
36987,Clutches,5,38469,Wallets,0.6874277591705322,False
36987,Clutches,6,36983,Clutches,0.6846376657485962,True
36987,Clutches,7,38463,Wallets,0.6816044449806213,False
36987,Clutches,8,47318,Clutches,0.6611929535865784,True
36987,Clutches,9,48151,Wallets,0.6558040976524353,False
36987,Clutches,10,37650,Wallets,0.6533938646316528,False
7776,Casual Shoes,1,7778,Casual Shoes,0.88507080078125,True
7776,Casual Shoes,2,7779,Casual Shoes,0.859926700592041,True
7776,Casual Shoes,3,7777,Casual Shoes,0.8124803304672241,True
7776,Casual Shoes,4,22169,Casual Shoes,0.7941192388534546,True
7776,Casual Shoes,5,54538,Casual Shoes,0.793292224407196,True
7776,Casual Shoes,6,54730,Casual Shoes,0.7880908846855164,True
7776,Casual Shoes,7,49510,Casual Shoes,0.7751189470291138,True
7776,Casual Shoes,8,22690,Sports Shoes,0.7725608944892883,False
7776,Casual Shoes,9,26657,Casual Shoes,0.7690014839172363,True
7776,Casual Shoes,10,26458,Casual Shoes,0.763118326663971,True
17697,Casual Shoes,1,29572,Casual Shoes,0.8269144296646118,True
17697,Casual Shoes,2,49470,Casual Shoes,0.8199864625930786,True
17697,Casual Shoes,3,29571,Casual Shoes,0.8194974064826965,True
17697,Casual Shoes,4,22180,Casual Shoes,0.814521312713623,True
17697,Casual Shoes,5,6802,Casual Shoes,0.8130151629447937,True
17697,Casual Shoes,6,26529,Casual Shoes,0.7978074550628662,True
17697,Casual Shoes,7,35683,Casual Shoes,0.7971929311752319,True
17697,Casual Shoes,8,44415,Casual Shoes,0.7859492301940918,True
17697,Casual Shoes,9,26530,Casual Shoes,0.7857154607772827,True
17697,Casual Shoes,10,28315,Casual Shoes,0.7852200269699097,True
56061,Lip Gloss,1,56059,Lip Gloss,0.9721832275390625,True
56061,Lip Gloss,2,56058,Lip Gloss,0.9713506698608398,True
56061,Lip Gloss,3,56063,Lip Gloss,0.9610867500305176,True
56061,Lip Gloss,4,56057,Lip Gloss,0.9546981453895569,True
56061,Lip Gloss,5,56055,Lip Gloss,0.9504902362823486,True
56061,Lip Gloss,6,56065,Lip Gloss,0.9468247890472412,True
56061,Lip Gloss,7,56060,Lip Gloss,0.9384336471557617,True
56061,Lip Gloss,8,56064,Lip Gloss,0.9324663877487183,True
56061,Lip Gloss,9,56054,Lip Gloss,0.9265555143356323,True
56061,Lip Gloss,10,56052,Lip Gloss,0.9173842668533325,True
23035,Shirts,1,26055,Shirts,0.897182047367096,True
23035,Shirts,2,23033,Shirts,0.8950532674789429,True
23035,Shirts,3,26072,Shirts,0.8940479755401611,True
23035,Shirts,4,13731,Shirts,0.8929072618484497,True
23035,Shirts,5,13964,Shirts,0.8920661211013794,True
23035,Shirts,6,18646,Shirts,0.8908872008323669,True
23035,Shirts,7,14766,Shirts,0.8892391324043274,True
23035,Shirts,8,22406,Shirts,0.8880584239959717,True
23035,Shirts,9,22402,Shirts,0.8876613974571228,True
23035,Shirts,10,17555,Shirts,0.8862829208374023,True
4332,Sports Shoes,1,8913,Sports Shoes,0.7813518047332764,True
4332,Sports Shoes,2,4529,Sports Shoes,0.7628137469291687,True
4332,Sports Shoes,3,4528,Sports Shoes,0.7623071074485779,True
4332,Sports Shoes,4,9110,Sports Shoes,0.7589762806892395,True
4332,Sports Shoes,5,8308,Sports Shoes,0.756292462348938,True
4332,Sports Shoes,6,8912,Sports Shoes,0.7440217733383179,True
4332,Sports Shoes,7,5343,Casual Shoes,0.7400497198104858,False
4332,Sports Shoes,8,5485,Sports Shoes,0.7352369427680969,True
4332,Sports Shoes,9,4479,Sports Shoes,0.7333959937095642,True
4332,Sports Shoes,10,6682,Sports Shoes,0.7262584567070007,True
5684,Casual Shoes,1,12509,Casual Shoes,0.8229418992996216,True
5684,Casual Shoes,2,41844,Casual Shoes,0.8162315487861633,True
5684,Casual Shoes,3,5697,Casual Shoes,0.7786759734153748,True
5684,Casual Shoes,4,22980,Casual Shoes,0.7727608680725098,True
5684,Casual Shoes,5,2393,Casual Shoes,0.7521488070487976,True
5684,Casual Shoes,6,10167,Casual Shoes,0.7498066425323486,True
5684,Casual Shoes,7,5703,Casual Shoes,0.7372353672981262,True
5684,Casual Shoes,8,5330,Casual Shoes,0.7368571758270264,True
5684,Casual Shoes,9,7379,Casual Shoes,0.7359867095947266,True
5684,Casual Shoes,10,17766,Casual Shoes,0.7322944402694702,True
48994,Ring,1,48992,Ring,0.8044245839118958,True
48994,Ring,2,49012,Ring,0.7940961122512817,True
48994,Ring,3,49035,Ring,0.7876532673835754,True
48994,Ring,4,49023,Ring,0.7817996740341187,True
48994,Ring,5,49014,Ring,0.775772213935852,True
48994,Ring,6,49033,Ring,0.7713686227798462,True
48994,Ring,7,49024,Ring,0.7641555666923523,True
48994,Ring,8,49025,Ring,0.7474877834320068,True
48994,Ring,9,49016,Ring,0.740837037563324,True
48994,Ring,10,49026,Ring,0.7354200482368469,True
35938,Sports Shoes,1,35933,Sports Shoes,0.8205463886260986,True
35938,Sports Shoes,2,34825,Sports Shoes,0.8094909191131592,True
35938,Sports Shoes,3,17409,Sports Shoes,0.806908130645752,True
35938,Sports Shoes,4,12957,Sports Shoes,0.7826052904129028,True
35938,Sports Shoes,5,4487,Sports Shoes,0.7792892456054688,True
35938,Sports Shoes,6,3152,Sports Shoes,0.776199460029602,True
35938,Sports Shoes,7,25458,Sports Shoes,0.774151086807251,True
35938,Sports Shoes,8,24253,Casual Shoes,0.7733668684959412,False
35938,Sports Shoes,9,39656,Casual Shoes,0.7727205753326416,False
35938,Sports Shoes,10,59013,Sports Shoes,0.7634631395339966,True
43184,Watches,1,51576,Watches,0.8070645332336426,True
43184,Watches,2,8104,Watches,0.8058933019638062,True
43184,Watches,3,32328,Watches,0.8057609796524048,True
43184,Watches,4,38039,Watches,0.792656660079956,True
43184,Watches,5,44964,Free Gifts,0.7845554947853088,False
43184,Watches,6,29761,Watches,0.7771382927894592,True
43184,Watches,7,45018,Watches,0.7753689885139465,True
43184,Watches,8,28577,Watches,0.7731277942657471,True
43184,Watches,9,17421,Watches,0.7725120186805725,True
43184,Watches,10,21478,Watches,0.7585285902023315,True
46066,Belts,1,25751,Belts,0.8509993553161621,True
46066,Belts,2,25752,Belts,0.8408309817314148,True
46066,Belts,3,28597,Belts,0.8355220556259155,True
46066,Belts,4,41528,Belts,0.8340474367141724,True
46066,Belts,5,37448,Belts,0.8241515159606934,True
46066,Belts,6,35061,Belts,0.820326030254364,True
46066,Belts,7,38370,Belts,0.8197722434997559,True
46066,Belts,8,25750,Belts,0.811529815196991,True
46066,Belts,9,36891,Belts,0.8090436458587646,True
46066,Belts,10,37706,Belts,0.8055617213249207,True
13264,Skirts,1,13263,Skirts,1.0,True
13264,Skirts,2,38905,Shorts,0.6697201132774353,False
13264,Skirts,3,34693,Shorts,0.6697201132774353,False
13264,Skirts,4,13305,Skirts,0.6509612798690796,True
13264,Skirts,5,13304,Skirts,0.6509612798690796,True
13264,Skirts,6,42290,Skirts,0.6503912806510925,True
13264,Skirts,7,46814,Skirts,0.6503912806510925,True
13264,Skirts,8,46813,Skirts,0.6503912806510925,True
13264,Skirts,9,13340,Skirts,0.6488526463508606,True
13264,Skirts,10,5018,Shorts,0.6449190974235535,False
50755,Sandals,1,44529,Sandals,0.8512579798698425,True
50755,Sandals,2,44548,Sandals,0.837562084197998,True
50755,Sandals,3,34526,Sandals,0.8317709565162659,True
50755,Sandals,4,28321,Sandals,0.8235224485397339,True
50755,Sandals,5,44533,Sandals,0.8212684392929077,True
50755,Sandals,6,44528,Sandals,0.818796694278717,True
50755,Sandals,7,39294,Sandals,0.8180282115936279,True
50755,Sandals,8,8284,Sandals,0.813843846321106,True
50755,Sandals,9,44518,Sandals,0.8108410239219666,True
50755,Sandals,10,44537,Sandals,0.8088096976280212,True
9022,Flip Flops,1,19047,Heels,0.8024564981460571,False
9022,Flip Flops,2,56903,Heels,0.7251348495483398,False
9022,Flip Flops,3,13003,Heels,0.7091087102890015,False
9022,Flip Flops,4,19044,Heels,0.7054201364517212,False
9022,Flip Flops,5,14340,Flip Flops,0.696045994758606,True
9022,Flip Flops,6,56989,Heels,0.6956629753112793,False
9022,Flip Flops,7,27085,Heels,0.694867730140686,False
9022,Flip Flops,8,13543,Heels,0.6947507858276367,False
9022,Flip Flops,9,11497,Heels,0.6942462921142578,False
9022,Flip Flops,10,15516,Flip Flops,0.6898705959320068,True
3518,Tshirts,1,4036,Tshirts,0.976284384727478,True
3518,Tshirts,2,3531,Tshirts,0.8946603536605835,True
3518,Tshirts,3,3520,Tshirts,0.8874319791793823,True
3518,Tshirts,4,3523,Tshirts,0.8843612670898438,True
3518,Tshirts,5,18979,Tshirts,0.8753834962844849,True
3518,Tshirts,6,9781,Tshirts,0.8753750324249268,True
3518,Tshirts,7,3431,Tshirts,0.8740686178207397,True
3518,Tshirts,8,3192,Tshirts,0.8735826015472412,True
3518,Tshirts,9,19402,Tshirts,0.8727532625198364,True
3518,Tshirts,10,13965,Tshirts,0.8718205690383911,True
54568,Kurtas,1,36827,Kurtas,0.8025810122489929,True
54568,Kurtas,2,30942,Kurtis,0.8024219870567322,False
54568,Kurtas,3,24390,Kurtas,0.7966920733451843,True
54568,Kurtas,4,37941,Tunics,0.7953184247016907,False
54568,Kurtas,5,21901,Kurtas,0.7911162376403809,True
54568,Kurtas,6,53861,Kurtas,0.7910025119781494,True
54568,Kurtas,7,22031,Kurtas,0.7878913879394531,True
54568,Kurtas,8,30877,Kurtas,0.7858752608299255,True
54568,Kurtas,9,11807,Kurtas,0.7843337059020996,True
54568,Kurtas,10,43627,Dresses,0.7835420966148376,False
38416,Belts,1,20552,Belts,0.9111268520355225,True
38416,Belts,2,38412,Belts,0.8823261260986328,True
38416,Belts,3,20408,Belts,0.8818415999412537,True
38416,Belts,4,18009,Belts,0.8801629543304443,True
38416,Belts,5,38402,Belts,0.8698661923408508,True
38416,Belts,6,36018,Belts,0.865773618221283,True
38416,Belts,7,20473,Belts,0.8613184690475464,True
38416,Belts,8,58203,Belts,0.8538640141487122,True
38416,Belts,9,38488,Belts,0.8538128137588501,True
38416,Belts,10,45307,Belts,0.846838653087616,True
43389,Wallets,1,51772,Wallets,0.9582558870315552,True
43389,Wallets,2,42068,Wallets,0.9567075967788696,True
43389,Wallets,3,36106,Wallets,0.9506108164787292,True
43389,Wallets,4,50825,Wallets,0.9462094306945801,True
43389,Wallets,5,15943,Wallets,0.9457699656486511,True
43389,Wallets,6,31189,Wallets,0.943526029586792,True
43389,Wallets,7,43388,Wallets,0.9409570693969727,True
43389,Wallets,8,50827,Wallets,0.9364041686058044,True
43389,Wallets,9,36110,Wallets,0.9337120056152344,True
43389,Wallets,10,38366,Wallets,0.9327576160430908,True
39530,Bra,1,51023,Bra,0.9051671028137207,True
39530,Bra,2,30466,Bra,0.9020463228225708,True
39530,Bra,3,39542,Bra,0.8996928930282593,True
39530,Bra,4,27449,Bra,0.8986691236495972,True
39530,Bra,5,39541,Bra,0.8982244729995728,True
39530,Bra,6,39539,Bra,0.8914481401443481,True
39530,Bra,7,39532,Bra,0.8811918497085571,True
39530,Bra,8,27451,Bra,0.8797885775566101,True
39530,Bra,9,56301,Bra,0.8781617879867554,True
39530,Bra,10,59097,Bra,0.8762533664703369,True
39968,Casual Shoes,1,22825,Casual Shoes,0.8676388263702393,True
39968,Casual Shoes,2,47182,Casual Shoes,0.8480502367019653,True
39968,Casual Shoes,3,26553,Casual Shoes,0.8441510796546936,True
39968,Casual Shoes,4,39892,Casual Shoes,0.8426060080528259,True
39968,Casual Shoes,5,39980,Casual Shoes,0.8344890475273132,True
39968,Casual Shoes,6,44404,Sports Shoes,0.8306863307952881,False
39968,Casual Shoes,7,12920,Casual Shoes,0.827911913394928,True
39968,Casual Shoes,8,22872,Casual Shoes,0.8249369263648987,True
39968,Casual Shoes,9,15514,Casual Shoes,0.8239699602127075,True
39968,Casual Shoes,10,20696,Casual Shoes,0.8216890692710876,True
42899,Belts,1,42911,Belts,0.9351149201393127,True
42899,Belts,2,36526,Belts,0.9300612211227417,True
42899,Belts,3,42906,Belts,0.8869161009788513,True
42899,Belts,4,33465,Belts,0.8797544240951538,True
42899,Belts,5,21006,Belts,0.8728545308113098,True
42899,Belts,6,42904,Belts,0.87235426902771,True
42899,Belts,7,33484,Belts,0.8650661706924438,True
42899,Belts,8,38420,Belts,0.8624003529548645,True
42899,Belts,9,38421,Belts,0.8556054830551147,True
42899,Belts,10,42912,Belts,0.855432391166687,True
34217,Tshirts,1,34234,Tshirts,0.948614239692688,True
34217,Tshirts,2,34228,Tshirts,0.9473767280578613,True
34217,Tshirts,3,13790,Tshirts,0.9451638460159302,True
34217,Tshirts,4,18643,Tshirts,0.945084810256958,True
34217,Tshirts,5,11363,Tshirts,0.9448529481887817,True
34217,Tshirts,6,33315,Tshirts,0.9417772889137268,True
34217,Tshirts,7,13712,Tshirts,0.941460371017456,True
34217,Tshirts,8,7440,Tshirts,0.9403945803642273,True
34217,Tshirts,9,19148,Tshirts,0.9394159317016602,True
34217,Tshirts,10,20367,Tshirts,0.9378030300140381,True
48933,Ring,1,49052,Ring,0.7697761058807373,True
48933,Ring,2,49057,Ring,0.7480263113975525,True
48933,Ring,3,49054,Ring,0.7468640208244324,True
48933,Ring,4,48931,Ring,0.7309266924858093,True
48933,Ring,5,49047,Ring,0.7297677993774414,True
48933,Ring,6,49006,Ring,0.7220101952552795,True
48933,Ring,7,49019,Ring,0.7191768288612366,True
48933,Ring,8,49056,Ring,0.7178539633750916,True
48933,Ring,9,48929,Ring,0.7120136022567749,True
48933,Ring,10,59468,Ring,0.7054046392440796,True
3712,Tshirts,1,25392,Innerwear Vests,0.908008337020874,False
3712,Tshirts,2,7817,Tshirts,0.9049699306488037,True
3712,Tshirts,3,7784,Tshirts,0.9022731781005859,True
3712,Tshirts,4,7787,Tshirts,0.8996900320053101,True
3712,Tshirts,5,10828,Tshirts,0.899004340171814,True
3712,Tshirts,6,7811,Tshirts,0.8898205757141113,True
3712,Tshirts,7,13713,Tshirts,0.8889672756195068,True
3712,Tshirts,8,10565,Tshirts,0.888786256313324,True
3712,Tshirts,9,5281,Tshirts,0.8885472416877747,True
3712,Tshirts,10,31418,Innerwear Vests,0.887644350528717,False
4361,Tshirts,1,5797,Tshirts,0.8120248317718506,True
4361,Tshirts,2,4383,Tshirts,0.8023123741149902,True
4361,Tshirts,3,3982,Tshirts,0.7939208745956421,True
4361,Tshirts,4,3126,Tshirts,0.7914825081825256,True
4361,Tshirts,5,7641,Tshirts,0.7902520298957825,True
4361,Tshirts,6,4359,Tshirts,0.7884209156036377,True
4361,Tshirts,7,7272,Tshirts,0.78673255443573,True
4361,Tshirts,8,7763,Tshirts,0.7835637331008911,True
4361,Tshirts,9,7299,Tshirts,0.7834933996200562,True
4361,Tshirts,10,7286,Tshirts,0.7815595269203186,True
2895,Heels,1,54133,Heels,0.7966232299804688,True
2895,Heels,2,45394,Flats,0.7492620348930359,False
2895,Heels,3,45414,Flats,0.7402875423431396,False
2895,Heels,4,6421,Flip Flops,0.7382264137268066,False
2895,Heels,5,15490,Heels,0.7373075485229492,True
2895,Heels,6,17001,Flats,0.732619047164917,False
2895,Heels,7,45382,Flats,0.7316605448722839,False
2895,Heels,8,45389,Flats,0.7308838367462158,False
2895,Heels,9,39611,Heels,0.7307107448577881,True
2895,Heels,10,45396,Flats,0.7276884317398071,False
31337,Jeans,1,31335,Jeans,0.9489122629165649,True
31337,Jeans,2,24848,Jeans,0.944797158241272,True
31337,Jeans,3,28816,Jeans,0.9387478828430176,True
31337,Jeans,4,28822,Jeans,0.9386975169181824,True
31337,Jeans,5,35939,Jeans,0.9373016953468323,True
31337,Jeans,6,28795,Jeans,0.9343450665473938,True
31337,Jeans,7,16505,Jeans,0.9338723421096802,True
31337,Jeans,8,28804,Jeans,0.9330165386199951,True
31337,Jeans,9,31340,Jeans,0.9325230717658997,True
31337,Jeans,10,11327,Jeans,0.9315447807312012,True
32780,Tshirts,1,21395,Tshirts,0.8554245233535767,True
32780,Tshirts,2,10347,Tshirts,0.814643383026123,True
32780,Tshirts,3,16637,Tshirts,0.8143501281738281,True
32780,Tshirts,4,6216,Tshirts,0.8108274340629578,True
32780,Tshirts,5,26727,Tshirts,0.8040661215782166,True
32780,Tshirts,6,4367,Tshirts,0.8003972768783569,True
32780,Tshirts,7,18574,Tshirts,0.7972806692123413,True
32780,Tshirts,8,9528,Tshirts,0.7965524196624756,True
32780,Tshirts,9,11783,Tshirts,0.7950217127799988,True
32780,Tshirts,10,4035,Tshirts,0.7939472794532776,True
22176,Sports Sandals,1,22175,Sports Sandals,0.8149557709693909,True
22176,Sports Sandals,2,6823,Sandals,0.7629185914993286,False
22176,Sports Sandals,3,46094,Sandals,0.7541601061820984,False
22176,Sports Sandals,4,35506,Sandals,0.7532495260238647,False
22176,Sports Sandals,5,6646,Sports Shoes,0.7450717687606812,False
22176,Sports Sandals,6,46884,Casual Shoes,0.7347544431686401,False
22176,Sports Sandals,7,39897,Sports Sandals,0.7192505598068237,True
22176,Sports Sandals,8,7985,Sandals,0.7187867164611816,False
22176,Sports Sandals,9,59324,Sandals,0.7123991250991821,False
22176,Sports Sandals,10,5739,Sports Shoes,0.7095817923545837,False
6064,Tshirts,1,5167,Tshirts,0.7880494594573975,True
6064,Tshirts,2,6683,Tshirts,0.7764959335327148,True
6064,Tshirts,3,32780,Tshirts,0.7646366953849792,True
6064,Tshirts,4,3784,Tshirts,0.7593074440956116,True
6064,Tshirts,5,10048,Tshirts,0.7548949718475342,True
6064,Tshirts,6,7764,Tshirts,0.7525689005851746,True
6064,Tshirts,7,29352,Tshirts,0.7509708404541016,True
6064,Tshirts,8,1847,Tshirts,0.747161865234375,True
6064,Tshirts,9,4353,Tshirts,0.745069146156311,True
6064,Tshirts,10,1863,Tshirts,0.7431315183639526,True
17433,Watches,1,46484,Watches,0.8112759590148926,True
17433,Watches,2,25337,Watches,0.8078609108924866,True
17433,Watches,3,23278,Watches,0.8063395023345947,True
17433,Watches,4,17439,Watches,0.8041480779647827,True
17433,Watches,5,37483,Watches,0.8018778562545776,True
17433,Watches,6,45150,Watches,0.7984157204627991,True
17433,Watches,7,31839,Watches,0.7978875637054443,True
17433,Watches,8,28431,Watches,0.7977060079574585,True
17433,Watches,9,45139,Watches,0.7927807569503784,True
17433,Watches,10,59239,Watches,0.7909659147262573,True
37206,Jeans,1,28816,Jeans,0.9434708952903748,True
37206,Jeans,2,14625,Jeans,0.9399570822715759,True
37206,Jeans,3,20913,Jeans,0.9396708011627197,True
37206,Jeans,4,27379,Jeans,0.9341241121292114,True
37206,Jeans,5,39382,Jeans,0.9288945198059082,True
37206,Jeans,6,11349,Jeans,0.9287514686584473,True
37206,Jeans,7,16513,Jeans,0.9287071228027344,True
37206,Jeans,8,36845,Jeans,0.9285719394683838,True
37206,Jeans,9,28811,Jeans,0.9254595041275024,True
37206,Jeans,10,28790,Jeans,0.9229617118835449,True
45289,Watches,1,45109,Watches,0.8332967162132263,True
45289,Watches,2,33925,Watches,0.8010162711143494,True
45289,Watches,3,45124,Watches,0.7621017098426819,True
45289,Watches,4,26330,Watches,0.7591345310211182,True
45289,Watches,5,45125,Watches,0.7117600440979004,True
45289,Watches,6,40544,Watches,0.7088832259178162,True
45289,Watches,7,45288,Watches,0.6907139420509338,True
45289,Watches,8,37289,Watches,0.6882491111755371,True
45289,Watches,9,43168,Watches,0.676278293132782,True
45289,Watches,10,26328,Watches,0.674001157283783,True
42890,Handbags,1,42891,Handbags,0.8982481956481934,True
42890,Handbags,2,16077,Laptop Bag,0.6317044496536255,False
42890,Handbags,3,39937,Laptop Bag,0.6262645721435547,False
42890,Handbags,4,58476,Wallets,0.6205786466598511,False
42890,Handbags,5,14868,Wallets,0.6199148893356323,False
42890,Handbags,6,16076,Laptop Bag,0.6108273267745972,False
42890,Handbags,7,14847,Wallets,0.5899026393890381,False
42890,Handbags,8,58473,Wallets,0.5830277800559998,False
42890,Handbags,9,39930,Laptop Bag,0.5819209814071655,False
42890,Handbags,10,25285,Handbags,0.5807356834411621,True
40991,Tops,1,40992,Tops,1.0000001192092896,True
40991,Tops,2,38482,Tops,1.0000001192092896,True
40991,Tops,3,37634,Tshirts,0.794772744178772,False
40991,Tops,4,38287,Tops,0.7630060315132141,True
40991,Tops,5,37587,Innerwear Vests,0.761262834072113,False
40991,Tops,6,33257,Tops,0.7587493658065796,True
40991,Tops,7,39325,Tops,0.7587493658065796,True
40991,Tops,8,37565,Innerwear Vests,0.7532601952552795,False
40991,Tops,9,37531,Tshirts,0.7502897381782532,False
40991,Tops,10,37584,Rompers,0.7453356385231018,False
48902,Pendant,1,48900,Pendant,0.8199405670166016,True
48902,Pendant,2,48914,Pendant,0.8031912446022034,True
48902,Pendant,3,48903,Pendant,0.7815544009208679,True
48902,Pendant,4,48908,Pendant,0.7624479532241821,True
48902,Pendant,5,48910,Pendant,0.7475566864013672,True
48902,Pendant,6,48911,Pendant,0.7098390460014343,True
48902,Pendant,7,48915,Pendant,0.6990841031074524,True
48902,Pendant,8,59503,Pendant,0.6912091970443726,True
48902,Pendant,9,59509,Pendant,0.6867157220840454,True
48902,Pendant,10,59510,Pendant,0.681596040725708,True
42636,Bracelet,1,42637,Bracelet,0.8735659122467041,True
42636,Bracelet,2,59781,Bracelet,0.872426450252533,True
42636,Bracelet,3,59784,Bracelet,0.8481951951980591,True
42636,Bracelet,4,42633,Bracelet,0.8451803922653198,True
42636,Bracelet,5,59776,Bracelet,0.8419718742370605,True
42636,Bracelet,6,59775,Bracelet,0.8300787210464478,True
42636,Bracelet,7,42634,Bracelet,0.8276819586753845,True
42636,Bracelet,8,42639,Bracelet,0.8181060552597046,True
42636,Bracelet,9,59777,Bracelet,0.8055523037910461,True
42636,Bracelet,10,59779,Bracelet,0.8037254810333252,True
17262,Tshirts,1,10358,Tshirts,0.9015137553215027,True
17262,Tshirts,2,19805,Tshirts,0.9001324772834778,True
17262,Tshirts,3,17258,Tshirts,0.8956938982009888,True
17262,Tshirts,4,17265,Tshirts,0.8943064212799072,True
17262,Tshirts,5,34228,Tshirts,0.8900268077850342,True
17262,Tshirts,6,12199,Tshirts,0.889731764793396,True
17262,Tshirts,7,52056,Tshirts,0.8879815340042114,True
17262,Tshirts,8,26297,Tshirts,0.8851240277290344,True
17262,Tshirts,9,18941,Tshirts,0.8799054622650146,True
17262,Tshirts,10,43506,Tshirts,0.8785637021064758,True
22171,Sandals,1,41074,Sports Sandals,0.7890295386314392,False
22171,Sandals,2,18498,Sandals,0.7878987193107605,True
22171,Sandals,3,23899,Sandals,0.7595111131668091,True
22171,Sandals,4,5609,Sports Sandals,0.7556650042533875,False
22171,Sandals,5,6823,Sandals,0.7541787028312683,True
22171,Sandals,6,13536,Sports Sandals,0.7509941458702087,False
22171,Sandals,7,47119,Sandals,0.7505282163619995,True
22171,Sandals,8,23900,Sandals,0.7420164942741394,True
22171,Sandals,9,9012,Sandals,0.7376526594161987,True
22171,Sandals,10,3503,Sports Sandals,0.7210544347763062,False
13252,Shirts,1,5020,Shirts,0.8942403793334961,True
13252,Shirts,2,10650,Shirts,0.8726882934570312,True
13252,Shirts,3,43587,Shirts,0.8545874953269958,True
13252,Shirts,4,24937,Tshirts,0.8526715040206909,False
13252,Shirts,5,41303,Shirts,0.8515586853027344,True
13252,Shirts,6,34044,Shirts,0.8270745277404785,True
13252,Shirts,7,34045,Shirts,0.8270745277404785,True
13252,Shirts,8,31090,Shirts,0.8270745277404785,True
13252,Shirts,9,13312,Shirts,0.823804497718811,True
13252,Shirts,10,13311,Shirts,0.823804497718811,True
41275,Wallets,1,41277,Wallets,0.9565280675888062,True
41275,Wallets,2,42078,Wallets,0.953889012336731,True
41275,Wallets,3,47155,Wallets,0.9475138783454895,True
41275,Wallets,4,41266,Wallets,0.9384393692016602,True
41275,Wallets,5,36097,Wallets,0.9380165338516235,True
41275,Wallets,6,41276,Wallets,0.9348185658454895,True
41275,Wallets,7,36129,Wallets,0.9337773323059082,True
41275,Wallets,8,36121,Wallets,0.9325091242790222,True
41275,Wallets,9,50825,Wallets,0.9322364926338196,True
41275,Wallets,10,42068,Wallets,0.9297618865966797,True
44535,Sandals,1,44532,Sandals,0.8938906788825989,True
44535,Sandals,2,50783,Heels,0.8593114018440247,False
44535,Sandals,3,39824,Sandals,0.8324164748191833,True
44535,Sandals,4,4628,Sandals,0.8190429210662842,True
44535,Sandals,5,44521,Sandals,0.8145120739936829,True
44535,Sandals,6,7319,Sandals,0.8101699352264404,True
44535,Sandals,7,39297,Sandals,0.80976802110672,True
44535,Sandals,8,40317,Sandals,0.8089115619659424,True
44535,Sandals,9,44577,Sandals,0.8041128516197205,True
44535,Sandals,10,50729,Sandals,0.7937828898429871,True
28480,Tshirts,1,3849,Tshirts,0.9203495979309082,True
28480,Tshirts,2,34245,Tshirts,0.9195610880851746,True
28480,Tshirts,3,34420,Tshirts,0.9182783365249634,True
28480,Tshirts,4,34365,Tshirts,0.9112122058868408,True
28480,Tshirts,5,23175,Tshirts,0.9108151197433472,True
28480,Tshirts,6,34341,Tshirts,0.9107235670089722,True
28480,Tshirts,7,17932,Tshirts,0.9095021486282349,True
28480,Tshirts,8,34361,Tshirts,0.9075541496276855,True
28480,Tshirts,9,29024,Tshirts,0.9065464735031128,True
28480,Tshirts,10,29548,Tshirts,0.9052339792251587,True
18894,Dresses,1,48475,Dresses,0.7632654309272766,True
18894,Dresses,2,35050,Kurtis,0.7565975785255432,False
18894,Dresses,3,38845,Dresses,0.7482947707176208,True
18894,Dresses,4,26975,Tops,0.742828905582428,False
18894,Dresses,5,54717,Kurtas,0.7423406839370728,False
18894,Dresses,6,43262,Kurtas,0.740732729434967,False
18894,Dresses,7,58003,Dresses,0.7357221245765686,True
18894,Dresses,8,53416,Kurtas,0.7196022272109985,False
18894,Dresses,9,32215,Kurtas,0.7193270325660706,False
18894,Dresses,10,26967,Tops,0.7169443368911743,False
18860,Tshirts,1,7451,Tshirts,0.8152360916137695,True
18860,Tshirts,2,14314,Tshirts,0.8113858699798584,True
18860,Tshirts,3,1924,Tshirts,0.8107069730758667,True
18860,Tshirts,4,31251,Tshirts,0.8103209733963013,True
18860,Tshirts,5,13954,Tshirts,0.804399847984314,True
18860,Tshirts,6,14715,Shirts,0.7974372506141663,False
18860,Tshirts,7,34222,Tshirts,0.7950987219810486,True
18860,Tshirts,8,8017,Tshirts,0.7935185432434082,True
18860,Tshirts,9,37145,Shirts,0.7932186126708984,False
18860,Tshirts,10,17874,Innerwear Vests,0.7909631729125977,False
15327,Tshirts,1,28543,Tshirts,0.8106825351715088,True
15327,Tshirts,2,10022,Tshirts,0.7829175591468811,True
15327,Tshirts,3,5442,Tshirts,0.7828096151351929,True
15327,Tshirts,4,30649,Tshirts,0.7724254131317139,True
15327,Tshirts,5,32653,Tshirts,0.770081639289856,True
15327,Tshirts,6,17896,Tshirts,0.7681882381439209,True
15327,Tshirts,7,7543,Tshirts,0.7582886815071106,True
15327,Tshirts,8,28542,Tshirts,0.7581154704093933,True
15327,Tshirts,9,28557,Tshirts,0.7563167214393616,True
15327,Tshirts,10,28556,Tshirts,0.7506656646728516,True
10458,Tshirts,1,15474,Tshirts,0.9327280521392822,True
10458,Tshirts,2,10460,Tshirts,0.896007776260376,True
10458,Tshirts,3,2212,Tshirts,0.8899334669113159,True
10458,Tshirts,4,22796,Tshirts,0.889243483543396,True
10458,Tshirts,5,16645,Tshirts,0.8891996145248413,True
10458,Tshirts,6,26293,Tshirts,0.8890663385391235,True
10458,Tshirts,7,33072,Tshirts,0.8868848085403442,True
10458,Tshirts,8,17289,Tshirts,0.886263370513916,True
10458,Tshirts,9,12726,Tshirts,0.8844157457351685,True
10458,Tshirts,10,7960,Tshirts,0.8838357925415039,True
49097,Compact,1,49095,Compact,0.9993972182273865,True
49097,Compact,2,49086,Compact,0.99903804063797,True
49097,Compact,3,49096,Compact,0.9982624053955078,True
49097,Compact,4,55101,Face Moisturisers,0.651121973991394,False
49097,Compact,5,56122,Foundation and Primer,0.5825018882751465,False
49097,Compact,6,55090,Face Moisturisers,0.5789664387702942,False
49097,Compact,7,55089,Face Moisturisers,0.5762898921966553,False
49097,Compact,8,56123,Foundation and Primer,0.5721864104270935,False
49097,Compact,9,56124,Foundation and Primer,0.5548597574234009,False
49097,Compact,10,55093,Face Moisturisers,0.5510537624359131,False
30067,Watches,1,30079,Watches,0.7793205976486206,True
30067,Watches,2,30078,Watches,0.7365877032279968,True
30067,Watches,3,30065,Watches,0.6624802350997925,True
30067,Watches,4,29942,Watches,0.6400210857391357,True
30067,Watches,5,30071,Watches,0.6333124041557312,True
30067,Watches,6,10193,Watches,0.6313620805740356,True
30067,Watches,7,31816,Watches,0.6251014471054077,True
30067,Watches,8,30064,Watches,0.6217967867851257,True
30067,Watches,9,11198,Watches,0.6209150552749634,True
30067,Watches,10,30068,Watches,0.61785489320755,True
24655,Socks,1,24661,Socks,0.6072405576705933,True
24655,Socks,2,24659,Socks,0.6004623770713806,True
24655,Socks,3,32171,Socks,0.5965675711631775,True
24655,Socks,4,15706,Socks,0.5717778205871582,True
24655,Socks,5,32172,Socks,0.5711120367050171,True
24655,Socks,6,8505,Socks,0.5575348138809204,True
24655,Socks,7,32168,Socks,0.5510680675506592,True
24655,Socks,8,2214,Socks,0.550182580947876,True
24655,Socks,9,8503,Socks,0.549595832824707,True
24655,Socks,10,32170,Socks,0.5485630035400391,True
56611,Compact,1,56610,Compact,0.9717116355895996,True
56611,Compact,2,56609,Compact,0.9561711549758911,True
56611,Compact,3,57789,Compact,0.6934137344360352,True
56611,Compact,4,57788,Compact,0.6847192645072937,True
56611,Compact,5,56424,Highlighter and Blush,0.6682824492454529,False
56611,Compact,6,57787,Compact,0.6649088859558105,True
56611,Compact,7,57790,Compact,0.6555540561676025,True
56611,Compact,8,56619,Highlighter and Blush,0.6513033509254456,False
56611,Compact,9,57804,Highlighter and Blush,0.5754507780075073,False
56611,Compact,10,56190,Compact,0.5682080984115601,True
14696,Trousers,1,29849,Trousers,0.9383298754692078,True
14696,Trousers,2,27918,Trousers,0.9327067136764526,True
14696,Trousers,3,40276,Trousers,0.9307523965835571,True
14696,Trousers,4,27605,Trousers,0.9244565963745117,True
14696,Trousers,5,17997,Track Pants,0.9236811995506287,False
14696,Trousers,6,34199,Track Pants,0.9231601357460022,False
14696,Trousers,7,26320,Track Pants,0.9227117300033569,False
14696,Trousers,8,40282,Trousers,0.9210494756698608,True
14696,Trousers,9,16068,Trousers,0.918698251247406,True
14696,Trousers,10,40280,Trousers,0.9185100793838501,True
39922,Laptop Bag,1,25861,Laptop Bag,0.7328581213951111,True
39922,Laptop Bag,2,15665,Handbags,0.7238929271697998,False
39922,Laptop Bag,3,39525,Laptop Bag,0.7233207821846008,True
39922,Laptop Bag,4,20490,Handbags,0.7197487950325012,False
39922,Laptop Bag,5,16075,Laptop Bag,0.7168579697608948,True
39922,Laptop Bag,6,42837,Handbags,0.7158010005950928,False
39922,Laptop Bag,7,21994,Handbags,0.7013034224510193,False
39922,Laptop Bag,8,15214,Duffel Bag,0.6977815628051758,False
39922,Laptop Bag,9,27720,Laptop Bag,0.6957666277885437,True
39922,Laptop Bag,10,15662,Laptop Bag,0.6954386830329895,True
32159,Socks,1,32160,Socks,0.835491955280304,True
32159,Socks,2,29213,Socks,0.7847364544868469,True
32159,Socks,3,32157,Socks,0.7309384346008301,True
32159,Socks,4,32172,Socks,0.7127037644386292,True
32159,Socks,5,17389,Socks,0.6937230825424194,True
32159,Socks,6,43563,Socks,0.6923419237136841,True
32159,Socks,7,32156,Socks,0.6859757900238037,True
32159,Socks,8,32161,Socks,0.6834020614624023,True
32159,Socks,9,9364,Socks,0.6825275421142578,True
32159,Socks,10,32173,Socks,0.6623516082763672,True
7139,Shirts,1,26959,Shirts,0.8604422807693481,True
7139,Shirts,2,7140,Shirts,0.8601142764091492,True
7139,Shirts,3,26960,Shirts,0.8549627065658569,True
7139,Shirts,4,26957,Shirts,0.8515735864639282,True
7139,Shirts,5,6228,Tshirts,0.8460826873779297,False
7139,Shirts,6,13448,Shirts,0.8270576000213623,True
7139,Shirts,7,6107,Tshirts,0.8247971534729004,False
7139,Shirts,8,42196,Tops,0.8247678279876709,False
7139,Shirts,9,41404,Tops,0.8183273077011108,False
7139,Shirts,10,37183,Tshirts,0.8174114227294922,False
37887,Socks,1,37888,Socks,0.6944872140884399,True
37887,Socks,2,37891,Socks,0.6873857378959656,True
37887,Socks,3,37879,Socks,0.6513189673423767,True
37887,Socks,4,37896,Socks,0.6292433738708496,True
37887,Socks,5,37877,Socks,0.6163095235824585,True
37887,Socks,6,37889,Socks,0.6077760457992554,True
37887,Socks,7,35245,Socks,0.5872260332107544,True
37887,Socks,8,37885,Socks,0.5713792443275452,True
37887,Socks,9,38157,Socks,0.5701274871826172,True
37887,Socks,10,32023,Socks,0.5577298402786255,True
5804,Jeans,1,5768,Jeans,0.8782675266265869,True
5804,Jeans,2,56232,Night suits,0.8320151567459106,False
5804,Jeans,3,6866,Leggings,0.8292386531829834,False
5804,Jeans,4,27000,Jeans,0.8266744613647461,True
5804,Jeans,5,14126,Jeans,0.8223633766174316,True
5804,Jeans,6,14117,Jeans,0.8194572329521179,True
5804,Jeans,7,51615,Jeggings,0.8125404119491577,False
5804,Jeans,8,6896,Trousers,0.8073314428329468,False
5804,Jeans,9,36253,Night suits,0.8067868947982788,False
5804,Jeans,10,55810,Night suits,0.8058359622955322,False
33082,Tshirts,1,33083,Tshirts,0.8709604144096375,True
33082,Tshirts,2,39064,Tshirts,0.8627193570137024,True
33082,Tshirts,3,11743,Tshirts,0.849668562412262,True
33082,Tshirts,4,2749,Tshirts,0.8340253829956055,True
33082,Tshirts,5,7819,Tshirts,0.832763671875,True
33082,Tshirts,6,26721,Tshirts,0.8305310606956482,True
33082,Tshirts,7,14290,Tshirts,0.8296093940734863,True
33082,Tshirts,8,12618,Tshirts,0.8274732828140259,True
33082,Tshirts,9,53773,Tshirts,0.8218966722488403,True
33082,Tshirts,10,15988,Tshirts,0.816230058670044,True
40570,Kurtas,1,32398,Tops,0.8402103185653687,False
40570,Kurtas,2,18257,Kurtas,0.8396105170249939,True
40570,Kurtas,3,12079,Kurtas,0.8325574398040771,True
40570,Kurtas,4,28728,Kurtas,0.8282526731491089,True
40570,Kurtas,5,15841,Kurtas,0.8245708346366882,True
40570,Kurtas,6,28729,Kurtas,0.8229645490646362,True
40570,Kurtas,7,28718,Kurtas,0.8228570222854614,True
40570,Kurtas,8,32399,Tops,0.8225809335708618,False
40570,Kurtas,9,28725,Kurtas,0.8220981359481812,True
40570,Kurtas,10,31312,Kurtas,0.8208805918693542,True
23446,Kurtis,1,40667,Tops,0.7525158524513245,False
23446,Kurtis,2,24160,Kurtas,0.7513119578361511,False
23446,Kurtis,3,56713,Kurtas,0.7492234110832214,False
23446,Kurtis,4,45837,Kurtas,0.7484049797058105,False
23446,Kurtis,5,33026,Kurtas,0.7318735122680664,False
23446,Kurtis,6,12064,Kurtas,0.7310648560523987,False
23446,Kurtis,7,57028,Tops,0.7308154106140137,False
23446,Kurtis,8,44812,Tshirts,0.7298258543014526,False
23446,Kurtis,9,50353,Kurtas,0.7287213802337646,False
23446,Kurtis,10,14547,Kurtas,0.7285921573638916,False
2677,Tshirts,1,2863,Tshirts,0.8762015700340271,True
2677,Tshirts,2,2681,Tshirts,0.8389887809753418,True
2677,Tshirts,3,23670,Tshirts,0.8378819227218628,True
2677,Tshirts,4,3264,Tshirts,0.8370422124862671,True
2677,Tshirts,5,4791,Tshirts,0.8366650938987732,True
2677,Tshirts,6,3758,Tshirts,0.8342145681381226,True
2677,Tshirts,7,11257,Tshirts,0.8314527273178101,True
2677,Tshirts,8,7663,Tshirts,0.8296974897384644,True
2677,Tshirts,9,14094,Tshirts,0.8289619088172913,True
2677,Tshirts,10,8012,Tshirts,0.8285324573516846,True
44781,Casual Shoes,1,36451,Sports Shoes,0.8360357880592346,False
44781,Casual Shoes,2,19309,Sports Shoes,0.833816409111023,False
44781,Casual Shoes,3,22246,Casual Shoes,0.8272727131843567,True
44781,Casual Shoes,4,2814,Casual Shoes,0.8258494138717651,True
44781,Casual Shoes,5,26657,Casual Shoes,0.8229724168777466,True
44781,Casual Shoes,6,22244,Casual Shoes,0.820014238357544,True
44781,Casual Shoes,7,12922,Casual Shoes,0.8139314651489258,True
44781,Casual Shoes,8,21472,Casual Shoes,0.8133680820465088,True
44781,Casual Shoes,9,44780,Casual Shoes,0.8093600869178772,True
44781,Casual Shoes,10,28606,Sports Shoes,0.8084487915039062,False
17674,Flats,1,20735,Flats,0.8292180299758911,True
17674,Flats,2,17675,Flats,0.8112101554870605,True
17674,Flats,3,25018,Flats,0.7896111011505127,True
17674,Flats,4,35818,Casual Shoes,0.7760382294654846,False
17674,Flats,5,35785,Flats,0.7670689821243286,True
17674,Flats,6,6803,Casual Shoes,0.7591211795806885,False
17674,Flats,7,14461,Heels,0.7563485503196716,False
17674,Flats,8,43888,Casual Shoes,0.7539455890655518,False
17674,Flats,9,39742,Casual Shoes,0.7473535537719727,False
17674,Flats,10,35534,Casual Shoes,0.7469480037689209,False
10035,Sports Shoes,1,15308,Sports Shoes,0.8536600470542908,True
10035,Sports Shoes,2,3162,Sports Shoes,0.8301153182983398,True
10035,Sports Shoes,3,3294,Sports Shoes,0.8273917436599731,True
10035,Sports Shoes,4,15415,Sports Shoes,0.8270427584648132,True
10035,Sports Shoes,5,20802,Sports Shoes,0.8128538131713867,True
10035,Sports Shoes,6,6673,Sports Shoes,0.8102936744689941,True
10035,Sports Shoes,7,13681,Sports Shoes,0.810288667678833,True
10035,Sports Shoes,8,12976,Sports Shoes,0.805112361907959,True
10035,Sports Shoes,9,23505,Sports Shoes,0.8033053874969482,True
10035,Sports Shoes,10,46333,Sports Shoes,0.8007653951644897,True
19517,Sweaters,1,34227,Tshirts,0.8969615697860718,False
19517,Sweaters,2,14065,Tshirts,0.8907597064971924,False
19517,Sweaters,3,19566,Tshirts,0.8883882164955139,False
19517,Sweaters,4,12929,Tshirts,0.8867818117141724,False
19517,Sweaters,5,19563,Tshirts,0.8867250680923462,False
19517,Sweaters,6,10450,Tshirts,0.8861981630325317,False
19517,Sweaters,7,13151,Tshirts,0.8856059312820435,False
19517,Sweaters,8,34212,Tshirts,0.8855452537536621,False
19517,Sweaters,9,18942,Tshirts,0.8827788829803467,False
19517,Sweaters,10,32490,Tshirts,0.8826918601989746,False
11910,Formal Shoes,1,11899,Formal Shoes,0.9174941778182983,True
11910,Formal Shoes,2,11900,Formal Shoes,0.91426682472229,True
11910,Formal Shoes,3,12516,Formal Shoes,0.9068539142608643,True
11910,Formal Shoes,4,24685,Formal Shoes,0.9043600559234619,True
11910,Formal Shoes,5,11882,Formal Shoes,0.9020945429801941,True
11910,Formal Shoes,6,11895,Formal Shoes,0.90072101354599,True
11910,Formal Shoes,7,11883,Formal Shoes,0.8979769945144653,True
11910,Formal Shoes,8,22125,Formal Shoes,0.8932929635047913,True
11910,Formal Shoes,9,55628,Casual Shoes,0.8914571404457092,False
11910,Formal Shoes,10,11896,Formal Shoes,0.8913329243659973,True
49603,Heels,1,53134,Flats,0.8497902750968933,False
49603,Heels,2,54144,Heels,0.8204487562179565,True
49603,Heels,3,45367,Heels,0.7993536591529846,True
49603,Heels,4,34454,Flats,0.797286331653595,False
49603,Heels,5,55655,Heels,0.7886897921562195,True
49603,Heels,6,44465,Heels,0.7803091406822205,True
49603,Heels,7,20904,Heels,0.7752751708030701,True
49603,Heels,8,13557,Flats,0.7741413116455078,False
49603,Heels,9,13542,Flats,0.7688509225845337,False
49603,Heels,10,54142,Heels,0.766406774520874,True
48341,Necklace and Chains,1,54879,Necklace and Chains,0.6969788074493408,True
48341,Necklace and Chains,2,48342,Necklace and Chains,0.679789662361145,True
48341,Necklace and Chains,3,48332,Necklace and Chains,0.568892240524292,True
48341,Necklace and Chains,4,54852,Necklace and Chains,0.5598046779632568,True
48341,Necklace and Chains,5,46150,Necklace and Chains,0.5590782165527344,True
48341,Necklace and Chains,6,54172,Necklace and Chains,0.5491106510162354,True
48341,Necklace and Chains,7,46156,Necklace and Chains,0.5490626096725464,True
48341,Necklace and Chains,8,54856,Necklace and Chains,0.5415107607841492,True
48341,Necklace and Chains,9,46147,Necklace and Chains,0.535202145576477,True
48341,Necklace and Chains,10,54888,Necklace and Chains,0.5343673229217529,True
59293,Watches,1,46431,Watches,0.8767381906509399,True
59293,Watches,2,59292,Watches,0.8486731052398682,True
59293,Watches,3,37478,Watches,0.8110973238945007,True
59293,Watches,4,46525,Watches,0.7856575846672058,True
59293,Watches,5,46505,Watches,0.7787671685218811,True
59293,Watches,6,46510,Watches,0.7682819366455078,True
59293,Watches,7,32365,Watches,0.7680409550666809,True
59293,Watches,8,45179,Watches,0.7671164274215698,True
59293,Watches,9,40504,Watches,0.7606568932533264,True
59293,Watches,10,40528,Watches,0.7550358176231384,True
41608,Shirts,1,37729,Shirts,0.8775122165679932,True
41608,Shirts,2,36852,Shirts,0.8743224143981934,True
41608,Shirts,3,18195,Shirts,0.8741399049758911,True
41608,Shirts,4,20174,Shirts,0.8659255504608154,True
41608,Shirts,5,37736,Shirts,0.8647017478942871,True
41608,Shirts,6,17177,Shirts,0.8625165224075317,True
41608,Shirts,7,20167,Shirts,0.8620185256004333,True
41608,Shirts,8,15145,Shirts,0.8590254783630371,True
41608,Shirts,9,43544,Shirts,0.857038140296936,True
41608,Shirts,10,27563,Shirts,0.857038140296936,True
40381,Tops,1,5121,Tshirts,0.8774062395095825,False
40381,Tops,2,16145,Tops,0.8765332698822021,True
40381,Tops,3,19675,Tshirts,0.8666619062423706,False
40381,Tops,4,34427,Tshirts,0.8652368187904358,False
40381,Tops,5,24566,Tshirts,0.8627364039421082,False
40381,Tops,6,7271,Tshirts,0.862129271030426,False
40381,Tops,7,2841,Tshirts,0.8582237362861633,False
40381,Tops,8,19676,Tops,0.8547963500022888,True
40381,Tops,9,33555,Tshirts,0.8531245589256287,False
40381,Tops,10,22219,Tshirts,0.8519920110702515,False
12160,Leggings,1,12157,Leggings,0.892350435256958,True
12160,Leggings,2,30831,Churidar,0.8853281140327454,False
12160,Leggings,3,12155,Leggings,0.8698420524597168,True
12160,Leggings,4,12163,Leggings,0.8667871952056885,True
12160,Leggings,5,22462,Leggings,0.8622850775718689,True
12160,Leggings,6,12159,Leggings,0.858159065246582,True
12160,Leggings,7,12162,Leggings,0.854996383190155,True
12160,Leggings,8,22461,Leggings,0.8505980372428894,True
12160,Leggings,9,30815,Leggings,0.8496654033660889,True
12160,Leggings,10,28944,Leggings,0.8456001281738281,True
51809,Nightdress,1,34274,Dupatta,0.7464295029640198,False
51809,Nightdress,2,51810,Nightdress,0.7382510900497437,True
51809,Nightdress,3,51811,Nightdress,0.7368178963661194,True
51809,Nightdress,4,22050,Kurtas,0.7363492250442505,False
51809,Nightdress,5,50350,Kurtas,0.7333097457885742,False
51809,Nightdress,6,34300,Dupatta,0.7328944206237793,False
51809,Nightdress,7,47660,Tunics,0.7300623059272766,False
51809,Nightdress,8,30891,Kurtas,0.7271028757095337,False
51809,Nightdress,9,51807,Nightdress,0.7268599271774292,True
51809,Nightdress,10,43266,Kurtas,0.7234272360801697,False
4144,Sports Shoes,1,34630,Sports Shoes,0.8198655247688293,True
4144,Sports Shoes,2,7603,Sports Shoes,0.8030080795288086,True
4144,Sports Shoes,3,4644,Sports Shoes,0.7999777793884277,True
4144,Sports Shoes,4,5754,Sports Shoes,0.7980237603187561,True
4144,Sports Shoes,5,4655,Sports Shoes,0.7852402925491333,True
4144,Sports Shoes,6,6631,Sports Shoes,0.7789621353149414,True
4144,Sports Shoes,7,4643,Sports Shoes,0.7746309041976929,True
4144,Sports Shoes,8,38654,Sports Shoes,0.7741568088531494,True
4144,Sports Shoes,9,31949,Sports Shoes,0.7724514603614807,True
4144,Sports Shoes,10,38646,Sports Shoes,0.7695940732955933,True
17618,Leggings,1,13248,Trousers,0.859722912311554,False
17618,Leggings,2,13246,Jeans,0.8188406229019165,False
17618,Leggings,3,13306,Trousers,0.8140886425971985,False
17618,Leggings,4,13307,Trousers,0.8140886425971985,False
17618,Leggings,5,41961,Jeans,0.7886268496513367,False
17618,Leggings,6,40160,Jeans,0.7886268496513367,False
17618,Leggings,7,41962,Jeans,0.7886268496513367,False
17618,Leggings,8,13229,Trousers,0.7856296300888062,False
17618,Leggings,9,5014,Capris,0.7680243253707886,False
17618,Leggings,10,13228,Trousers,0.761502206325531,False
6089,Tshirts,1,42400,Tshirts,0.7937356233596802,True
6089,Tshirts,2,7207,Tops,0.7886543273925781,False
6089,Tshirts,3,7208,Tops,0.7881471514701843,False
6089,Tshirts,4,15107,Tops,0.7830014824867249,False
6089,Tshirts,5,7430,Tunics,0.7822597622871399,False
6089,Tshirts,6,46253,Kurtas,0.781743586063385,False
6089,Tshirts,7,39167,Kurtas,0.7816199064254761,False
6089,Tshirts,8,13962,Tops,0.779586672782898,False
6089,Tshirts,9,6217,Tops,0.779494047164917,False
6089,Tshirts,10,11662,Tshirts,0.778071939945221,True
7369,Casual Shoes,1,23256,Formal Shoes,0.8104990720748901,False
7369,Casual Shoes,2,21067,Casual Shoes,0.8032607436180115,True
7369,Casual Shoes,3,12518,Casual Shoes,0.8013819456100464,True
7369,Casual Shoes,4,22840,Casual Shoes,0.8000730872154236,True
7369,Casual Shoes,5,9029,Casual Shoes,0.7992503643035889,True
7369,Casual Shoes,6,45585,Formal Shoes,0.7980806231498718,False
7369,Casual Shoes,7,16155,Formal Shoes,0.7975965738296509,False
7369,Casual Shoes,8,12431,Casual Shoes,0.7961268424987793,True
7369,Casual Shoes,9,41476,Formal Shoes,0.7959847450256348,False
7369,Casual Shoes,10,30261,Formal Shoes,0.7959761619567871,False
40524,Watches,1,33878,Watches,0.7857456207275391,True
40524,Watches,2,43540,Free Gifts,0.7729078531265259,False
40524,Watches,3,46453,Watches,0.7723003625869751,True
40524,Watches,4,45921,Watches,0.7722378969192505,True
40524,Watches,5,59231,Watches,0.7656540274620056,True
40524,Watches,6,17448,Watches,0.7646800875663757,True
40524,Watches,7,26349,Watches,0.7641465663909912,True
40524,Watches,8,45925,Watches,0.7608868479728699,True
40524,Watches,9,51644,Watches,0.7596817016601562,True
40524,Watches,10,33886,Watches,0.7583307027816772,True
24637,Sports Shoes,1,28650,Sports Shoes,0.8740625977516174,True
24637,Sports Shoes,2,31207,Sports Shoes,0.8528190851211548,True
24637,Sports Shoes,3,24638,Sports Shoes,0.8467167615890503,True
24637,Sports Shoes,4,15289,Sports Shoes,0.8343690037727356,True
24637,Sports Shoes,5,38656,Sports Shoes,0.8293112516403198,True
24637,Sports Shoes,6,43359,Sports Shoes,0.8197367191314697,True
24637,Sports Shoes,7,2832,Casual Shoes,0.8192175626754761,False
24637,Sports Shoes,8,4638,Sports Shoes,0.8165014982223511,True
24637,Sports Shoes,9,25459,Sports Shoes,0.8162565231323242,True
24637,Sports Shoes,10,6830,Sports Shoes,0.8159521222114563,True
47365,Mobile Pouch,1,47369,Mobile Pouch,0.7459282875061035,True
47365,Mobile Pouch,2,47299,Mobile Pouch,0.714187502861023,True
47365,Mobile Pouch,3,20389,Handbags,0.6176832914352417,False
47365,Mobile Pouch,4,31932,Clutches,0.5910184979438782,False
47365,Mobile Pouch,5,24622,Handbags,0.5800551176071167,False
47365,Mobile Pouch,6,5019,Skirts,0.5775219202041626,False
47365,Mobile Pouch,7,24738,Handbags,0.5696486234664917,False
47365,Mobile Pouch,8,47368,Handbags,0.5593997836112976,False
47365,Mobile Pouch,9,20399,Handbags,0.5430402159690857,False
47365,Mobile Pouch,10,36998,Handbags,0.5403057336807251,False
11716,Shirts,1,25006,Shirts,0.9038612842559814,True
11716,Shirts,2,29670,Shirts,0.8883516788482666,True
11716,Shirts,3,31660,Shirts,0.8883516788482666,True
11716,Shirts,4,13886,Shirts,0.8862983584403992,True
11716,Shirts,5,13887,Shirts,0.8862983584403992,True
11716,Shirts,6,12910,Shirts,0.8860398530960083,True
11716,Shirts,7,19527,Sweaters,0.8857207298278809,False
11716,Shirts,8,12185,Shirts,0.8854405283927917,True
11716,Shirts,9,31655,Shirts,0.881442666053772,True
11716,Shirts,10,39697,Shirts,0.8796463012695312,True
59099,Briefs,1,59100,Briefs,0.8825074434280396,True
59099,Briefs,2,54304,Briefs,0.8525545001029968,True
59099,Briefs,3,59709,Briefs,0.8486521244049072,True
59099,Briefs,4,54319,Briefs,0.8472225666046143,True
59099,Briefs,5,59708,Briefs,0.8462724685668945,True
59099,Briefs,6,53531,Briefs,0.8400870561599731,True
59099,Briefs,7,50988,Briefs,0.8307819366455078,True
59099,Briefs,8,54320,Briefs,0.8292239904403687,True
59099,Briefs,9,59101,Briefs,0.8276360630989075,True
59099,Briefs,10,56308,Briefs,0.8229186534881592,True
50570,Trunk,1,50633,Trunk,0.9494628310203552,True
50570,Trunk,2,50629,Trunk,0.9222604036331177,True
50570,Trunk,3,50678,Trunk,0.9217216968536377,True
50570,Trunk,4,50513,Trunk,0.9154671430587769,True
50570,Trunk,5,50568,Trunk,0.9136279821395874,True
50570,Trunk,6,50632,Trunk,0.9127610921859741,True
50570,Trunk,7,50572,Trunk,0.9080851078033447,True
50570,Trunk,8,49931,Trunk,0.8969470262527466,True
50570,Trunk,9,50602,Trunk,0.8960301280021667,True
50570,Trunk,10,50630,Trunk,0.8957912921905518,True
42889,Clutches,1,25720,Handbags,0.7622219920158386,False
42889,Clutches,2,27044,Clutches,0.7281949520111084,True
42889,Clutches,3,20581,Mobile Pouch,0.7136106491088867,False
42889,Clutches,4,9485,Handbags,0.7014572620391846,False
42889,Clutches,5,47356,Clutches,0.6986945867538452,True
42889,Clutches,6,58260,Handbags,0.688675045967102,False
42889,Clutches,7,38735,Messenger Bag,0.6885566115379333,False
42889,Clutches,8,21523,Handbags,0.6867644786834717,False
42889,Clutches,9,11124,Laptop Bag,0.6775988340377808,False
42889,Clutches,10,47416,Handbags,0.6650806665420532,False
10092,Sports Shoes,1,25466,Sports Shoes,0.854250967502594,True
10092,Sports Shoes,2,3501,Sports Shoes,0.8341314196586609,True
10092,Sports Shoes,3,24457,Sports Shoes,0.8317168354988098,True
10092,Sports Shoes,4,12969,Sports Shoes,0.828990638256073,True
10092,Sports Shoes,5,23925,Sports Shoes,0.8285199403762817,True
10092,Sports Shoes,6,36458,Sports Shoes,0.8250594735145569,True
10092,Sports Shoes,7,14343,Sports Shoes,0.8235838413238525,True
10092,Sports Shoes,8,41209,Sports Shoes,0.8191602826118469,True
10092,Sports Shoes,9,43355,Sports Shoes,0.818929135799408,True
10092,Sports Shoes,10,41832,Casual Shoes,0.81708824634552,False
33210,Tops,1,40666,Tops,0.8482165932655334,True
33210,Tops,2,19080,Kurtas,0.8290542364120483,False
33210,Tops,3,24375,Kurtas,0.8257423639297485,False
33210,Tops,4,31784,Tops,0.8112673759460449,True
33210,Tops,5,26368,Shirts,0.8105794787406921,False
33210,Tops,6,22070,Kurtas,0.8095712661743164,False
33210,Tops,7,42667,Kurtas,0.8067166805267334,False
33210,Tops,8,24370,Kurtas,0.7930305004119873,False
33210,Tops,9,41778,Tops,0.7888696193695068,True
33210,Tops,10,27265,Tops,0.7865524291992188,True
19324,Sweatshirts,1,16196,Jackets,0.8651812076568604,False
19324,Sweatshirts,2,18569,Sweaters,0.8486124277114868,False
19324,Sweatshirts,3,22323,Jackets,0.8470362424850464,False
19324,Sweatshirts,4,19560,Tshirts,0.8428966999053955,False
19324,Sweatshirts,5,39784,Shirts,0.8398294448852539,False
19324,Sweatshirts,6,13877,Shirts,0.8366592526435852,False
19324,Sweatshirts,7,15977,Shirts,0.8334106802940369,False
19324,Sweatshirts,8,6785,Jackets,0.8311968445777893,False
19324,Sweatshirts,9,19394,Jackets,0.8279987573623657,False
19324,Sweatshirts,10,10364,Tshirts,0.8251460790634155,False
8773,Shirts,1,9606,Shirts,1.0,True
8773,Shirts,2,33236,Shirts,0.888382077217102,True
8773,Shirts,3,9610,Shirts,0.8790613412857056,True
8773,Shirts,4,8722,Shirts,0.8790613412857056,True
8773,Shirts,5,9507,Shirts,0.8788305521011353,True
8773,Shirts,6,9506,Shirts,0.8788305521011353,True
8773,Shirts,7,29700,Shirts,0.8713579177856445,True
8773,Shirts,8,26058,Shirts,0.8713579177856445,True
8773,Shirts,9,29629,Shirts,0.8713548183441162,True
8773,Shirts,10,11696,Shirts,0.8691928386688232,True
44945,Trousers,1,11302,Jeans,0.9377131462097168,False
44945,Trousers,2,43489,Jeans,0.9348008632659912,False
44945,Trousers,3,32404,Trousers,0.9302127361297607,True
44945,Trousers,4,27917,Trousers,0.9236771464347839,True
44945,Trousers,5,39379,Jeans,0.9226274490356445,False
44945,Trousers,6,36841,Jeans,0.9195240139961243,False
44945,Trousers,7,27267,Trousers,0.9181785583496094,True
44945,Trousers,8,51587,Jeans,0.917926013469696,False
44945,Trousers,9,11242,Jeans,0.9160627722740173,False
44945,Trousers,10,43246,Jeans,0.9145107269287109,False
52820,Earrings,1,48619,Earrings,0.7499809861183167,True
52820,Earrings,2,58612,Earrings,0.7111556529998779,True
52820,Earrings,3,59531,Earrings,0.7064011096954346,True
52820,Earrings,4,58611,Earrings,0.6815009117126465,True
52820,Earrings,5,48591,Earrings,0.669187068939209,True
52820,Earrings,6,46045,Earrings,0.6559382081031799,True
52820,Earrings,7,58050,Earrings,0.6555478572845459,True
52820,Earrings,8,58614,Earrings,0.6551382541656494,True
52820,Earrings,9,58045,Earrings,0.644225537776947,True
52820,Earrings,10,56202,Pendant,0.6387999057769775,False
34493,Skirts,1,34492,Skirts,0.8427327275276184,True
34493,Skirts,2,19380,Boxers,0.8184759616851807,False
34493,Skirts,3,57097,Capris,0.8160040378570557,False
34493,Skirts,4,18712,Skirts,0.8153613209724426,True
34493,Skirts,5,23373,Boxers,0.8116434812545776,False
34493,Skirts,6,40434,Skirts,0.8110966086387634,True
34493,Skirts,7,26364,Skirts,0.8097681999206543,True
34493,Skirts,8,50652,Lounge Shorts,0.8080001473426819,False
34493,Skirts,9,57089,Skirts,0.8052323460578918,True
34493,Skirts,10,27027,Shorts,0.8044499158859253,False
26364,Skirts,1,18712,Skirts,0.8584879636764526,True
26364,Skirts,2,18713,Skirts,0.8519673943519592,True
26364,Skirts,3,40428,Skirts,0.8354964256286621,True
26364,Skirts,4,32250,Skirts,0.8335460424423218,True
26364,Skirts,5,30821,Churidar,0.8331409692764282,False
26364,Skirts,6,34492,Skirts,0.8306507468223572,True
26364,Skirts,7,19420,Shorts,0.8222522139549255,False
26364,Skirts,8,21431,Shorts,0.8208037614822388,False
26364,Skirts,9,57084,Skirts,0.8189911842346191,True
26364,Skirts,10,34493,Skirts,0.8097680807113647,True
37672,Backpacks,1,37697,Backpacks,0.7416521310806274,True
37672,Backpacks,2,37692,Backpacks,0.7317075133323669,True
37672,Backpacks,3,25867,Backpacks,0.7283899784088135,True
37672,Backpacks,4,37687,Backpacks,0.718524694442749,True
37672,Backpacks,5,7056,Backpacks,0.717323362827301,True
37672,Backpacks,6,4593,Backpacks,0.7105727195739746,True
37672,Backpacks,7,38148,Backpacks,0.7081495523452759,True
37672,Backpacks,8,37691,Backpacks,0.7032583951950073,True
37672,Backpacks,9,38746,Backpacks,0.7003860473632812,True
37672,Backpacks,10,7063,Backpacks,0.6992771029472351,True
22192,Casual Shoes,1,44411,Casual Shoes,0.8896076679229736,True
22192,Casual Shoes,2,4179,Formal Shoes,0.8727996349334717,False
22192,Casual Shoes,3,9698,Formal Shoes,0.8627132177352905,False
22192,Casual Shoes,4,33701,Formal Shoes,0.8596805930137634,False
22192,Casual Shoes,5,12877,Formal Shoes,0.8567500710487366,False
22192,Casual Shoes,6,10263,Formal Shoes,0.8559622168540955,False
22192,Casual Shoes,7,4180,Formal Shoes,0.8558791875839233,False
22192,Casual Shoes,8,15064,Formal Shoes,0.8549584746360779,False
22192,Casual Shoes,9,55615,Casual Shoes,0.85440593957901,True
22192,Casual Shoes,10,11873,Formal Shoes,0.8540816903114319,False
19915,Waist Pouch,1,22685,Waist Pouch,0.7410178184509277,True
19915,Waist Pouch,2,14801,Handbags,0.722496747970581,False
19915,Waist Pouch,3,19914,Waist Pouch,0.7129157185554504,True
19915,Waist Pouch,4,47341,Handbags,0.6982022523880005,False
19915,Waist Pouch,5,20046,Wallets,0.6688011288642883,False
19915,Waist Pouch,6,18429,Laptop Bag,0.6650396585464478,False
19915,Waist Pouch,7,39487,Mobile Pouch,0.6648514270782471,False
19915,Waist Pouch,8,6535,Laptop Bag,0.663843035697937,False
19915,Waist Pouch,9,18435,Messenger Bag,0.6632407903671265,False
19915,Waist Pouch,10,20983,Belts,0.6490205526351929,False
5605,Flip Flops,1,5602,Flip Flops,0.8860765695571899,True
5605,Flip Flops,2,40696,Flip Flops,0.8528960943222046,True
5605,Flip Flops,3,37998,Flip Flops,0.8489667177200317,True
5605,Flip Flops,4,40695,Flip Flops,0.8459054827690125,True
5605,Flip Flops,5,59017,Flip Flops,0.8442416191101074,True
5605,Flip Flops,6,10173,Sandals,0.8435162305831909,False
5605,Flip Flops,7,41079,Flip Flops,0.8432114124298096,True
5605,Flip Flops,8,35667,Flip Flops,0.8391220569610596,True
5605,Flip Flops,9,44239,Flip Flops,0.8345422744750977,True
5605,Flip Flops,10,15071,Sandals,0.8318032026290894,False
52827,Earrings,1,43827,Earrings,0.6456554532051086,True
52827,Earrings,2,43820,Earrings,0.6383863687515259,True
52827,Earrings,3,43851,Earrings,0.6132904291152954,True
52827,Earrings,4,43826,Earrings,0.597171425819397,True
52827,Earrings,5,43835,Earrings,0.5873407125473022,True
52827,Earrings,6,43828,Earrings,0.5841713547706604,True
52827,Earrings,7,43850,Earrings,0.5781865119934082,True
52827,Earrings,8,52864,Earrings,0.5777683258056641,True
52827,Earrings,9,43822,Earrings,0.5747330188751221,True
52827,Earrings,10,43815,Earrings,0.5718531608581543,True
28464,Capris,1,28460,Shorts,0.8707450032234192,False
28464,Capris,2,26984,Shorts,0.857243537902832,False
28464,Capris,3,51993,Lounge Shorts,0.8503847122192383,False
28464,Capris,4,28456,Skirts,0.8322620391845703,False
28464,Capris,5,51360,Jeans,0.8311592936515808,False
28464,Capris,6,28459,Shorts,0.828357458114624,False
28464,Capris,7,27417,Capris,0.8158409595489502,True
28464,Capris,8,33736,Jeggings,0.8121365904808044,False
28464,Capris,9,57093,Shorts,0.8120275735855103,False
28464,Capris,10,25913,Leggings,0.8101400136947632,False
4985,Sports Shoes,1,3667,Sports Shoes,0.8073472380638123,True
4985,Sports Shoes,2,3691,Sports Shoes,0.7717022895812988,True
4985,Sports Shoes,3,1833,Sports Shoes,0.7646365165710449,True
4985,Sports Shoes,4,4044,Sports Shoes,0.7553127408027649,True
4985,Sports Shoes,5,3690,Sports Shoes,0.7533040642738342,True
4985,Sports Shoes,6,1828,Sports Shoes,0.7519917488098145,True
4985,Sports Shoes,7,4645,Sports Shoes,0.7488117218017578,True
4985,Sports Shoes,8,10078,Sports Shoes,0.7421079277992249,True
4985,Sports Shoes,9,42991,Sports Shoes,0.7408246397972107,True
4985,Sports Shoes,10,1784,Sports Shoes,0.7398743629455566,True
20863,Wallets,1,15945,Wallets,0.9130289554595947,True
20863,Wallets,2,21820,Wallets,0.886910617351532,True
20863,Wallets,3,21807,Wallets,0.8837778568267822,True
20863,Wallets,4,18822,Wallets,0.8652242422103882,True
20863,Wallets,5,14840,Wallets,0.8637406826019287,True
20863,Wallets,6,15942,Wallets,0.8635717630386353,True
20863,Wallets,7,14845,Wallets,0.8612978458404541,True
20863,Wallets,8,12418,Wallets,0.8603000640869141,True
20863,Wallets,9,20862,Wallets,0.858993411064148,True
20863,Wallets,10,44271,Wallets,0.8568313717842102,True
29314,Backpacks,1,29312,Backpacks,0.7004603147506714,True
29314,Backpacks,2,9492,Backpacks,0.6391790509223938,True
29314,Backpacks,3,38324,Free Gifts,0.6337199807167053,False
29314,Backpacks,4,4672,Backpacks,0.6032756567001343,True
29314,Backpacks,5,4671,Backpacks,0.6001162528991699,True
29314,Backpacks,6,53366,Backpacks,0.591546893119812,True
29314,Backpacks,7,7092,Backpacks,0.5908177495002747,True
29314,Backpacks,8,22658,Backpacks,0.5842304229736328,True
29314,Backpacks,9,34460,Backpacks,0.5796302556991577,True
29314,Backpacks,10,35194,Backpacks,0.5769364833831787,True
42873,Handbags,1,53985,Handbags,0.7821810245513916,True
42873,Handbags,2,25172,Handbags,0.7630242109298706,True
42873,Handbags,3,25212,Handbags,0.7569159865379333,True
42873,Handbags,4,25155,Handbags,0.7554720044136047,True
42873,Handbags,5,39549,Handbags,0.7418155670166016,True
42873,Handbags,6,47327,Handbags,0.7403913736343384,True
42873,Handbags,7,27693,Handbags,0.7279030680656433,True
42873,Handbags,8,18042,Handbags,0.7243893146514893,True
42873,Handbags,9,25158,Handbags,0.7225620746612549,True
42873,Handbags,10,47421,Handbags,0.7216845750808716,True
14067,Tshirts,1,30117,Tshirts,0.8631906509399414,True
14067,Tshirts,2,12053,Tshirts,0.8478683233261108,True
14067,Tshirts,3,3278,Tshirts,0.847759485244751,True
14067,Tshirts,4,24051,Tshirts,0.8334358930587769,True
14067,Tshirts,5,3289,Tshirts,0.8320341110229492,True
14067,Tshirts,6,21397,Tshirts,0.8273849487304688,True
14067,Tshirts,7,10886,Tshirts,0.8271223306655884,True
14067,Tshirts,8,27657,Tshirts,0.8245307207107544,True
14067,Tshirts,9,25546,Tshirts,0.8208457827568054,True
14067,Tshirts,10,1865,Tshirts,0.8202277421951294,True
31112,Capris,1,34052,Capris,0.9999998211860657,True
31112,Capris,2,34053,Capris,0.9999998211860657,True
31112,Capris,3,33501,Capris,0.7671823501586914,True
31112,Capris,4,27222,Capris,0.7671823501586914,True
31112,Capris,5,27423,Lounge Shorts,0.7525367140769958,False
31112,Capris,6,31448,Shorts,0.7334128618240356,False
31112,Capris,7,38900,Capris,0.7295671701431274,True
31112,Capris,8,4939,Jeans,0.7264137268066406,False
31112,Capris,9,5450,Shorts,0.7263378500938416,False
31112,Capris,10,28522,Capris,0.7259874939918518,True
5054,Sports Shoes,1,41443,Sports Shoes,0.7611475586891174,True
5054,Sports Shoes,2,3668,Casual Shoes,0.759119987487793,False
5054,Sports Shoes,3,5739,Sports Shoes,0.7491205334663391,True
5054,Sports Shoes,4,1618,Sports Shoes,0.7485641241073608,True
5054,Sports Shoes,5,43373,Sports Shoes,0.7479562759399414,True
5054,Sports Shoes,6,3661,Sports Shoes,0.747207522392273,True
5054,Sports Shoes,7,54543,Sports Shoes,0.7435104846954346,True
5054,Sports Shoes,8,43346,Sports Shoes,0.7432904243469238,True
5054,Sports Shoes,9,6150,Sports Shoes,0.7407563924789429,True
5054,Sports Shoes,10,42136,Sports Shoes,0.73834228515625,True
34004,Tops,1,34003,Tops,1.0,True
34004,Tops,2,31117,Tops,1.0,True
34004,Tops,3,5417,Tshirts,0.7894435524940491,False
34004,Tops,4,22588,Tshirts,0.7713360786437988,False
34004,Tops,5,34091,Tops,0.7547316551208496,True
34004,Tops,6,12832,Tshirts,0.7460309267044067,False
34004,Tops,7,4916,Tops,0.7459651827812195,True
34004,Tops,8,4915,Tops,0.7444982528686523,True
34004,Tops,9,5423,Tshirts,0.741170346736908,False
34004,Tops,10,12838,Tshirts,0.7343252301216125,False
56226,Night suits,1,36258,Night suits,0.8551483154296875,True
56226,Night suits,2,56254,Night suits,0.8226324319839478,True
56226,Night suits,3,36257,Night suits,0.814353346824646,True
56226,Night suits,4,46406,Tshirts,0.8129821419715881,False
56226,Night suits,5,36250,Night suits,0.8121482133865356,True
56226,Night suits,6,19610,Tshirts,0.8086369037628174,False
56226,Night suits,7,56222,Night suits,0.8061821460723877,True
56226,Night suits,8,36256,Night suits,0.8029297590255737,True
56226,Night suits,9,55806,Night suits,0.8019224405288696,True
56226,Night suits,10,20234,Tshirts,0.7977451086044312,False
24606,Sweatshirts,1,19819,Sweatshirts,0.8351056575775146,True
24606,Sweatshirts,2,15585,Sweatshirts,0.8129149675369263,True
24606,Sweatshirts,3,36244,Tshirts,0.7944741249084473,False
24606,Sweatshirts,4,13096,Tshirts,0.7920940518379211,False
24606,Sweatshirts,5,53115,Tshirts,0.7911239862442017,False
24606,Sweatshirts,6,1892,Sweatshirts,0.7897428274154663,True
24606,Sweatshirts,7,6181,Tshirts,0.7831181287765503,False
24606,Sweatshirts,8,20198,Sweatshirts,0.7804762721061707,True
24606,Sweatshirts,9,6762,Tshirts,0.7757521867752075,False
24606,Sweatshirts,10,3020,Tshirts,0.7745242118835449,False
51003,Bra,1,59092,Bra,0.9253508448600769,True
51003,Bra,2,56299,Bra,0.9164557456970215,True
51003,Bra,3,51194,Bra,0.9130344390869141,True
51003,Bra,4,56421,Bra,0.9109077453613281,True
51003,Bra,5,59081,Bra,0.9100766181945801,True
51003,Bra,6,50969,Bra,0.907899022102356,True
51003,Bra,7,53466,Bra,0.8989839553833008,True
51003,Bra,8,56277,Bra,0.89747554063797,True
51003,Bra,9,57326,Bra,0.8972302675247192,True
51003,Bra,10,56422,Bra,0.8968639373779297,True
10662,Tshirts,1,17613,Tshirts,0.9302235841751099,True
10662,Tshirts,2,12603,Tshirts,0.9211447834968567,True
10662,Tshirts,3,4321,Tshirts,0.8964024782180786,True
10662,Tshirts,4,24909,Tshirts,0.8955585956573486,True
10662,Tshirts,5,46731,Tshirts,0.8949698805809021,True
10662,Tshirts,6,4328,Tshirts,0.8895472288131714,True
10662,Tshirts,7,48244,Tshirts,0.8891825675964355,True
10662,Tshirts,8,17608,Tshirts,0.8842790722846985,True
10662,Tshirts,9,25516,Tshirts,0.883897066116333,True
10662,Tshirts,10,10676,Tops,0.881352424621582,False
11582,Kurtis,1,28740,Tops,0.7854987978935242,False
11582,Kurtis,2,18268,Kurtas,0.7846767902374268,False
11582,Kurtis,3,25703,Tops,0.7815911173820496,False
11582,Kurtis,4,30939,Kurtis,0.7741390466690063,True
11582,Kurtis,5,30940,Kurtis,0.7723780274391174,True
11582,Kurtis,6,30887,Kurtas,0.7594785094261169,False
11582,Kurtis,7,32398,Tops,0.7545124888420105,False
11582,Kurtis,8,5112,Tshirts,0.7516846656799316,False
11582,Kurtis,9,20136,Shirts,0.7463126182556152,False
11582,Kurtis,10,27105,Kurtas,0.745978832244873,False
44780,Casual Shoes,1,4852,Casual Shoes,0.8297720551490784,True
44780,Casual Shoes,2,53634,Casual Shoes,0.823523998260498,True
44780,Casual Shoes,3,24450,Casual Shoes,0.8125149607658386,True
44780,Casual Shoes,4,44781,Casual Shoes,0.8093602061271667,True
44780,Casual Shoes,5,20678,Casual Shoes,0.8089674711227417,True
44780,Casual Shoes,6,43881,Casual Shoes,0.8043960332870483,True
44780,Casual Shoes,7,36450,Sports Shoes,0.8031988739967346,False
44780,Casual Shoes,8,10640,Casual Shoes,0.8025990724563599,True
44780,Casual Shoes,9,3246,Casual Shoes,0.801367998123169,True
44780,Casual Shoes,10,5467,Sports Shoes,0.8007537722587585,False
17675,Flats,1,17674,Flats,0.8112101554870605,True
17675,Flats,2,47630,Flats,0.7929803133010864,True
17675,Flats,3,25018,Flats,0.7860008478164673,True
17675,Flats,4,35534,Casual Shoes,0.7858715653419495,False
17675,Flats,5,43887,Casual Shoes,0.7488575577735901,False
17675,Flats,6,20735,Flats,0.7470697164535522,True
17675,Flats,7,25019,Casual Shoes,0.745360255241394,False
17675,Flats,8,24075,Flats,0.7384597063064575,True
17675,Flats,9,43889,Casual Shoes,0.7202236652374268,False
17675,Flats,10,46605,Flats,0.7149320244789124,True
45236,Watches,1,32326,Watches,0.793522298336029,True
45236,Watches,2,37301,Watches,0.7789231538772583,True
45236,Watches,3,11211,Watches,0.7731929421424866,True
45236,Watches,4,45225,Watches,0.7670530080795288,True
45236,Watches,5,45294,Watches,0.7654488682746887,True
45236,Watches,6,46736,Watches,0.762852132320404,True
45236,Watches,7,45224,Watches,0.75987309217453,True
45236,Watches,8,33897,Watches,0.759485125541687,True
45236,Watches,9,38038,Watches,0.7590828537940979,True
45236,Watches,10,48042,Watches,0.7510908842086792,True
48529,Flip Flops,1,48527,Flip Flops,0.8737610578536987,True
48529,Flip Flops,2,12983,Flip Flops,0.8699706792831421,True
48529,Flip Flops,3,6743,Flip Flops,0.8601641058921814,True
48529,Flip Flops,4,5602,Flip Flops,0.8502894639968872,True
48529,Flip Flops,5,26677,Flip Flops,0.8486993312835693,True
48529,Flip Flops,6,6421,Flip Flops,0.8402878046035767,True
48529,Flip Flops,7,20945,Flip Flops,0.8400163054466248,True
48529,Flip Flops,8,6659,Flip Flops,0.8324967622756958,True
48529,Flip Flops,9,35667,Flip Flops,0.8307621479034424,True
48529,Flip Flops,10,6411,Flip Flops,0.8277928829193115,True
59464,Ring,1,48992,Ring,0.7554323673248291,True
59464,Ring,2,48993,Ring,0.7410823106765747,True
59464,Ring,3,49018,Ring,0.7393712997436523,True
59464,Ring,4,49005,Ring,0.7155657410621643,True
59464,Ring,5,49017,Ring,0.7071552276611328,True
59464,Ring,6,49014,Ring,0.7037159204483032,True
59464,Ring,7,49012,Ring,0.703601062297821,True
59464,Ring,8,49009,Ring,0.7033109664916992,True
59464,Ring,9,49024,Ring,0.6934159994125366,True
59464,Ring,10,49026,Ring,0.6885932087898254,True
21926,Kurtas,1,21929,Kurtas,0.8726423978805542,True
21926,Kurtas,2,21882,Tunics,0.8565630912780762,False
21926,Kurtas,3,21900,Kurtas,0.841728687286377,True
21926,Kurtas,4,24551,Kurtas,0.8286074995994568,True
21926,Kurtas,5,54595,Kurtas,0.8211057186126709,True
21926,Kurtas,6,23050,Dresses,0.8182168006896973,False
21926,Kurtas,7,23221,Kurtas,0.8146922588348389,True
21926,Kurtas,8,21901,Kurtas,0.812570333480835,True
21926,Kurtas,9,39159,Kurtas,0.8113535046577454,True
21926,Kurtas,10,35263,Shirts,0.811009407043457,False
19172,Tshirts,1,19558,Tshirts,0.8933258056640625,True
19172,Tshirts,2,19595,Tshirts,0.8821491003036499,True
19172,Tshirts,3,20220,Sweaters,0.8799262642860413,False
19172,Tshirts,4,19999,Tshirts,0.8654311895370483,True
19172,Tshirts,5,21124,Sweaters,0.865044116973877,False
19172,Tshirts,6,23071,Sweaters,0.864837646484375,False
19172,Tshirts,7,19534,Sweaters,0.8643763661384583,False
19172,Tshirts,8,19515,Sweaters,0.8611515760421753,False
19172,Tshirts,9,19561,Tshirts,0.8603697419166565,True
19172,Tshirts,10,21119,Sweaters,0.8583309054374695,False
3565,Casual Shoes,1,4663,Sports Shoes,0.8258291482925415,False
3565,Casual Shoes,2,5698,Casual Shoes,0.7990233898162842,True
3565,Casual Shoes,3,38779,Casual Shoes,0.7947114706039429,True
3565,Casual Shoes,4,5687,Casual Shoes,0.7717305421829224,True
3565,Casual Shoes,5,39257,Formal Shoes,0.756803572177887,False
3565,Casual Shoes,6,10154,Casual Shoes,0.7565649747848511,True
3565,Casual Shoes,7,17813,Casual Shoes,0.7552505731582642,True
3565,Casual Shoes,8,18401,Sandals,0.7522831559181213,False
3565,Casual Shoes,9,39304,Casual Shoes,0.7522627115249634,True
3565,Casual Shoes,10,18415,Casual Shoes,0.7504594922065735,True
38692,Handbags,1,38691,Handbags,0.667043924331665,True
38692,Handbags,2,26434,Handbags,0.6146394610404968,True
38692,Handbags,3,26435,Handbags,0.6120181083679199,True
38692,Handbags,4,28007,Trunk,0.5932848453521729,False
38692,Handbags,5,28644,Tshirts,0.5582034587860107,False
38692,Handbags,6,48154,Wallets,0.5387674570083618,False
38692,Handbags,7,23030,Shirts,0.5362260937690735,False
38692,Handbags,8,43579,Tops,0.5319374799728394,False
38692,Handbags,9,24873,Tshirts,0.5210028290748596,False
38692,Handbags,10,54546,Handbags,0.5209311842918396,True
49605,Heels,1,54144,Heels,0.7383933663368225,True
49605,Heels,2,5341,Flats,0.7366312742233276,False
49605,Heels,3,13035,Heels,0.7325174808502197,True
49605,Heels,4,27035,Flats,0.7313033938407898,False
49605,Heels,5,13031,Heels,0.7249684929847717,True
49605,Heels,6,46583,Flats,0.7187148332595825,False
49605,Heels,7,41474,Heels,0.7135922312736511,True
49605,Heels,8,45366,Heels,0.7125341892242432,True
49605,Heels,9,45817,Heels,0.7074593901634216,True
49605,Heels,10,54140,Heels,0.7071917653083801,True
13210,Sports Shoes,1,26606,Sports Shoes,0.7868673801422119,True
13210,Sports Shoes,2,5654,Sports Shoes,0.7692904472351074,True
13210,Sports Shoes,3,7838,Sports Shoes,0.7625658512115479,True
13210,Sports Shoes,4,3567,Sports Shoes,0.7617992758750916,True
13210,Sports Shoes,5,3221,Sports Shoes,0.761722207069397,True
13210,Sports Shoes,6,17834,Sports Shoes,0.7610458135604858,True
13210,Sports Shoes,7,13199,Sports Shoes,0.7597641348838806,True
13210,Sports Shoes,8,4529,Sports Shoes,0.7572202682495117,True
13210,Sports Shoes,9,13205,Sports Shoes,0.7485743761062622,True
13210,Sports Shoes,10,26613,Sports Shoes,0.7456743717193604,True
24654,Handbags,1,26440,Handbags,0.7692517042160034,True
24654,Handbags,2,46981,Handbags,0.7442276477813721,True
24654,Handbags,3,52618,Handbags,0.7220126390457153,True
24654,Handbags,4,21977,Handbags,0.7202642560005188,True
24654,Handbags,5,21971,Handbags,0.7125319838523865,True
24654,Handbags,6,54823,Laptop Bag,0.7069718837738037,False
24654,Handbags,7,53064,Handbags,0.7050312757492065,True
24654,Handbags,8,53065,Handbags,0.7030385136604309,True
24654,Handbags,9,21484,Handbags,0.6920478343963623,True
24654,Handbags,10,18039,Handbags,0.6863061189651489,True
37243,Casual Shoes,1,37242,Casual Shoes,0.9837289452552795,True
37243,Casual Shoes,2,7041,Casual Shoes,0.8432798385620117,True
37243,Casual Shoes,3,6462,Casual Shoes,0.839690625667572,True
37243,Casual Shoes,4,8991,Casual Shoes,0.8368846774101257,True
37243,Casual Shoes,5,9393,Sports Shoes,0.823104977607727,False
37243,Casual Shoes,6,50376,Casual Shoes,0.8178871870040894,True
37243,Casual Shoes,7,6474,Casual Shoes,0.8153502941131592,True
37243,Casual Shoes,8,12881,Casual Shoes,0.8100830316543579,True
37243,Casual Shoes,9,33685,Formal Shoes,0.8078423738479614,False
37243,Casual Shoes,10,37246,Casual Shoes,0.8029159903526306,True
42674,Kurtas,1,40185,Kurtis,0.8985234498977661,False
42674,Kurtas,2,19070,Kurtas,0.862801194190979,True
42674,Kurtas,3,11566,Kurtas,0.8583741188049316,True
42674,Kurtas,4,28710,Kurtas,0.8562167882919312,True
42674,Kurtas,5,28715,Kurtas,0.8462780714035034,True
42674,Kurtas,6,32378,Dresses,0.8460655212402344,False
42674,Kurtas,7,11559,Kurtas,0.8439584970474243,True
42674,Kurtas,8,28725,Kurtas,0.8425287008285522,True
42674,Kurtas,9,18265,Kurtas,0.8417885303497314,True
42674,Kurtas,10,19075,Kurtas,0.8387461304664612,True
19715,Shirts,1,25003,Shirts,0.9269948601722717,True
19715,Shirts,2,17755,Shirts,0.9182273745536804,True
19715,Shirts,3,23204,Shirts,0.9129784107208252,True
19715,Shirts,4,16797,Shirts,0.9119566679000854,True
19715,Shirts,5,16802,Shirts,0.9101903438568115,True
19715,Shirts,6,10421,Shirts,0.9085434079170227,True
19715,Shirts,7,33297,Shirts,0.9079939126968384,True
19715,Shirts,8,19200,Shirts,0.9029593467712402,True
19715,Shirts,9,23195,Shirts,0.8996700048446655,True
19715,Shirts,10,18306,Shirts,0.899065375328064,True
22930,Watches,1,46502,Watches,0.649192214012146,True
22930,Watches,2,54627,Watches,0.6023114919662476,True
22930,Watches,3,23514,Watches,0.584800124168396,True
22930,Watches,4,46539,Watches,0.5842380523681641,True
22930,Watches,5,51554,Watches,0.5744540691375732,True
22930,Watches,6,46542,Watches,0.5687633156776428,True
22930,Watches,7,45258,Watches,0.5633878707885742,True
22930,Watches,8,54626,Watches,0.5533746480941772,True
22930,Watches,9,48031,Watches,0.5517037510871887,True
22930,Watches,10,33867,Watches,0.5513002872467041,True
13479,Flats,1,42722,Flats,0.7952788472175598,True
13479,Flats,2,10620,Flip Flops,0.7877653241157532,False
13479,Flats,3,39613,Heels,0.7540805339813232,False
13479,Flats,4,47592,Heels,0.7511529922485352,False
13479,Flats,5,50149,Heels,0.7445322871208191,False
13479,Flats,6,47456,Flip Flops,0.7419232726097107,False
13479,Flats,7,42696,Flats,0.7303808927536011,True
13479,Flats,8,11506,Heels,0.7296459674835205,False
13479,Flats,9,50147,Heels,0.7258576154708862,False
13479,Flats,10,45405,Flats,0.7214535474777222,True
45238,Watches,1,23294,Watches,0.7522283792495728,True
45238,Watches,2,25671,Watches,0.7244586944580078,True
45238,Watches,3,23272,Watches,0.7239633798599243,True
45238,Watches,4,45882,Watches,0.722435474395752,True
45238,Watches,5,56677,Watches,0.7164305448532104,True
45238,Watches,6,31849,Watches,0.7116804122924805,True
45238,Watches,7,40512,Watches,0.7100671529769897,True
45238,Watches,8,56667,Watches,0.7088264226913452,True
45238,Watches,9,56671,Watches,0.7086094617843628,True
45238,Watches,10,45889,Watches,0.7078131437301636,True
18859,Tshirts,1,22794,Tshirts,0.9396457076072693,True
18859,Tshirts,2,13712,Tshirts,0.93412184715271,True
18859,Tshirts,3,18857,Tshirts,0.9315767288208008,True
18859,Tshirts,4,11414,Shirts,0.9296926856040955,False
18859,Tshirts,5,18622,Tshirts,0.9290152788162231,True
18859,Tshirts,6,10579,Tshirts,0.9285476207733154,True
18859,Tshirts,7,27572,Shirts,0.9260955452919006,False
18859,Tshirts,8,32505,Shirts,0.9260955452919006,False
18859,Tshirts,9,16650,Tshirts,0.9240562915802002,True
18859,Tshirts,10,14079,Tshirts,0.9231920838356018,True
32158,Socks,1,32168,Socks,0.8379594087600708,True
32158,Socks,2,32157,Socks,0.8213754892349243,True
32158,Socks,3,32156,Socks,0.7734802961349487,True
32158,Socks,4,32169,Socks,0.6986747980117798,True
32158,Socks,5,30540,Socks,0.6814447641372681,True
32158,Socks,6,30539,Socks,0.6654596328735352,True
32158,Socks,7,32172,Socks,0.641140341758728,True
32158,Socks,8,15707,Socks,0.6381669044494629,True
32158,Socks,9,58639,Socks,0.6343771815299988,True
32158,Socks,10,8507,Socks,0.6295326352119446,True
26560,Casual Shoes,1,9701,Formal Shoes,0.880927562713623,False
26560,Casual Shoes,2,16180,Formal Shoes,0.8774309158325195,False
26560,Casual Shoes,3,22146,Formal Shoes,0.8763871192932129,False
26560,Casual Shoes,4,12520,Casual Shoes,0.8750439882278442,True
26560,Casual Shoes,5,50419,Formal Shoes,0.8742097616195679,False
26560,Casual Shoes,6,22132,Formal Shoes,0.8727051019668579,False
26560,Casual Shoes,7,55618,Casual Shoes,0.8722845315933228,True
26560,Casual Shoes,8,10276,Formal Shoes,0.8716555237770081,False
26560,Casual Shoes,9,40454,Formal Shoes,0.8709726929664612,False
26560,Casual Shoes,10,55628,Casual Shoes,0.8709187507629395,True
37082,Handbags,1,25291,Handbags,0.8390360474586487,True
37082,Handbags,2,33631,Handbags,0.8359698057174683,True
37082,Handbags,3,25294,Handbags,0.8278937339782715,True
37082,Handbags,4,37071,Handbags,0.8277809023857117,True
37082,Handbags,5,37068,Handbags,0.8106328248977661,True
37082,Handbags,6,37083,Handbags,0.8096268773078918,True
37082,Handbags,7,33635,Handbags,0.8075743317604065,True
37082,Handbags,8,37080,Handbags,0.8069217205047607,True
37082,Handbags,9,25293,Handbags,0.7995240688323975,True
37082,Handbags,10,33633,Handbags,0.7961592674255371,True
7332,Casual Shoes,1,56666,Casual Shoes,0.8227372169494629,True
7332,Casual Shoes,2,49503,Casual Shoes,0.8185408115386963,True
7332,Casual Shoes,3,14488,Casual Shoes,0.7983490824699402,True
7332,Casual Shoes,4,17730,Casual Shoes,0.797329843044281,True
7332,Casual Shoes,5,21568,Casual Shoes,0.7968390583992004,True
7332,Casual Shoes,6,13563,Casual Shoes,0.7937937378883362,True
7332,Casual Shoes,7,37253,Casual Shoes,0.790924072265625,True
7332,Casual Shoes,8,34634,Casual Shoes,0.7885664701461792,True
7332,Casual Shoes,9,12824,Casual Shoes,0.7827304601669312,True
7332,Casual Shoes,10,26671,Casual Shoes,0.7814987301826477,True
26594,Sports Shoes,1,26595,Sports Shoes,0.8536302447319031,True
26594,Sports Shoes,2,38522,Casual Shoes,0.7368232607841492,False
26594,Sports Shoes,3,4518,Sports Shoes,0.7287611961364746,True
26594,Sports Shoes,4,18536,Sports Shoes,0.7219945192337036,True
26594,Sports Shoes,5,8976,Sports Shoes,0.7218960523605347,True
26594,Sports Shoes,6,6632,Sports Shoes,0.7205566167831421,True
26594,Sports Shoes,7,4467,Sports Shoes,0.7191804647445679,True
26594,Sports Shoes,8,3505,Casual Shoes,0.7139874696731567,False
26594,Sports Shoes,9,4476,Sports Shoes,0.7114654779434204,True
26594,Sports Shoes,10,26617,Casual Shoes,0.7037764191627502,False
14664,Shirts,1,16547,Shirts,0.7852998375892639,True
14664,Shirts,2,23197,Shirts,0.7846450209617615,True
14664,Shirts,3,14042,Shirts,0.7824821472167969,True
14664,Shirts,4,26415,Shirts,0.7739757895469666,True
14664,Shirts,5,13396,Shirts,0.7710359692573547,True
14664,Shirts,6,20175,Shirts,0.7708446383476257,True
14664,Shirts,7,19706,Shirts,0.76924729347229,True
14664,Shirts,8,23205,Shirts,0.7579519748687744,True
14664,Shirts,9,22578,Shirts,0.7558101415634155,True
14664,Shirts,10,19709,Shirts,0.7557867765426636,True
50726,Formal Shoes,1,44411,Casual Shoes,0.8651866912841797,False
50726,Formal Shoes,2,23810,Casual Shoes,0.8640038371086121,False
50726,Formal Shoes,3,21810,Wallets,0.8640038371086121,False
50726,Formal Shoes,4,39265,Formal Shoes,0.8611096739768982,True
50726,Formal Shoes,5,39264,Formal Shoes,0.8512047529220581,True
50726,Formal Shoes,6,47199,Formal Shoes,0.8491334915161133,True
50726,Formal Shoes,7,55616,Casual Shoes,0.8471919894218445,False
50726,Formal Shoes,8,45609,Formal Shoes,0.8446378111839294,True
50726,Formal Shoes,9,6505,Formal Shoes,0.8444361686706543,True
50726,Formal Shoes,10,45595,Formal Shoes,0.8414543867111206,True
29187,Tops,1,6881,Tops,0.8473565578460693,True
29187,Tops,2,24927,Tops,0.8420191407203674,True
29187,Tops,3,6894,Tops,0.8345568180084229,True
29187,Tops,4,21174,Tops,0.8341262936592102,True
29187,Tops,5,2484,Tshirts,0.8231748342514038,False
29187,Tops,6,57151,Camisoles,0.821925163269043,False
29187,Tops,7,12069,Kurtas,0.8216743469238281,False
29187,Tops,8,29145,Tops,0.8185763359069824,True
29187,Tops,9,7155,Tops,0.8183273077011108,True
29187,Tops,10,52376,Nightdress,0.8182051181793213,False
53900,Handbags,1,35897,Handbags,0.717583417892456,True
53900,Handbags,2,37406,Handbags,0.7109556198120117,True
53900,Handbags,3,53902,Handbags,0.7085248827934265,True
53900,Handbags,4,54003,Handbags,0.6927057504653931,True
53900,Handbags,5,25247,Handbags,0.6916787028312683,True
53900,Handbags,6,54008,Handbags,0.6835404634475708,True
53900,Handbags,7,22006,Handbags,0.6828526258468628,True
53900,Handbags,8,10200,Handbags,0.6820666193962097,True
53900,Handbags,9,10244,Handbags,0.6820666193962097,True
53900,Handbags,10,52634,Handbags,0.6819249391555786,True
54319,Briefs,1,54320,Briefs,0.8891347646713257,True
54319,Briefs,2,56308,Briefs,0.8556908369064331,True
54319,Briefs,3,59682,Briefs,0.8524702787399292,True
54319,Briefs,4,53527,Briefs,0.848811149597168,True
54319,Briefs,5,59684,Briefs,0.8472379446029663,True
54319,Briefs,6,59099,Briefs,0.8472225666046143,True
54319,Briefs,7,50987,Briefs,0.8470295667648315,True
54319,Briefs,8,59100,Briefs,0.8410192131996155,True
54319,Briefs,9,57402,Briefs,0.83944171667099,True
54319,Briefs,10,54303,Briefs,0.8380827903747559,True
11719,Shirts,1,16462,Shirts,0.8933544158935547,True
11719,Shirts,2,13763,Shirts,0.8809821605682373,True
11719,Shirts,3,16450,Shirts,0.8758957386016846,True
11719,Shirts,4,16483,Shirts,0.8742941617965698,True
11719,Shirts,5,16815,Shirts,0.8621854186058044,True
11719,Shirts,6,11706,Shirts,0.8581215143203735,True
11719,Shirts,7,9712,Shirts,0.8395851850509644,True
11719,Shirts,8,13461,Shirts,0.8232868909835815,True
11719,Shirts,9,13750,Shirts,0.8202810287475586,True
11719,Shirts,10,16527,Shirts,0.8200005292892456,True
22709,Sports Shoes,1,15727,Sports Shoes,0.8662042021751404,True
22709,Sports Shoes,2,13678,Sports Shoes,0.8616222739219666,True
22709,Sports Shoes,3,25460,Sports Shoes,0.8593539595603943,True
22709,Sports Shoes,4,12990,Sports Shoes,0.8435074687004089,True
22709,Sports Shoes,5,7576,Sports Shoes,0.840726375579834,True
22709,Sports Shoes,6,25465,Sports Shoes,0.8364899754524231,True
22709,Sports Shoes,7,22717,Sports Shoes,0.8361958861351013,True
22709,Sports Shoes,8,25459,Sports Shoes,0.8336403965950012,True
22709,Sports Shoes,9,12691,Sports Shoes,0.8331531286239624,True
22709,Sports Shoes,10,38656,Sports Shoes,0.8322635889053345,True
26396,Shirts,1,30215,Shirts,0.9257861375808716,True
26396,Shirts,2,26050,Shirts,0.9257861375808716,True
26396,Shirts,3,29371,Shirts,0.9257851243019104,True
26396,Shirts,4,22399,Shirts,0.9105240106582642,True
26396,Shirts,5,26049,Shirts,0.907612681388855,True
26396,Shirts,6,13744,Shirts,0.9071295857429504,True
26396,Shirts,7,13756,Shirts,0.9028155207633972,True
26396,Shirts,8,31634,Shirts,0.9023997783660889,True
26396,Shirts,9,13740,Shirts,0.9000498056411743,True
26396,Shirts,10,15914,Shirts,0.8996627330780029,True
50316,Ties,1,49744,Ties,0.9793957471847534,True
50316,Ties,2,49696,Ties,0.9717521667480469,True
50316,Ties,3,49709,Ties,0.9682108759880066,True
50316,Ties,4,49723,Ties,0.967815637588501,True
50316,Ties,5,49708,Ties,0.9671131372451782,True
50316,Ties,6,49704,Ties,0.962122917175293,True
50316,Ties,7,36357,Ties,0.9613337516784668,True
50316,Ties,8,49694,Ties,0.9595006704330444,True
50316,Ties,9,49732,Ties,0.9570739269256592,True
50316,Ties,10,49729,Ties,0.9525144696235657,True
36938,Perfume and Body Mist,1,44069,Perfume and Body Mist,0.6719470620155334,True
36938,Perfume and Body Mist,2,44044,Perfume and Body Mist,0.6671026945114136,True
36938,Perfume and Body Mist,3,44056,Perfume and Body Mist,0.6660823225975037,True
36938,Perfume and Body Mist,4,44081,Perfume and Body Mist,0.6638545989990234,True
36938,Perfume and Body Mist,5,27344,Perfume and Body Mist,0.6246632933616638,True
36938,Perfume and Body Mist,6,36696,Perfume and Body Mist,0.6149630546569824,True
36938,Perfume and Body Mist,7,23523,Perfume and Body Mist,0.6114418506622314,True
36938,Perfume and Body Mist,8,56624,Face Moisturisers,0.5979735851287842,False
36938,Perfume and Body Mist,9,36700,Perfume and Body Mist,0.5961403250694275,True
36938,Perfume and Body Mist,10,44026,Perfume and Body Mist,0.5920667052268982,True
59895,Dresses,1,42201,Tunics,0.7911128997802734,False
59895,Dresses,2,51801,Nightdress,0.7780622839927673,False
59895,Dresses,3,6862,Skirts,0.7742584347724915,False
59895,Dresses,4,8483,Dresses,0.7691198587417603,True
59895,Dresses,5,40413,Dresses,0.7683199048042297,True
59895,Dresses,6,6861,Tops,0.7681236267089844,False
59895,Dresses,7,46268,Tops,0.767859160900116,False
59895,Dresses,8,44687,Dresses,0.7644784450531006,True
59895,Dresses,9,7794,Tshirts,0.7626211643218994,False
59895,Dresses,10,8497,Skirts,0.7620154023170471,False
7950,Tshirts,1,10864,Tshirts,0.8886423707008362,True
7950,Tshirts,2,2865,Tshirts,0.879489541053772,True
7950,Tshirts,3,16424,Tshirts,0.8690014481544495,True
7950,Tshirts,4,10827,Tshirts,0.8638123869895935,True
7950,Tshirts,5,13953,Tshirts,0.8612247705459595,True
7950,Tshirts,6,21399,Tshirts,0.8571974039077759,True
7950,Tshirts,7,24131,Tshirts,0.8559257388114929,True
7950,Tshirts,8,16429,Tshirts,0.8558602333068848,True
7950,Tshirts,9,14059,Tshirts,0.8520165681838989,True
7950,Tshirts,10,20004,Tshirts,0.8476433753967285,True
20891,Casual Shoes,1,20894,Casual Shoes,0.845210075378418,True
20891,Casual Shoes,2,20888,Casual Shoes,0.8441911339759827,True
20891,Casual Shoes,3,20893,Casual Shoes,0.8377555012702942,True
20891,Casual Shoes,4,4131,Casual Shoes,0.7966033220291138,True
20891,Casual Shoes,5,18416,Casual Shoes,0.7840367555618286,True
20891,Casual Shoes,6,23851,Casual Shoes,0.7825720310211182,True
20891,Casual Shoes,7,22235,Casual Shoes,0.7650662660598755,True
20891,Casual Shoes,8,4129,Casual Shoes,0.7591530084609985,True
20891,Casual Shoes,9,6427,Casual Shoes,0.7558823823928833,True
20891,Casual Shoes,10,24302,Casual Shoes,0.7546915411949158,True
27415,Capris,1,28141,Lounge Shorts,0.9252026081085205,False
27415,Capris,2,31228,Capris,0.9178129434585571,True
27415,Capris,3,28454,Capris,0.911788821220398,True
27415,Capris,4,27424,Shorts,0.9114807844161987,False
27415,Capris,5,54200,Shirts,0.9103289842605591,False
27415,Capris,6,18005,Shorts,0.9102033376693726,False
27415,Capris,7,20371,Capris,0.9097203016281128,True
27415,Capris,8,32587,Shorts,0.906389057636261,False
27415,Capris,9,3510,Capris,0.9051697850227356,True
27415,Capris,10,16225,Capris,0.9049040675163269,True
31114,Capris,1,34056,Capris,0.9999998807907104,True
31114,Capris,2,34057,Capris,0.9999998807907104,True
31114,Capris,3,13282,Capris,0.8870108127593994,True
31114,Capris,4,31115,Capris,0.8636770844459534,True
31114,Capris,5,34055,Capris,0.8636770844459534,True
31114,Capris,6,34054,Capris,0.8636770844459534,True
31114,Capris,7,13244,Shorts,0.8595248460769653,False
31114,Capris,8,13245,Shorts,0.8595248460769653,False
31114,Capris,9,13344,Shorts,0.8510617017745972,False
31114,Capris,10,13257,Capris,0.8509111404418945,True
57796,Face Wash and Cleanser,1,57730,Lip Care,0.6344025731086731,False
57796,Face Wash and Cleanser,2,57892,Eye Cream,0.5962780714035034,False
57796,Face Wash and Cleanser,3,57890,Eye Cream,0.5688692331314087,False
57796,Face Wash and Cleanser,4,34899,Handbags,0.5677849054336548,False
57796,Face Wash and Cleanser,5,57782,Face Moisturisers,0.5668930411338806,False
57796,Face Wash and Cleanser,6,57879,Face Scrub and Exfoliator,0.5623615980148315,False
57796,Face Wash and Cleanser,7,57729,Lip Care,0.5582655668258667,False
57796,Face Wash and Cleanser,8,35460,Tshirts,0.5548232793807983,False
57796,Face Wash and Cleanser,9,35461,Tshirts,0.5548232793807983,False
57796,Face Wash and Cleanser,10,57732,Lip Care,0.5541298389434814,False
35918,Handbags,1,10321,Handbags,0.7756381630897522,True
35918,Handbags,2,37431,Handbags,0.7750135064125061,True
35918,Handbags,3,17120,Handbags,0.7645233273506165,True
35918,Handbags,4,50181,Kajal and Eyeliner,0.7633686661720276,False
35918,Handbags,5,33434,Handbags,0.7616249918937683,True
35918,Handbags,6,8520,Handbags,0.7547487020492554,True
35918,Handbags,7,53928,Handbags,0.7504301071166992,True
35918,Handbags,8,17631,Handbags,0.7459838390350342,True
35918,Handbags,9,27688,Handbags,0.7457950711250305,True
35918,Handbags,10,51932,Handbags,0.7432624101638794,True
23273,Watches,1,45901,Watches,0.8221732378005981,True
23273,Watches,2,11210,Watches,0.8117173314094543,True
23273,Watches,3,10701,Watches,0.8038551807403564,True
23273,Watches,4,10130,Watches,0.8026655316352844,True
23273,Watches,5,10136,Watches,0.7989906668663025,True
23273,Watches,6,23291,Watches,0.7797528505325317,True
23273,Watches,7,45137,Watches,0.7708503007888794,True
23273,Watches,8,13055,Watches,0.7655290961265564,True
23273,Watches,9,10700,Watches,0.7618026733398438,True
23273,Watches,10,10704,Watches,0.7574244141578674,True
41864,Sandals,1,19039,Heels,0.7593867778778076,False
41864,Sandals,2,59022,Flats,0.7010114192962646,False
41864,Sandals,3,24476,Sandals,0.6814450621604919,True
41864,Sandals,4,39829,Sandals,0.6781524419784546,True
41864,Sandals,5,56868,Flats,0.6725521087646484,False
41864,Sandals,6,39293,Sandals,0.6662506461143494,True
41864,Sandals,7,13385,Casual Shoes,0.6654570698738098,False
41864,Sandals,8,8238,Casual Shoes,0.6632080674171448,False
41864,Sandals,9,4065,Sandals,0.6626501083374023,True
41864,Sandals,10,39819,Sandals,0.6595962047576904,True
39384,Jeans,1,20910,Jeans,0.9352521896362305,True
39384,Jeans,2,15670,Jeans,0.9204243421554565,True
39384,Jeans,3,20357,Jeans,0.9203840494155884,True
39384,Jeans,4,31334,Jeans,0.9203602075576782,True
39384,Jeans,5,11353,Jeans,0.9184587597846985,True
39384,Jeans,6,16522,Jeans,0.9159905910491943,True
39384,Jeans,7,11281,Jeans,0.9146986603736877,True
39384,Jeans,8,12758,Jeans,0.9132929444313049,True
39384,Jeans,9,16515,Jeans,0.9125593900680542,True
39384,Jeans,10,16504,Jeans,0.9124205112457275,True
37810,Shirts,1,39802,Shirts,0.8550378084182739,True
37810,Shirts,2,39803,Shirts,0.8548896908760071,True
37810,Shirts,3,16360,Shirts,0.8498495221138,True
37810,Shirts,4,14706,Shirts,0.8387880921363831,True
37810,Shirts,5,26801,Shirts,0.8263241052627563,True
37810,Shirts,6,29632,Shirts,0.824356198310852,True
37810,Shirts,7,31635,Shirts,0.824356198310852,True
37810,Shirts,8,11064,Shirts,0.8242160081863403,True
37810,Shirts,9,11063,Shirts,0.8242160081863403,True
37810,Shirts,10,59439,Shirts,0.8239920139312744,True
57566,Lipstick,1,57562,Lipstick,0.9982073307037354,True
57566,Lipstick,2,57568,Lipstick,0.9961873888969421,True
57566,Lipstick,3,57579,Lipstick,0.9903548955917358,True
57566,Lipstick,4,57578,Lipstick,0.98438560962677,True
57566,Lipstick,5,57569,Lipstick,0.979438304901123,True
57566,Lipstick,6,57570,Lipstick,0.9761950969696045,True
57566,Lipstick,7,57574,Lipstick,0.9737697839736938,True
57566,Lipstick,8,57560,Lipstick,0.9572835564613342,True
57566,Lipstick,9,57577,Lipstick,0.9519662261009216,True
57566,Lipstick,10,57580,Lipstick,0.9477380514144897,True
54125,Heels,1,13483,Flats,0.7547780871391296,False
54125,Heels,2,47557,Heels,0.7392309904098511,True
54125,Heels,3,45795,Heels,0.7207406163215637,True
54125,Heels,4,45413,Flats,0.7179883122444153,False
54125,Heels,5,17008,Flats,0.712205171585083,False
54125,Heels,6,42693,Flats,0.7109780311584473,False
54125,Heels,7,42731,Flats,0.7058631181716919,False
54125,Heels,8,50170,Heels,0.7037253975868225,True
54125,Heels,9,15524,Heels,0.7013046145439148,True
54125,Heels,10,26181,Flats,0.6974255442619324,False
44185,Perfume and Body Mist,1,23612,Perfume and Body Mist,0.9294476509094238,True
44185,Perfume and Body Mist,2,44182,Perfume and Body Mist,0.9207828640937805,True
44185,Perfume and Body Mist,3,44181,Perfume and Body Mist,0.9188700914382935,True
44185,Perfume and Body Mist,4,44179,Perfume and Body Mist,0.9121432900428772,True
44185,Perfume and Body Mist,5,44180,Perfume and Body Mist,0.8887043595314026,True
44185,Perfume and Body Mist,6,23613,Perfume and Body Mist,0.8671864867210388,True
44185,Perfume and Body Mist,7,23611,Perfume and Body Mist,0.86215740442276,True
44185,Perfume and Body Mist,8,56354,Perfume and Body Mist,0.8413999080657959,True
44185,Perfume and Body Mist,9,56352,Perfume and Body Mist,0.832894504070282,True
44185,Perfume and Body Mist,10,23595,Perfume and Body Mist,0.8198021650314331,True
10863,Tshirts,1,28932,Tshirts,0.9067690372467041,True
10863,Tshirts,2,14915,Tshirts,0.9067094326019287,True
10863,Tshirts,3,23162,Tshirts,0.904373049736023,True
10863,Tshirts,4,6103,Tshirts,0.9034866690635681,True
10863,Tshirts,5,24016,Tshirts,0.900315523147583,True
10863,Tshirts,6,13965,Tshirts,0.8985635042190552,True
10863,Tshirts,7,28933,Tshirts,0.8923101425170898,True
10863,Tshirts,8,16914,Tshirts,0.8852576613426208,True
10863,Tshirts,9,4225,Tshirts,0.8836256265640259,True
10863,Tshirts,10,21394,Tshirts,0.882749080657959,True
6249,Tshirts,1,2858,Tshirts,0.8593810796737671,True
6249,Tshirts,2,2850,Tshirts,0.844379723072052,True
6249,Tshirts,3,6264,Tshirts,0.8416504859924316,True
6249,Tshirts,4,4242,Tshirts,0.8383529186248779,True
6249,Tshirts,5,24592,Tshirts,0.8380922675132751,True
6249,Tshirts,6,2838,Tshirts,0.8348620533943176,True
6249,Tshirts,7,2835,Tshirts,0.8337724804878235,True
6249,Tshirts,8,57424,Tshirts,0.8314743041992188,True
6249,Tshirts,9,2059,Tshirts,0.8312731981277466,True
6249,Tshirts,10,2851,Tshirts,0.8289547562599182,True
9691,Tshirts,1,20257,Tshirts,0.8652231693267822,True
9691,Tshirts,2,9933,Tshirts,0.8639620542526245,True
9691,Tshirts,3,11735,Tshirts,0.8546608686447144,True
9691,Tshirts,4,14679,Tshirts,0.84685218334198,True
9691,Tshirts,5,14682,Tshirts,0.8421707153320312,True
9691,Tshirts,6,31036,Tshirts,0.8303037881851196,True
9691,Tshirts,7,25549,Tshirts,0.8267382383346558,True
9691,Tshirts,8,17236,Tshirts,0.8159096240997314,True
9691,Tshirts,9,7213,Tshirts,0.8135066032409668,True
9691,Tshirts,10,14944,Tshirts,0.8128275871276855,True
19589,Tops,1,18896,Dresses,0.8336867094039917,False
19589,Tops,2,5143,Tshirts,0.8315248489379883,False
19589,Tops,3,7206,Tops,0.8314892053604126,True
19589,Tops,4,33215,Tops,0.8242106437683105,True
19589,Tops,5,11662,Tshirts,0.8226457834243774,False
19589,Tops,6,8442,Tops,0.8212693333625793,True
19589,Tops,7,18748,Tops,0.8204456567764282,True
19589,Tops,8,28699,Kurtas,0.8198627233505249,False
19589,Tops,9,19588,Tops,0.8181701302528381,True
19589,Tops,10,13956,Tops,0.8107622861862183,True
36790,Watches,1,45152,Watches,0.8271324634552002,True
36790,Watches,2,23262,Watches,0.8136409521102905,True
36790,Watches,3,45149,Watches,0.8107051849365234,True
36790,Watches,4,51511,Watches,0.810394287109375,True
36790,Watches,5,31842,Watches,0.8036712408065796,True
36790,Watches,6,11220,Watches,0.7948620319366455,True
36790,Watches,7,31840,Watches,0.7879498600959778,True
36790,Watches,8,37472,Watches,0.7877230644226074,True
36790,Watches,9,45906,Watches,0.7864540815353394,True
36790,Watches,10,33900,Watches,0.7862258553504944,True
14606,Socks,1,36411,Socks,0.7057151794433594,True
14606,Socks,2,40237,Socks,0.6934281587600708,True
14606,Socks,3,12407,Socks,0.6842057108879089,True
14606,Socks,4,51150,Socks,0.6812619566917419,True
14606,Socks,5,17395,Socks,0.6724902391433716,True
14606,Socks,6,46875,Socks,0.6710782051086426,True
14606,Socks,7,17401,Socks,0.6695483326911926,True
14606,Socks,8,14610,Socks,0.661737859249115,True
14606,Socks,9,14604,Socks,0.6605380773544312,True
14606,Socks,10,17794,Socks,0.649142861366272,True
19119,Flip Flops,1,19118,Flip Flops,0.8326154947280884,True
19119,Flip Flops,2,16189,Sandals,0.8071540594100952,False
19119,Flip Flops,3,24715,Flip Flops,0.8063932657241821,True
19119,Flip Flops,4,18653,Flip Flops,0.804711639881134,True
19119,Flip Flops,5,7731,Flip Flops,0.8033621311187744,True
19119,Flip Flops,6,11942,Sandals,0.7996850609779358,False
19119,Flip Flops,7,19116,Flip Flops,0.7948442101478577,True
19119,Flip Flops,8,16978,Flip Flops,0.7909972667694092,True
19119,Flip Flops,9,44730,Flip Flops,0.7853192090988159,True
19119,Flip Flops,10,39544,Flip Flops,0.7841143608093262,True
2848,Tshirts,1,4247,Tshirts,0.8919397592544556,True
2848,Tshirts,2,7903,Tshirts,0.8880583047866821,True
2848,Tshirts,3,9686,Tshirts,0.8826062679290771,True
2848,Tshirts,4,9528,Tshirts,0.8800583481788635,True
2848,Tshirts,5,7755,Tshirts,0.8778574466705322,True
2848,Tshirts,6,8200,Tshirts,0.8769994974136353,True
2848,Tshirts,7,12655,Tshirts,0.8752517700195312,True
2848,Tshirts,8,14061,Tshirts,0.8739064931869507,True
2848,Tshirts,9,1869,Tshirts,0.8738878965377808,True
2848,Tshirts,10,24984,Tshirts,0.8736522793769836,True
34033,Shirts,1,34032,Shirts,1.0,True
34033,Shirts,2,31096,Shirts,1.0,True
34033,Shirts,3,31097,Shirts,0.8524079322814941,True
34033,Shirts,4,34037,Shirts,0.8524079322814941,True
34033,Shirts,5,34036,Shirts,0.8524079322814941,True
34033,Shirts,6,31099,Shirts,0.8492080569267273,True
34033,Shirts,7,34030,Shirts,0.8492080569267273,True
34033,Shirts,8,34031,Shirts,0.8492080569267273,True
34033,Shirts,9,34034,Shirts,0.8457440137863159,True
34033,Shirts,10,34035,Shirts,0.8457440137863159,True
16363,Shirts,1,16362,Shirts,0.9439451694488525,True
16363,Shirts,2,31016,Shirts,0.9266599416732788,True
16363,Shirts,3,16365,Shirts,0.9060640335083008,True
16363,Shirts,4,16364,Shirts,0.9002869725227356,True
16363,Shirts,5,16367,Shirts,0.8916275501251221,True
16363,Shirts,6,9808,Shirts,0.8827264308929443,True
16363,Shirts,7,9809,Shirts,0.8827264308929443,True
16363,Shirts,8,37119,Shirts,0.874327540397644,True
16363,Shirts,9,28674,Tshirts,0.8683327436447144,False
16363,Shirts,10,37798,Shirts,0.8679260015487671,True
25717,Handbags,1,34122,Duffel Bag,0.6310861706733704,False
25717,Handbags,2,25427,Messenger Bag,0.6207313537597656,False
25717,Handbags,3,29315,Backpacks,0.6051647067070007,False
25717,Handbags,4,53660,Handbags,0.5933777689933777,True
25717,Handbags,5,7608,Messenger Bag,0.5838304162025452,False
25717,Handbags,6,53659,Handbags,0.5764420628547668,True
25717,Handbags,7,38139,Backpacks,0.5702118873596191,False
25717,Handbags,8,7122,Backpacks,0.5638651847839355,False
25717,Handbags,9,22562,Handbags,0.5632646679878235,True
25717,Handbags,10,18435,Messenger Bag,0.5631083250045776,False
4695,Watches,1,4716,Watches,0.7576337456703186,True
4695,Watches,2,33892,Watches,0.7398830056190491,True
4695,Watches,3,43206,Watches,0.739372193813324,True
4695,Watches,4,10588,Watches,0.7372095584869385,True
4695,Watches,5,11648,Watches,0.7279026508331299,True
4695,Watches,6,11483,Watches,0.7221574783325195,True
4695,Watches,7,38008,Watches,0.7154669165611267,True
4695,Watches,8,43171,Watches,0.7141748070716858,True
4695,Watches,9,19266,Watches,0.6996011734008789,True
4695,Watches,10,38038,Watches,0.6975641846656799,True
51380,Shorts,1,51381,Shorts,0.9853143692016602,True
51380,Shorts,2,51379,Shorts,0.9375685453414917,True
51380,Shorts,3,32457,Shorts,0.9187586307525635,True
51380,Shorts,4,13627,Lounge Shorts,0.909063994884491,False
51380,Shorts,5,29690,Shorts,0.9056041240692139,True
51380,Shorts,6,32445,Shorts,0.8956910967826843,True
51380,Shorts,7,32420,Shorts,0.8952301740646362,True
51380,Shorts,8,49944,Lounge Shorts,0.8946725130081177,False
51380,Shorts,9,28498,Shorts,0.894631028175354,True
51380,Shorts,10,46387,Shorts,0.8896896839141846,True
33955,Tshirts,1,32433,Tshirts,0.9114710688591003,True
33955,Tshirts,2,33936,Tshirts,0.9060592651367188,True
33955,Tshirts,3,40037,Tshirts,0.9016777276992798,True
33955,Tshirts,4,18619,Tshirts,0.8932808637619019,True
33955,Tshirts,5,27557,Shirts,0.8859316110610962,False
33955,Tshirts,6,43034,Shirts,0.8859316110610962,False
33955,Tshirts,7,9347,Shirts,0.8834062218666077,False
33955,Tshirts,8,33289,Shirts,0.881195068359375,False
33955,Tshirts,9,29669,Shirts,0.8809139132499695,False
33955,Tshirts,10,31266,Tshirts,0.8782243132591248,True
32619,Tshirts,1,28618,Tshirts,0.8421761393547058,True
32619,Tshirts,2,27963,Innerwear Vests,0.8183302879333496,False
32619,Tshirts,3,39746,Tops,0.7664331197738647,False
32619,Tshirts,4,36212,Tops,0.7664331197738647,False
32619,Tshirts,5,30601,Tshirts,0.7605531215667725,True
32619,Tshirts,6,50433,Innerwear Vests,0.7468940019607544,False
32619,Tshirts,7,27444,Tshirts,0.7463774681091309,True
32619,Tshirts,8,6551,Tshirts,0.7437320351600647,True
32619,Tshirts,9,27497,Camisoles,0.7335948944091797,False
32619,Tshirts,10,31178,Tops,0.7309132218360901,False
52398,Nightdress,1,52401,Nightdress,0.7791176438331604,True
52398,Nightdress,2,52390,Nightdress,0.7382231950759888,True
52398,Nightdress,3,5776,Tops,0.7113181352615356,False
52398,Nightdress,4,16821,Tshirts,0.7058542966842651,False
52398,Nightdress,5,5805,Tops,0.7045062184333801,False
52398,Nightdress,6,28719,Kurtas,0.6990067362785339,False
52398,Nightdress,7,16834,Tshirts,0.6967937350273132,False
52398,Nightdress,8,16826,Tshirts,0.6941909790039062,False
52398,Nightdress,9,30142,Tshirts,0.6924782991409302,False
52398,Nightdress,10,4777,Tshirts,0.6913616061210632,False
49982,Briefs,1,57390,Briefs,0.8084293007850647,True
49982,Briefs,2,57382,Briefs,0.7765756845474243,True
49982,Briefs,3,57384,Briefs,0.7704753279685974,True
49982,Briefs,4,54482,Briefs,0.7240465879440308,True
49982,Briefs,5,57393,Briefs,0.7062656879425049,True
49982,Briefs,6,24446,Briefs,0.6939417123794556,True
49982,Briefs,7,16751,Clutches,0.6796959638595581,False
49982,Briefs,8,17865,Briefs,0.6719366312026978,True
49982,Briefs,9,49983,Briefs,0.6666827201843262,True
49982,Briefs,10,54486,Briefs,0.6557871699333191,True
3215,Sports Shoes,1,14337,Casual Shoes,0.8876906633377075,False
3215,Sports Shoes,2,5474,Sports Shoes,0.8326880931854248,True
3215,Sports Shoes,3,4562,Sports Shoes,0.8182086944580078,True
3215,Sports Shoes,4,3239,Sports Shoes,0.8180347681045532,True
3215,Sports Shoes,5,15286,Casual Shoes,0.8178716897964478,False
3215,Sports Shoes,6,26670,Casual Shoes,0.8146766424179077,False
3215,Sports Shoes,7,3167,Sports Shoes,0.8140742778778076,True
3215,Sports Shoes,8,4557,Sports Shoes,0.8127564787864685,True
3215,Sports Shoes,9,22097,Casual Shoes,0.8090952634811401,False
3215,Sports Shoes,10,6681,Sports Shoes,0.8070663213729858,True
15467,Shorts,1,13111,Shorts,0.954016387462616,True
15467,Shorts,2,13110,Shorts,0.9327242970466614,True
15467,Shorts,3,44920,Shorts,0.931525468826294,True
15467,Shorts,4,13630,Lounge Shorts,0.930370569229126,False
15467,Shorts,5,42104,Shorts,0.9276421666145325,True
15467,Shorts,6,42115,Shorts,0.9275178909301758,True
15467,Shorts,7,34250,Shorts,0.9246200919151306,True
15467,Shorts,8,18868,Shorts,0.9220787882804871,True
15467,Shorts,9,26465,Shorts,0.9204392433166504,True
15467,Shorts,10,24311,Shorts,0.920321524143219,True
57414,Briefs,1,57408,Briefs,0.9104323387145996,True
57414,Briefs,2,57401,Briefs,0.9080880880355835,True
57414,Briefs,3,57395,Briefs,0.9001451730728149,True
57414,Briefs,4,57368,Briefs,0.8928573131561279,True
57414,Briefs,5,57410,Briefs,0.8859530687332153,True
57414,Briefs,6,57365,Briefs,0.8833670616149902,True
57414,Briefs,7,53546,Briefs,0.8813873529434204,True
57414,Briefs,8,57415,Briefs,0.8749369382858276,True
57414,Briefs,9,57398,Briefs,0.8645944595336914,True
57414,Briefs,10,27466,Briefs,0.8594876527786255,True
52166,Pendant,1,48865,Pendant,0.6224135160446167,True
52166,Pendant,2,48843,Pendant,0.5916752815246582,True
52166,Pendant,3,49029,Ring,0.5823661684989929,False
52166,Pendant,4,48854,Pendant,0.5719655156135559,True
52166,Pendant,5,59508,Pendant,0.5703486204147339,True
52166,Pendant,6,35092,Scarves,0.5698584318161011,False
52166,Pendant,7,48862,Pendant,0.5688544511795044,True
52166,Pendant,8,48788,Pendant,0.5623114109039307,True
52166,Pendant,9,48811,Pendant,0.5581034421920776,True
52166,Pendant,10,48882,Pendant,0.5566427707672119,True
31262,Tshirts,1,31279,Tshirts,0.9622153043746948,True
31262,Tshirts,2,31270,Tshirts,0.9530947208404541,True
31262,Tshirts,3,31278,Tshirts,0.9410594701766968,True
31262,Tshirts,4,26281,Tshirts,0.9331274628639221,True
31262,Tshirts,5,15528,Tshirts,0.9330388307571411,True
31262,Tshirts,6,26713,Tshirts,0.9300375580787659,True
31262,Tshirts,7,31263,Tshirts,0.9283379316329956,True
31262,Tshirts,8,31275,Tshirts,0.9282302856445312,True
31262,Tshirts,9,45512,Tshirts,0.9268119931221008,True
31262,Tshirts,10,10069,Tshirts,0.9247912764549255,True
23906,Casual Shoes,1,4737,Casual Shoes,0.852408766746521,True
23906,Casual Shoes,2,4555,Sports Shoes,0.8449755311012268,False
23906,Casual Shoes,3,39626,Sports Shoes,0.8349379301071167,False
23906,Casual Shoes,4,24252,Casual Shoes,0.8340513706207275,True
23906,Casual Shoes,5,4562,Sports Shoes,0.8337743282318115,False
23906,Casual Shoes,6,35706,Casual Shoes,0.8335769176483154,True
23906,Casual Shoes,7,6648,Casual Shoes,0.8320172429084778,True
23906,Casual Shoes,8,17038,Casual Shoes,0.8306636214256287,True
23906,Casual Shoes,9,39651,Sports Shoes,0.8299340605735779,False
23906,Casual Shoes,10,8968,Sports Shoes,0.8298993706703186,False
9380,Sports Shoes,1,39639,Casual Shoes,0.8037461638450623,False
9380,Sports Shoes,2,13972,Casual Shoes,0.8023726344108582,False
9380,Sports Shoes,3,53732,Casual Shoes,0.7958948016166687,False
9380,Sports Shoes,4,26453,Casual Shoes,0.7756308317184448,False
9380,Sports Shoes,5,24466,Sports Shoes,0.7709716558456421,True
9380,Sports Shoes,6,34633,Sports Shoes,0.7664763331413269,True
9380,Sports Shoes,7,18420,Sports Shoes,0.7650924324989319,True
9380,Sports Shoes,8,7840,Sports Shoes,0.7594966888427734,True
9380,Sports Shoes,9,30237,Casual Shoes,0.7581636905670166,False
9380,Sports Shoes,10,44755,Sports Shoes,0.7521510720252991,True
28977,Kurta Sets,1,12133,Kurtas,0.7480435967445374,False
28977,Kurta Sets,2,28980,Kurta Sets,0.7314287424087524,True
28977,Kurta Sets,3,28974,Kurta Sets,0.718441367149353,True
28977,Kurta Sets,4,51232,Kurtas,0.7180168628692627,False
28977,Kurta Sets,5,28760,Kurtas,0.7176915407180786,False
28977,Kurta Sets,6,21908,Kurta Sets,0.7165258526802063,True
28977,Kurta Sets,7,28778,Kurtis,0.7151289582252502,False
28977,Kurta Sets,8,28989,Kurta Sets,0.712407648563385,True
28977,Kurta Sets,9,32206,Kurtas,0.7122020721435547,False
28977,Kurta Sets,10,25591,Kurta Sets,0.7088401913642883,True
31891,Stoles,1,31890,Stoles,0.8905881643295288,True
31891,Stoles,2,34311,Stoles,0.8897922039031982,True
31891,Stoles,3,31887,Stoles,0.8777098059654236,True
31891,Stoles,4,31884,Stoles,0.8642524480819702,True
31891,Stoles,5,31896,Stoles,0.8465292453765869,True
31891,Stoles,6,31880,Stoles,0.834612250328064,True
31891,Stoles,7,31879,Stoles,0.8315907120704651,True
31891,Stoles,8,31080,Stoles,0.829282283782959,True
31891,Stoles,9,34313,Stoles,0.8153760433197021,True
31891,Stoles,10,31888,Stoles,0.8029283285140991,True
18715,Tops,1,33171,Tops,0.8942261338233948,True
18715,Tops,2,7304,Tops,0.8890224099159241,True
18715,Tops,3,33165,Tops,0.8756566643714905,True
18715,Tops,4,26954,Tops,0.8688955307006836,True
18715,Tops,5,41400,Tshirts,0.8598171472549438,False
18715,Tops,6,24948,Tshirts,0.8593334555625916,False
18715,Tops,7,26904,Tops,0.8589370250701904,True
18715,Tops,8,2555,Tops,0.8577070832252502,True
18715,Tops,9,33188,Tops,0.856156587600708,True
18715,Tops,10,28470,Tops,0.8519946932792664,True
56963,Heels,1,56976,Heels,0.749559223651886,True
56963,Heels,2,49624,Heels,0.7343207001686096,True
56963,Heels,3,56989,Heels,0.7305634617805481,True
56963,Heels,4,56988,Flats,0.7202523946762085,False
56963,Heels,5,26176,Flats,0.7002816200256348,False
56963,Heels,6,13013,Heels,0.6991652250289917,True
56963,Heels,7,35471,Heels,0.6977687478065491,True
56963,Heels,8,5040,Flip Flops,0.6938557028770447,False
56963,Heels,9,39871,Heels,0.6936362981796265,True
56963,Heels,10,56977,Heels,0.6917713284492493,True
15238,Casual Shoes,1,13073,Casual Shoes,0.8028653860092163,True
15238,Casual Shoes,2,18482,Casual Shoes,0.7949279546737671,True
15238,Casual Shoes,3,15231,Casual Shoes,0.7856243252754211,True
15238,Casual Shoes,4,5909,Casual Shoes,0.7839123010635376,True
15238,Casual Shoes,5,38535,Casual Shoes,0.7830603718757629,True
15238,Casual Shoes,6,26454,Casual Shoes,0.7797014117240906,True
15238,Casual Shoes,7,32948,Casual Shoes,0.7777891159057617,True
15238,Casual Shoes,8,3212,Sports Shoes,0.7751657962799072,False
15238,Casual Shoes,9,5940,Casual Shoes,0.7714937925338745,True
15238,Casual Shoes,10,11974,Casual Shoes,0.771000325679779,True
42309,Sarees,1,53046,Sarees,0.731224775314331,True
42309,Sarees,2,42323,Sarees,0.7089662551879883,True
42309,Sarees,3,42326,Sarees,0.7002705335617065,True
42309,Sarees,4,34992,Sarees,0.6985079646110535,True
42309,Sarees,5,52981,Sarees,0.69733726978302,True
42309,Sarees,6,46012,Sarees,0.6960519552230835,True
42309,Sarees,7,52991,Sarees,0.6944035291671753,True
42309,Sarees,8,59655,Sarees,0.6926926970481873,True
42309,Sarees,9,52990,Sarees,0.6897692680358887,True
42309,Sarees,10,42330,Sarees,0.689751386642456,True
43821,Earrings,1,43814,Earrings,0.7681148052215576,True
43821,Earrings,2,43816,Earrings,0.7656723260879517,True
43821,Earrings,3,43776,Earrings,0.7348752617835999,True
43821,Earrings,4,43819,Earrings,0.7334492206573486,True
43821,Earrings,5,43818,Earrings,0.7066120505332947,True
43821,Earrings,6,43817,Earrings,0.6981177926063538,True
43821,Earrings,7,43822,Earrings,0.6661733388900757,True
43821,Earrings,8,43820,Earrings,0.6660411357879639,True
43821,Earrings,9,43796,Earrings,0.632427990436554,True
43821,Earrings,10,43869,Earrings,0.625829815864563,True
58667,Kurtas,1,12782,Kurtas,0.8242281675338745,True
58667,Kurtas,2,42539,Kurtas,0.8195987343788147,True
58667,Kurtas,3,54718,Kurtas,0.8176375031471252,True
58667,Kurtas,4,12779,Kurtas,0.8173773288726807,True
58667,Kurtas,5,39159,Kurtas,0.8119689226150513,True
58667,Kurtas,6,59981,Dresses,0.8086897134780884,False
58667,Kurtas,7,21901,Kurtas,0.8018786311149597,True
58667,Kurtas,8,42655,Kurtas,0.7966386079788208,True
58667,Kurtas,9,40581,Kurtas,0.7955142855644226,True
58667,Kurtas,10,27091,Kurtas,0.7954710721969604,True
49143,Lip Gloss,1,49144,Lip Gloss,0.89466392993927,True
49143,Lip Gloss,2,49140,Lip Gloss,0.8478085994720459,True
49143,Lip Gloss,3,49141,Lip Gloss,0.832794725894928,True
49143,Lip Gloss,4,49142,Lip Gloss,0.7929680347442627,True
49143,Lip Gloss,5,49139,Lip Gloss,0.6996029615402222,True
49143,Lip Gloss,6,55006,Lip Gloss,0.6714845895767212,True
49143,Lip Gloss,7,55956,Mascara,0.6714794039726257,False
49143,Lip Gloss,8,55010,Lip Gloss,0.6604678630828857,True
49143,Lip Gloss,9,55007,Lip Gloss,0.6600707769393921,True
49143,Lip Gloss,10,49104,Lip Plumper,0.6547902822494507,False
22220,Tshirts,1,22222,Tshirts,0.7913154363632202,True
22220,Tshirts,2,11664,Tshirts,0.7571829557418823,True
22220,Tshirts,3,19989,Tshirts,0.7451696395874023,True
22220,Tshirts,4,12541,Tshirts,0.7437223792076111,True
22220,Tshirts,5,6703,Tshirts,0.735376238822937,True
22220,Tshirts,6,15478,Tshirts,0.7258719205856323,True
22220,Tshirts,7,33197,Tunics,0.7254619598388672,False
22220,Tshirts,8,6105,Tshirts,0.7197050452232361,True
22220,Tshirts,9,19014,Tshirts,0.7188286185264587,True
22220,Tshirts,10,19587,Tops,0.7176384329795837,False
22644,Shorts,1,22607,Shorts,0.9505905508995056,True
22644,Shorts,2,10778,Shorts,0.9119966626167297,True
22644,Shorts,3,25024,Shorts,0.9081772565841675,True
22644,Shorts,4,15644,Shorts,0.9075625538825989,True
22644,Shorts,5,38566,Shorts,0.9072844982147217,True
22644,Shorts,6,15610,Shorts,0.9060240983963013,True
22644,Shorts,7,31447,Shorts,0.9046404361724854,True
22644,Shorts,8,28513,Shorts,0.90400230884552,True
22644,Shorts,9,25030,Shorts,0.8986721634864807,True
22644,Shorts,10,5454,Shorts,0.89858078956604,True
24311,Shorts,1,24312,Shorts,0.9602036476135254,True
24311,Shorts,2,34250,Shorts,0.9590117931365967,True
24311,Shorts,3,24309,Shorts,0.9571013450622559,True
24311,Shorts,4,26311,Shorts,0.950847864151001,True
24311,Shorts,5,18868,Shorts,0.9483695030212402,True
24311,Shorts,6,34251,Shorts,0.9422202110290527,True
24311,Shorts,7,32070,Boxers,0.9373779296875,False
24311,Shorts,8,24614,Shorts,0.9298182725906372,True
24311,Shorts,9,32072,Lounge Shorts,0.9295212030410767,False
24311,Shorts,10,26240,Shorts,0.9283217787742615,True
55943,Nail Polish,1,55926,Nail Polish,0.8976262211799622,True
55943,Nail Polish,2,55946,Nail Polish,0.8965836763381958,True
55943,Nail Polish,3,55916,Nail Polish,0.8927816152572632,True
55943,Nail Polish,4,55920,Nail Polish,0.8880464434623718,True
55943,Nail Polish,5,55942,Nail Polish,0.8776118159294128,True
55943,Nail Polish,6,55921,Nail Polish,0.8742232322692871,True
55943,Nail Polish,7,55944,Nail Polish,0.874217689037323,True
55943,Nail Polish,8,55949,Nail Polish,0.8667342662811279,True
55943,Nail Polish,9,55909,Nail Polish,0.8648004531860352,True
55943,Nail Polish,10,55939,Nail Polish,0.8628064393997192,True
57628,Sunscreen,1,57623,Sunscreen,0.9193005561828613,True
57628,Sunscreen,2,57624,Sunscreen,0.8702037334442139,True
57628,Sunscreen,3,57625,Sunscreen,0.8466708660125732,True
57628,Sunscreen,4,57621,Sunscreen,0.8363425731658936,True
57628,Sunscreen,5,57614,Sunscreen,0.8031107187271118,True
57628,Sunscreen,6,57765,Face Wash and Cleanser,0.7856370210647583,False
57628,Sunscreen,7,57617,Sunscreen,0.7758930325508118,True
57628,Sunscreen,8,57798,Face Wash and Cleanser,0.7720504403114319,False
57628,Sunscreen,9,57615,Sunscreen,0.7652958631515503,True
57628,Sunscreen,10,57611,Sunscreen,0.7582545280456543,True
33997,Dresses,1,8461,Tops,0.8411088585853577,False
33997,Dresses,2,33221,Tops,0.8339500427246094,False
33997,Dresses,3,26954,Tops,0.8256662487983704,False
33997,Dresses,4,24972,Tshirts,0.82491534948349,False
33997,Dresses,5,24953,Tshirts,0.823065459728241,False
33997,Dresses,6,19598,Tops,0.820277988910675,False
33997,Dresses,7,43326,Tshirts,0.8115588426589966,False
33997,Dresses,8,12504,Tops,0.809863269329071,False
33997,Dresses,9,18714,Tops,0.8065736889839172,False
33997,Dresses,10,40653,Kurtas,0.8064608573913574,False
20944,Flip Flops,1,32408,Flip Flops,0.7747291922569275,True
20944,Flip Flops,2,20953,Flip Flops,0.7555254101753235,True
20944,Flip Flops,3,24630,Flip Flops,0.752705991268158,True
20944,Flip Flops,4,20956,Flip Flops,0.7405788898468018,True
20944,Flip Flops,5,19865,Flip Flops,0.739441990852356,True
20944,Flip Flops,6,53445,Flip Flops,0.7381908893585205,True
20944,Flip Flops,7,37971,Heels,0.7310180068016052,False
20944,Flip Flops,8,33645,Flip Flops,0.7295660972595215,True
20944,Flip Flops,9,20941,Flip Flops,0.7227601408958435,True
20944,Flip Flops,10,41839,Flip Flops,0.7219710350036621,True
48694,Earrings,1,31718,Earrings,0.7186828851699829,True
48694,Earrings,2,43857,Earrings,0.6892940402030945,True
48694,Earrings,3,35310,Earrings,0.6869232654571533,True
48694,Earrings,4,48701,Earrings,0.6704908013343811,True
48694,Earrings,5,56216,Earrings,0.6600006818771362,True
48694,Earrings,6,48693,Earrings,0.6564915776252747,True
48694,Earrings,7,53099,Earrings,0.6495620608329773,True
48694,Earrings,8,48698,Earrings,0.6486705541610718,True
48694,Earrings,9,49052,Ring,0.6485265493392944,False
48694,Earrings,10,48650,Earrings,0.6370123624801636,True
37907,Perfume and Body Mist,1,37908,Perfume and Body Mist,0.8876852989196777,True
37907,Perfume and Body Mist,2,37909,Perfume and Body Mist,0.854467511177063,True
37907,Perfume and Body Mist,3,37906,Perfume and Body Mist,0.83450847864151,True
37907,Perfume and Body Mist,4,37910,Perfume and Body Mist,0.7557878494262695,True
37907,Perfume and Body Mist,5,27329,Perfume and Body Mist,0.6557121872901917,True
37907,Perfume and Body Mist,6,28214,Deodorant,0.6192746758460999,False
37907,Perfume and Body Mist,7,23587,Deodorant,0.6168153285980225,False
37907,Perfume and Body Mist,8,23582,Deodorant,0.6128175258636475,False
37907,Perfume and Body Mist,9,58960,Perfume and Body Mist,0.612089216709137,True
37907,Perfume and Body Mist,10,23580,Deodorant,0.5934536457061768,False
41726,Heels,1,41725,Heels,0.7643622756004333,True
41726,Heels,2,39565,Heels,0.7327280044555664,True
41726,Heels,3,41704,Heels,0.7311044931411743,True
41726,Heels,4,39192,Heels,0.7229887843132019,True
41726,Heels,5,39817,Sandals,0.7125612497329712,False
41726,Heels,6,17019,Flats,0.6935034990310669,False
41726,Heels,7,59022,Flats,0.6926835179328918,False
41726,Heels,8,39293,Sandals,0.688377857208252,False
41726,Heels,9,18559,Heels,0.6872286796569824,True
41726,Heels,10,39286,Sandals,0.6789650917053223,False
47041,Salwar,1,47053,Salwar,0.799152672290802,True
47041,Salwar,2,47042,Salwar,0.7934682369232178,True
47041,Salwar,3,47050,Salwar,0.7815706729888916,True
47041,Salwar,4,47044,Salwar,0.7551748752593994,True
47041,Salwar,5,47056,Salwar,0.7385411858558655,True
47041,Salwar,6,47073,Patiala,0.7382259368896484,False
47041,Salwar,7,47071,Patiala,0.7372890710830688,False
47041,Salwar,8,47074,Patiala,0.7279772758483887,False
47041,Salwar,9,47060,Salwar,0.7093404531478882,True
47041,Salwar,10,47061,Patiala,0.6949445605278015,False
26412,Shirts,1,43037,Shirts,0.9238550662994385,True
26412,Shirts,2,40254,Shirts,0.9238550662994385,True
26412,Shirts,3,20313,Shirts,0.9197820425033569,True
26412,Shirts,4,20157,Shirts,0.9193058013916016,True
26412,Shirts,5,20158,Shirts,0.9182831645011902,True
26412,Shirts,6,11700,Shirts,0.9159950017929077,True
26412,Shirts,7,16039,Shirts,0.9082583785057068,True
26412,Shirts,8,43036,Shirts,0.9054296016693115,True
26412,Shirts,9,40258,Shirts,0.9054296016693115,True
26412,Shirts,10,13850,Shirts,0.9042640924453735,True
51540,Watches,1,59246,Watches,0.720945417881012,True
51540,Watches,2,51539,Watches,0.7129294872283936,True
51540,Watches,3,10316,Watches,0.6991536021232605,True
51540,Watches,4,29979,Watches,0.6797903776168823,True
51540,Watches,5,46473,Watches,0.6586311459541321,True
51540,Watches,6,10109,Watches,0.6552835702896118,True
51540,Watches,7,23294,Watches,0.6494571566581726,True
51540,Watches,8,52677,Watches,0.648297131061554,True
51540,Watches,9,51581,Watches,0.6467664837837219,True
51540,Watches,10,33906,Watches,0.6357613801956177,True
29650,Shirts,1,14516,Shirts,0.9144253730773926,True
29650,Shirts,2,22398,Shirts,0.9143494963645935,True
29650,Shirts,3,22402,Shirts,0.9138630628585815,True
29650,Shirts,4,27155,Shirts,0.9115475416183472,True
29650,Shirts,5,39782,Shirts,0.9113568067550659,True
29650,Shirts,6,29648,Shirts,0.9088050127029419,True
29650,Shirts,7,29706,Shirts,0.9067859649658203,True
29650,Shirts,8,26065,Shirts,0.9067859649658203,True
29650,Shirts,9,37132,Shirts,0.9064217805862427,True
29650,Shirts,10,32767,Shirts,0.9061231017112732,True
20729,Casual Shoes,1,25522,Flats,0.7207875847816467,False
20729,Casual Shoes,2,13646,Casual Shoes,0.7096903324127197,True
20729,Casual Shoes,3,35816,Casual Shoes,0.7041730880737305,True
20729,Casual Shoes,4,21034,Flats,0.7027750015258789,False
20729,Casual Shoes,5,33515,Heels,0.7016474008560181,False
20729,Casual Shoes,6,41468,Casual Shoes,0.700320303440094,True
20729,Casual Shoes,7,14466,Heels,0.6975545883178711,False
20729,Casual Shoes,8,19026,Heels,0.6971163749694824,False
20729,Casual Shoes,9,47649,Casual Shoes,0.6862157583236694,True
20729,Casual Shoes,10,41735,Heels,0.6849223971366882,False
28544,Shorts,1,28503,Shorts,0.8663016557693481,True
28544,Shorts,2,22604,Shorts,0.8651343584060669,True
28544,Shorts,3,5453,Shorts,0.864504337310791,True
28544,Shorts,4,28505,Shorts,0.8633158206939697,True
28544,Shorts,5,30595,Shorts,0.8605101108551025,True
28544,Shorts,6,6536,Shorts,0.8591838479042053,True
28544,Shorts,7,6522,Shorts,0.8589218854904175,True
28544,Shorts,8,15609,Shorts,0.8586280345916748,True
28544,Shorts,9,5450,Shorts,0.8562283515930176,True
28544,Shorts,10,28627,Shorts,0.855586051940918,True
40435,Tops,1,33752,Tops,0.8533263206481934,True
40435,Tops,2,40419,Tops,0.8384324312210083,True
40435,Tops,3,13451,Shirts,0.8261274099349976,False
40435,Tops,4,15844,Kurtas,0.8153141736984253,False
40435,Tops,5,18895,Dresses,0.8134849071502686,False
40435,Tops,6,39733,Shirts,0.808086633682251,False
40435,Tops,7,28716,Kurtas,0.798443615436554,False
40435,Tops,8,43908,Kurtas,0.7974090576171875,False
40435,Tops,9,39459,Kurtas,0.7944819927215576,False
40435,Tops,10,39229,Shirts,0.7914758324623108,False
6705,Socks,1,6704,Socks,0.9463462829589844,True
6705,Socks,2,12737,Socks,0.8123897314071655,True
6705,Socks,3,29216,Socks,0.6467832326889038,True
6705,Socks,4,7680,Socks,0.6343175172805786,True
6705,Socks,5,2217,Socks,0.6280280351638794,True
6705,Socks,6,15552,Socks,0.6086007356643677,True
6705,Socks,7,49298,Socks,0.603096067905426,True
6705,Socks,8,9364,Socks,0.5936304330825806,True
6705,Socks,9,7673,Socks,0.5825142860412598,True
6705,Socks,10,9373,Socks,0.5811949968338013,True
50839,Belts,1,42952,Belts,0.8554214239120483,True
50839,Belts,2,35068,Belts,0.8375042676925659,True
50839,Belts,3,19892,Belts,0.8152889013290405,True
50839,Belts,4,41254,Belts,0.8130974173545837,True
50839,Belts,5,14823,Belts,0.8130540251731873,True
50839,Belts,6,8120,Belts,0.8047988414764404,True
50839,Belts,7,25110,Belts,0.8041753768920898,True
50839,Belts,8,18015,Belts,0.7994489073753357,True
50839,Belts,9,58468,Belts,0.7952824831008911,True
50839,Belts,10,38403,Belts,0.7920287847518921,True
6395,Sandals,1,6394,Sandals,0.8684672713279724,True
6395,Sandals,2,6393,Sandals,0.8411255478858948,True
6395,Sandals,3,6397,Sandals,0.8035229444503784,True
6395,Sandals,4,6396,Sandals,0.7862876653671265,True
6395,Sandals,5,7319,Sandals,0.7632170915603638,True
6395,Sandals,6,17024,Flip Flops,0.7578105926513672,False
6395,Sandals,7,44440,Sports Sandals,0.7511184215545654,False
6395,Sandals,8,6392,Flats,0.7496408224105835,False
6395,Sandals,9,39955,Flip Flops,0.7388260960578918,False
6395,Sandals,10,44554,Sandals,0.7366893291473389,True
46160,Necklace and Chains,1,46159,Necklace and Chains,0.7786775827407837,True
46160,Necklace and Chains,2,46162,Necklace and Chains,0.48983025550842285,True
46160,Necklace and Chains,3,54873,Necklace and Chains,0.4517354369163513,True
46160,Necklace and Chains,4,43783,Earrings,0.44438913464546204,False
46160,Necklace and Chains,5,54874,Necklace and Chains,0.43826302886009216,True
46160,Necklace and Chains,6,54162,Necklace and Chains,0.43785160779953003,True
46160,Necklace and Chains,7,54875,Necklace and Chains,0.43547528982162476,True
46160,Necklace and Chains,8,52822,Earrings,0.42732179164886475,False
46160,Necklace and Chains,9,54866,Necklace and Chains,0.4252401292324066,True
46160,Necklace and Chains,10,46133,Necklace and Chains,0.42363858222961426,True
33557,Tshirts,1,16126,Tshirts,0.761730432510376,True
33557,Tshirts,2,21466,Sweaters,0.7569891810417175,False
33557,Tshirts,3,26357,Tshirts,0.7564904093742371,True
33557,Tshirts,4,9789,Tshirts,0.756308913230896,True
33557,Tshirts,5,15030,Sweaters,0.7481837868690491,False
33557,Tshirts,6,12494,Tops,0.7469356060028076,False
33557,Tshirts,7,33169,Tops,0.740842342376709,False
33557,Tshirts,8,26891,Tops,0.7358379364013672,False
33557,Tshirts,9,15029,Sweatshirts,0.7340794205665588,False
33557,Tshirts,10,6473,Tshirts,0.7320849895477295,True
22617,Tshirts,1,22595,Tshirts,0.9444242715835571,True
22617,Tshirts,2,22594,Tshirts,0.9241966009140015,True
22617,Tshirts,3,28546,Tshirts,0.9218460917472839,True
22617,Tshirts,4,15647,Tshirts,0.9210972189903259,True
22617,Tshirts,5,17914,Tshirts,0.9080222845077515,True
22617,Tshirts,6,31456,Tshirts,0.9077736735343933,True
22617,Tshirts,7,38578,Tshirts,0.9019830226898193,True
22617,Tshirts,8,25028,Tshirts,0.900802493095398,True
22617,Tshirts,9,30633,Tshirts,0.8919236660003662,True
22617,Tshirts,10,9538,Tshirts,0.8915477395057678,True
52938,Sarees,1,52925,Sarees,0.8067580461502075,True
52938,Sarees,2,53050,Sarees,0.7850550413131714,True
52938,Sarees,3,52963,Sarees,0.7628021240234375,True
52938,Sarees,4,52883,Sarees,0.7567954063415527,True
52938,Sarees,5,59665,Sarees,0.7563251256942749,True
52938,Sarees,6,45992,Sarees,0.7324265837669373,True
52938,Sarees,7,52899,Sarees,0.7285743355751038,True
52938,Sarees,8,52923,Sarees,0.7281431555747986,True
52938,Sarees,9,59607,Sarees,0.7272590398788452,True
52938,Sarees,10,52962,Sarees,0.7270489931106567,True
23193,Shirts,1,19715,Shirts,0.896025538444519,True
23193,Shirts,2,14662,Shirts,0.8851611018180847,True
23193,Shirts,3,17755,Shirts,0.8748019933700562,True
23193,Shirts,4,16802,Shirts,0.8718196749687195,True
23193,Shirts,5,18306,Shirts,0.8694010972976685,True
23193,Shirts,6,8164,Shirts,0.861454963684082,True
23193,Shirts,7,19174,Shirts,0.8610533475875854,True
23193,Shirts,8,23195,Shirts,0.8589231967926025,True
23193,Shirts,9,25003,Shirts,0.8588270545005798,True
23193,Shirts,10,16797,Shirts,0.8585994839668274,True
44253,Wallets,1,48135,Wallets,0.6884686946868896,True
44253,Wallets,2,43387,Wallets,0.6527273654937744,True
44253,Wallets,3,14852,Wallets,0.6515375375747681,True
44253,Wallets,4,17111,Clutches,0.6341403126716614,False
44253,Wallets,5,58263,Clutches,0.6248642206192017,False
44253,Wallets,6,52812,Wallets,0.6224101781845093,True
44253,Wallets,7,16741,Clutches,0.6184605360031128,False
44253,Wallets,8,58474,Wallets,0.6121048927307129,True
44253,Wallets,9,35925,Clutches,0.6105602383613586,False
44253,Wallets,10,7611,Wallets,0.6095461845397949,True
38142,Backpacks,1,38141,Backpacks,0.7207287549972534,True
38142,Backpacks,2,22649,Backpacks,0.6866661906242371,True
38142,Backpacks,3,3475,Backpacks,0.6790350079536438,True
38142,Backpacks,4,18437,Backpacks,0.6671749949455261,True
38142,Backpacks,5,4594,Rucksacks,0.660078227519989,False
38142,Backpacks,6,43568,Backpacks,0.6597393751144409,True
38142,Backpacks,7,32868,Backpacks,0.6451047658920288,True
38142,Backpacks,8,19921,Backpacks,0.6435145735740662,True
38142,Backpacks,9,38140,Backpacks,0.6404880285263062,True
38142,Backpacks,10,1557,Backpacks,0.638573169708252,True
48007,Watches,1,32309,Watches,0.8553411960601807,True
48007,Watches,2,48006,Watches,0.8146538734436035,True
48007,Watches,3,52816,Watches,0.8105190396308899,True
48007,Watches,4,46558,Watches,0.8077436089515686,True
48007,Watches,5,48005,Watches,0.8074938654899597,True
48007,Watches,6,51511,Watches,0.7973049879074097,True
48007,Watches,7,45203,Watches,0.7952306866645813,True
48007,Watches,8,45928,Free Gifts,0.7852337956428528,False
48007,Watches,9,46534,Watches,0.781299889087677,True
48007,Watches,10,33889,Watches,0.7808159589767456,True
59181,Formal Shoes,1,44428,Formal Shoes,0.8916954398155212,True
59181,Formal Shoes,2,45596,Formal Shoes,0.891082763671875,True
59181,Formal Shoes,3,45614,Formal Shoes,0.8906409740447998,True
59181,Formal Shoes,4,59175,Formal Shoes,0.8900709748268127,True
59181,Formal Shoes,5,50746,Formal Shoes,0.888344407081604,True
59181,Formal Shoes,6,45603,Formal Shoes,0.8861507177352905,True
59181,Formal Shoes,7,39265,Formal Shoes,0.8858833909034729,True
59181,Formal Shoes,8,39264,Formal Shoes,0.8808727264404297,True
59181,Formal Shoes,9,45615,Formal Shoes,0.8806305527687073,True
59181,Formal Shoes,10,46796,Formal Shoes,0.8751192688941956,True
39064,Tshirts,1,14290,Tshirts,0.8878995776176453,True
39064,Tshirts,2,33082,Tshirts,0.8627192974090576,True
39064,Tshirts,3,33583,Tshirts,0.8603203296661377,True
39064,Tshirts,4,40272,Tshirts,0.8540867567062378,True
39064,Tshirts,5,17240,Tshirts,0.8522244691848755,True
39064,Tshirts,6,40266,Tshirts,0.8488272428512573,True
39064,Tshirts,7,10877,Tshirts,0.847585141658783,True
39064,Tshirts,8,7819,Tshirts,0.8428492546081543,True
39064,Tshirts,9,40264,Tshirts,0.8425794839859009,True
39064,Tshirts,10,17274,Tshirts,0.8423222303390503,True
5941,Shirts,1,16791,Shirts,0.8357438445091248,True
5941,Shirts,2,5960,Shirts,0.8356754183769226,True
5941,Shirts,3,16812,Shirts,0.8327947854995728,True
5941,Shirts,4,20159,Shirts,0.8297538757324219,True
5941,Shirts,5,16482,Shirts,0.8226709961891174,True
5941,Shirts,6,10440,Shirts,0.8197517991065979,True
5941,Shirts,7,8813,Shirts,0.8188751339912415,True
5941,Shirts,8,9267,Shirts,0.8152269124984741,True
5941,Shirts,9,11674,Shirts,0.8146256804466248,True
5941,Shirts,10,27546,Shirts,0.8135053515434265,True
40255,Shirts,1,15970,Shirts,0.9267813563346863,True
40255,Shirts,2,43037,Shirts,0.9208298921585083,True
40255,Shirts,3,40254,Shirts,0.9208298921585083,True
40255,Shirts,4,28807,Shirts,0.9146495461463928,True
40255,Shirts,5,15971,Shirts,0.9142787456512451,True
40255,Shirts,6,29821,Shirts,0.9102379679679871,True
40255,Shirts,7,20313,Shirts,0.9078800678253174,True
40255,Shirts,8,43036,Shirts,0.9027194976806641,True
40255,Shirts,9,40258,Shirts,0.9027194976806641,True
40255,Shirts,10,26412,Shirts,0.9015178680419922,True
41387,Tops,1,40194,Kurtis,0.8304299116134644,False
41387,Tops,2,46022,Kurtis,0.8234536051750183,False
41387,Tops,3,44677,Tunics,0.8106992244720459,False
41387,Tops,4,36503,Kurtas,0.8026648163795471,False
41387,Tops,5,5139,Tshirts,0.7976703643798828,False
41387,Tops,6,24557,Kurtas,0.7937842607498169,False
41387,Tops,7,52379,Nightdress,0.7929128408432007,False
41387,Tops,8,46016,Kurtas,0.7919084429740906,False
41387,Tops,9,11547,Kurtas,0.7844521999359131,False
41387,Tops,10,42415,Kurtas,0.7824048399925232,False
18748,Tops,1,33029,Kurtis,0.8413481116294861,False
18748,Tops,2,18896,Dresses,0.8349934816360474,False
18748,Tops,3,13847,Tops,0.829851508140564,True
18748,Tops,4,17850,Tops,0.8271352052688599,True
18748,Tops,5,15834,Kurtas,0.8255990743637085,False
18748,Tops,6,33227,Tops,0.8247346878051758,True
18748,Tops,7,19589,Tops,0.8204454183578491,True
18748,Tops,8,14103,Tshirts,0.8178936243057251,False
18748,Tops,9,7206,Tops,0.8163577318191528,True
18748,Tops,10,24974,Tshirts,0.8149169683456421,False
6357,Flip Flops,1,22533,Flip Flops,0.8760949969291687,True
6357,Flip Flops,2,42713,Flats,0.8468706607818604,False
6357,Flip Flops,3,47563,Heels,0.8369084596633911,False
6357,Flip Flops,4,35403,Flip Flops,0.8315019011497498,True
6357,Flip Flops,5,15073,Sandals,0.8300355076789856,False
6357,Flip Flops,6,22262,Heels,0.8168014287948608,False
6357,Flip Flops,7,12488,Sandals,0.8145842552185059,False
6357,Flip Flops,8,6349,Flip Flops,0.8084174990653992,True
6357,Flip Flops,9,13645,Flats,0.8081187009811401,False
6357,Flip Flops,10,42728,Flats,0.8066338896751404,False
24374,Kurtas,1,12144,Kurtas,0.8479957580566406,True
24374,Kurtas,2,58681,Kurtas,0.847388744354248,True
24374,Kurtas,3,59976,Dresses,0.8445855379104614,False
24374,Kurtas,4,58692,Kurtas,0.8432291746139526,True
24374,Kurtas,5,47020,Kurtas,0.8427524566650391,True
24374,Kurtas,6,37939,Tunics,0.8328520059585571,False
24374,Kurtas,7,12136,Kurtas,0.8327382206916809,True
24374,Kurtas,8,42669,Kurtas,0.8311811685562134,True
24374,Kurtas,9,45727,Kurtas,0.8309693336486816,True
24374,Kurtas,10,57043,Dresses,0.8268594741821289,False
35808,Heels,1,37959,Sandals,0.7268636226654053,False
35808,Heels,2,37958,Sandals,0.723656177520752,False
35808,Heels,3,46618,Heels,0.7232922315597534,True
35808,Heels,4,14366,Heels,0.7003716230392456,True
35808,Heels,5,53869,Heels,0.6966721415519714,True
35808,Heels,6,42723,Flats,0.6943686008453369,False
35808,Heels,7,42722,Flats,0.6942552328109741,False
35808,Heels,8,55632,Heels,0.6924480199813843,True
35808,Heels,9,53870,Heels,0.6919184923171997,True
35808,Heels,10,41741,Flats,0.6914703845977783,False
14515,Shirts,1,14514,Shirts,0.9451110363006592,True
14515,Shirts,2,12030,Shirts,0.9397444725036621,True
14515,Shirts,3,14524,Shirts,0.9396877288818359,True
14515,Shirts,4,14519,Shirts,0.9371120929718018,True
14515,Shirts,5,15913,Shirts,0.9347496032714844,True
14515,Shirts,6,12006,Shirts,0.9332755208015442,True
14515,Shirts,7,12010,Shirts,0.9328428506851196,True
14515,Shirts,8,9066,Shirts,0.932152509689331,True
14515,Shirts,9,12015,Shirts,0.9306321144104004,True
14515,Shirts,10,14518,Shirts,0.9291243553161621,True
2367,Formal Shoes,1,2374,Casual Shoes,0.8288201689720154,False
2367,Formal Shoes,2,22133,Formal Shoes,0.8064914345741272,True
2367,Formal Shoes,3,21079,Casual Shoes,0.8042967319488525,False
2367,Formal Shoes,4,9026,Casual Shoes,0.7995567917823792,False
2367,Formal Shoes,5,2373,Formal Shoes,0.7972044348716736,True
2367,Formal Shoes,6,45589,Formal Shoes,0.796139657497406,True
2367,Formal Shoes,7,35056,Formal Shoes,0.7953199148178101,True
2367,Formal Shoes,8,21728,Casual Shoes,0.7952962517738342,False
2367,Formal Shoes,9,2378,Formal Shoes,0.7951244711875916,True
2367,Formal Shoes,10,2388,Casual Shoes,0.7926961183547974,False
5348,Sports Shoes,1,5372,Sports Shoes,0.7566665410995483,True
5348,Sports Shoes,2,2384,Formal Shoes,0.7483373880386353,False
5348,Sports Shoes,3,8960,Formal Shoes,0.7481281757354736,False
5348,Sports Shoes,4,2391,Formal Shoes,0.7465993165969849,False
5348,Sports Shoes,5,12864,Casual Shoes,0.7448180317878723,False
5348,Sports Shoes,6,23249,Formal Shoes,0.743780255317688,False
5348,Sports Shoes,7,5387,Sports Shoes,0.7334676384925842,True
5348,Sports Shoes,8,43873,Casual Shoes,0.7319105863571167,False
5348,Sports Shoes,9,41478,Formal Shoes,0.7315324544906616,False
5348,Sports Shoes,10,28636,Sports Shoes,0.7302528023719788,True
33559,Tshirts,1,33558,Tshirts,0.8567348718643188,True
33559,Tshirts,2,19017,Tshirts,0.8189769387245178,True
33559,Tshirts,3,29169,Tops,0.8099246025085449,False
33559,Tshirts,4,32878,Tops,0.8091983795166016,False
33559,Tshirts,5,33561,Tshirts,0.8074261546134949,True
33559,Tshirts,6,24953,Tshirts,0.790484607219696,True
33559,Tshirts,7,33555,Tshirts,0.7863821387290955,True
33559,Tshirts,8,38150,Tshirts,0.783412516117096,True
33559,Tshirts,9,26357,Tshirts,0.7813189029693604,True
33559,Tshirts,10,16418,Tshirts,0.7807776927947998,True
54699,Kurtas,1,33751,Tops,0.8672030568122864,False
54699,Kurtas,2,54716,Kurtas,0.857973575592041,True
54699,Kurtas,3,28906,Kurtas,0.8464808464050293,True
54699,Kurtas,4,52111,Kurtis,0.8441121578216553,False
54699,Kurtas,5,11810,Kurtas,0.8422024846076965,True
54699,Kurtas,6,48478,Dresses,0.8341077566146851,False
54699,Kurtas,7,36237,Kurtas,0.8316248655319214,True
54699,Kurtas,8,56640,Tunics,0.830483078956604,False
54699,Kurtas,9,56807,Tunics,0.8295801281929016,False
54699,Kurtas,10,15832,Kurtas,0.8262801766395569,True
38377,Belts,1,38382,Belts,0.9195359945297241,True
38377,Belts,2,17777,Belts,0.9130622148513794,True
38377,Belts,3,38372,Belts,0.9093475341796875,True
38377,Belts,4,18837,Belts,0.9050434827804565,True
38377,Belts,5,42961,Belts,0.9023381471633911,True
38377,Belts,6,17988,Belts,0.8969027996063232,True
38377,Belts,7,35075,Belts,0.8963813185691833,True
38377,Belts,8,38375,Belts,0.8869113922119141,True
38377,Belts,9,18840,Belts,0.8793462514877319,True
38377,Belts,10,48557,Belts,0.8695201873779297,True
53448,Flip Flops,1,5629,Flip Flops,0.8491495847702026,True
53448,Flip Flops,2,22490,Flip Flops,0.8147067427635193,True
53448,Flip Flops,3,6451,Flip Flops,0.8001691102981567,True
53448,Flip Flops,4,59039,Flats,0.7920712828636169,False
53448,Flip Flops,5,12719,Flats,0.7722064852714539,False
53448,Flip Flops,6,20798,Flip Flops,0.7664114236831665,True
53448,Flip Flops,7,16729,Flip Flops,0.7644131183624268,True
53448,Flip Flops,8,48528,Flip Flops,0.7620054483413696,True
53448,Flip Flops,9,5622,Flip Flops,0.7617437243461609,True
53448,Flip Flops,10,24118,Flip Flops,0.7615368366241455,True
12078,Kurtas,1,23318,Kurtas,0.8268582820892334,True
12078,Kurtas,2,42674,Kurtas,0.817352294921875,True
12078,Kurtas,3,12096,Kurtas,0.8122217655181885,True
12078,Kurtas,4,12068,Kurtas,0.8092236518859863,True
12078,Kurtas,5,14542,Kurtas,0.8051245212554932,True
12078,Kurtas,6,31315,Kurtas,0.801023542881012,True
12078,Kurtas,7,12097,Kurtas,0.7994446754455566,True
12078,Kurtas,8,28710,Kurtas,0.7959944009780884,True
12078,Kurtas,9,11566,Kurtas,0.79469895362854,True
12078,Kurtas,10,50332,Kurtas,0.7907238602638245,True
11636,Watches,1,25606,Watches,0.7769768238067627,True
11636,Watches,2,37497,Watches,0.7684371471405029,True
11636,Watches,3,10239,Watches,0.7638533711433411,True
11636,Watches,4,11647,Watches,0.7618209719657898,True
11636,Watches,5,11203,Watches,0.7414036393165588,True
11636,Watches,6,33869,Watches,0.7390750646591187,True
11636,Watches,7,43184,Watches,0.7389696836471558,True
11636,Watches,8,30066,Watches,0.738034725189209,True
11636,Watches,9,25650,Watches,0.7273494005203247,True
11636,Watches,10,43203,Watches,0.7243175506591797,True
26888,Tops,1,26952,Tops,0.8895388245582581,True
26888,Tops,2,19071,Kurtas,0.8608502149581909,False
26888,Tops,3,24383,Kurtas,0.8601124882698059,False
26888,Tops,4,16143,Tshirts,0.8576864004135132,False
26888,Tops,5,4772,Tshirts,0.8563098311424255,False
26888,Tops,6,16829,Tshirts,0.8562140464782715,False
26888,Tops,7,26948,Tshirts,0.8558562994003296,False
26888,Tops,8,26883,Tshirts,0.8520060777664185,False
26888,Tops,9,26949,Tshirts,0.8517158031463623,False
26888,Tops,10,26893,Tops,0.8504828214645386,True
46151,Necklace and Chains,1,46163,Necklace and Chains,0.7586695551872253,True
46151,Necklace and Chains,2,46164,Necklace and Chains,0.7485700249671936,True
46151,Necklace and Chains,3,48340,Necklace and Chains,0.6878859996795654,True
46151,Necklace and Chains,4,54849,Necklace and Chains,0.6846178770065308,True
46151,Necklace and Chains,5,46152,Necklace and Chains,0.6763767600059509,True
46151,Necklace and Chains,6,46134,Necklace and Chains,0.6701771020889282,True
46151,Necklace and Chains,7,52220,Necklace and Chains,0.6655298471450806,True
46151,Necklace and Chains,8,48335,Necklace and Chains,0.6515713930130005,True
46151,Necklace and Chains,9,48759,Jewellery Set,0.6455389857292175,False
46151,Necklace and Chains,10,54866,Necklace and Chains,0.6418865919113159,True
10146,Formal Shoes,1,10143,Formal Shoes,0.9413502216339111,True
10146,Formal Shoes,2,10150,Formal Shoes,0.9358937740325928,True
10146,Formal Shoes,3,22156,Formal Shoes,0.9104310870170593,True
10146,Formal Shoes,4,10274,Formal Shoes,0.9103996157646179,True
10146,Formal Shoes,5,20715,Casual Shoes,0.9074757695198059,False
10146,Formal Shoes,6,10149,Formal Shoes,0.9072718620300293,True
10146,Formal Shoes,7,15506,Formal Shoes,0.9022048711776733,True
10146,Formal Shoes,8,21099,Formal Shoes,0.8943928480148315,True
10146,Formal Shoes,9,10147,Formal Shoes,0.8941248655319214,True
10146,Formal Shoes,10,11897,Formal Shoes,0.8907864689826965,True
6734,Sports Shoes,1,5903,Casual Shoes,0.8529990911483765,False
6734,Sports Shoes,2,6728,Sports Shoes,0.8081244826316833,True
6734,Sports Shoes,3,5911,Casual Shoes,0.7982097864151001,False
6734,Sports Shoes,4,24453,Sports Shoes,0.7838152647018433,True
6734,Sports Shoes,5,5908,Casual Shoes,0.7830617427825928,False
6734,Sports Shoes,6,34737,Sports Shoes,0.7785025835037231,True
6734,Sports Shoes,7,4561,Sports Shoes,0.7737501859664917,True
6734,Sports Shoes,8,43002,Sports Shoes,0.7736286520957947,True
6734,Sports Shoes,9,42028,Sports Shoes,0.7706040740013123,True
6734,Sports Shoes,10,36837,Sports Shoes,0.7695658206939697,True
46397,Shirts,1,57297,Shirts,0.8602843880653381,True
46397,Shirts,2,14661,Shirts,0.8510882258415222,True
46397,Shirts,3,56816,Shirts,0.8473697900772095,True
46397,Shirts,4,16484,Shirts,0.841313362121582,True
46397,Shirts,5,8806,Shirts,0.8401951789855957,True
46397,Shirts,6,7164,Shirts,0.8401951789855957,True
46397,Shirts,7,59891,Shirts,0.8400565385818481,True
46397,Shirts,8,8161,Shirts,0.8338021039962769,True
46397,Shirts,9,57273,Shirts,0.8329010009765625,True
46397,Shirts,10,20155,Shirts,0.8325342535972595,True
57888,Mask and Peel,1,57866,Sunscreen,0.8014855980873108,False
57888,Mask and Peel,2,57879,Face Scrub and Exfoliator,0.7869647741317749,False
57888,Mask and Peel,3,57869,Face Moisturisers,0.779765248298645,False
57888,Mask and Peel,4,57892,Eye Cream,0.7773568630218506,False
57888,Mask and Peel,5,57890,Eye Cream,0.7766929864883423,False
57888,Mask and Peel,6,57863,Sunscreen,0.771999180316925,False
57888,Mask and Peel,7,57885,Mask and Peel,0.7631816864013672,True
57888,Mask and Peel,8,57886,Mask and Peel,0.7056220173835754,True
57888,Mask and Peel,9,57889,Face Serum and Gel,0.6947367191314697,False
57888,Mask and Peel,10,57884,Mask and Peel,0.6824851036071777,True
3641,Casual Shoes,1,1833,Sports Shoes,0.7583242058753967,False
3641,Casual Shoes,2,39675,Casual Shoes,0.7329711318016052,True
3641,Casual Shoes,3,17412,Sports Shoes,0.7328965067863464,False
3641,Casual Shoes,4,5050,Casual Shoes,0.7304862141609192,True
3641,Casual Shoes,5,3646,Casual Shoes,0.7288109660148621,True
3641,Casual Shoes,6,37247,Casual Shoes,0.7265162467956543,True
3641,Casual Shoes,7,5055,Casual Shoes,0.7264611721038818,True
3641,Casual Shoes,8,3642,Casual Shoes,0.7261019945144653,True
3641,Casual Shoes,9,12723,Sports Shoes,0.7254313230514526,False
3641,Casual Shoes,10,42142,Sports Shoes,0.724604606628418,False
35434,Dresses,1,34115,Dresses,0.9999998211860657,True
35434,Dresses,2,27228,Dresses,0.7289263010025024,True
35434,Dresses,3,33505,Dresses,0.7075083255767822,True
35434,Dresses,4,5570,Dresses,0.6840924024581909,True
35434,Dresses,5,10016,Dresses,0.6816077828407288,True
35434,Dresses,6,33504,Dresses,0.6760966181755066,True
35434,Dresses,7,27226,Dresses,0.6760966181755066,True
35434,Dresses,8,4931,Dresses,0.6760541200637817,True
35434,Dresses,9,4932,Dresses,0.6760541200637817,True
35434,Dresses,10,27227,Dresses,0.6748781800270081,True
12672,Shorts,1,12670,Shorts,0.8664141893386841,True
12672,Shorts,2,27629,Shorts,0.8595417141914368,True
12672,Shorts,3,20919,Shorts,0.8469781875610352,True
12672,Shorts,4,12671,Shorts,0.8444374203681946,True
12672,Shorts,5,26521,Shorts,0.8443360924720764,True
12672,Shorts,6,14933,Shorts,0.82188880443573,True
12672,Shorts,7,27628,Shorts,0.8196567893028259,True
12672,Shorts,8,51395,Shorts,0.7946904897689819,True
12672,Shorts,9,29688,Shorts,0.7874033451080322,True
12672,Shorts,10,14935,Shorts,0.7870291471481323,True
29292,Shirts,1,29774,Shirts,0.9295470714569092,True
29292,Shirts,2,29286,Shirts,0.9204088449478149,True
29292,Shirts,3,20186,Shirts,0.9187688827514648,True
29292,Shirts,4,29798,Shirts,0.9178105592727661,True
29292,Shirts,5,29669,Shirts,0.9141307473182678,True
29292,Shirts,6,29765,Shirts,0.9111587405204773,True
29292,Shirts,7,23872,Tshirts,0.9061923027038574,False
29292,Shirts,8,8877,Shirts,0.9050761461257935,True
29292,Shirts,9,19701,Shirts,0.9033888578414917,True
29292,Shirts,10,20187,Shirts,0.90329909324646,True
16645,Tshirts,1,15931,Tshirts,0.9567595720291138,True
16645,Tshirts,2,10825,Tshirts,0.9535624980926514,True
16645,Tshirts,3,22796,Tshirts,0.9498753547668457,True
16645,Tshirts,4,26718,Tshirts,0.9370542764663696,True
16645,Tshirts,5,31261,Tshirts,0.9303139448165894,True
16645,Tshirts,6,33589,Tshirts,0.9278679490089417,True
16645,Tshirts,7,12726,Tshirts,0.924597978591919,True
16645,Tshirts,8,31257,Tshirts,0.9232249855995178,True
16645,Tshirts,9,19424,Tshirts,0.9201668500900269,True
16645,Tshirts,10,15189,Tshirts,0.9168436527252197,True
16221,Track Pants,1,27608,Trousers,0.9517431259155273,False
16221,Track Pants,2,29023,Track Pants,0.9513428211212158,True
16221,Track Pants,3,11280,Jeans,0.9487985372543335,False
16221,Track Pants,4,22999,Lounge Pants,0.9481619596481323,False
16221,Track Pants,5,17945,Track Pants,0.9454972743988037,True
16221,Track Pants,6,24692,Jeans,0.9450284838676453,False
16221,Track Pants,7,21385,Track Pants,0.9447445869445801,True
16221,Track Pants,8,27609,Trousers,0.9439232349395752,False
16221,Track Pants,9,29849,Trousers,0.9438462257385254,False
16221,Track Pants,10,13109,Track Pants,0.9428375363349915,True
35265,Tops,1,11785,Tshirts,0.8358744978904724,False
35265,Tops,2,24950,Tshirts,0.8266922235488892,False
35265,Tops,3,37190,Tops,0.8237547874450684,True
35265,Tops,4,24954,Tshirts,0.8235005140304565,False
35265,Tops,5,19609,Tops,0.8208423852920532,True
35265,Tops,6,24955,Tshirts,0.8189225196838379,False
35265,Tops,7,43328,Tshirts,0.8092297315597534,False
35265,Tops,8,7692,Tshirts,0.8079103231430054,False
35265,Tops,9,12504,Tops,0.8055465221405029,True
35265,Tops,10,37164,Tops,0.8051648139953613,True
20585,Wallets,1,20584,Wallets,0.8814488649368286,True
20585,Wallets,2,23693,Wallets,0.8086606860160828,True
20585,Wallets,3,20562,Wallets,0.7707951664924622,True
20585,Wallets,4,20532,Wallets,0.7675233483314514,True
20585,Wallets,5,54400,Wallets,0.7655394673347473,True
20585,Wallets,6,20456,Wallets,0.7535206079483032,True
20585,Wallets,7,33448,Wallets,0.7495924234390259,True
20585,Wallets,8,20412,Wallets,0.7367556095123291,True
20585,Wallets,9,51889,Wallets,0.7292072176933289,True
20585,Wallets,10,48137,Wallets,0.7230390310287476,True
3646,Casual Shoes,1,3642,Casual Shoes,0.7714294195175171,True
3646,Casual Shoes,2,13135,Casual Shoes,0.7582544088363647,True
3646,Casual Shoes,3,5055,Casual Shoes,0.7541043758392334,True
3646,Casual Shoes,4,13068,Casual Shoes,0.7484269142150879,True
3646,Casual Shoes,5,6383,Casual Shoes,0.7442811131477356,True
3646,Casual Shoes,6,46336,Casual Shoes,0.7419204115867615,True
3646,Casual Shoes,7,38544,Casual Shoes,0.7333397269248962,True
3646,Casual Shoes,8,20894,Casual Shoes,0.7310872673988342,True
3646,Casual Shoes,9,2503,Casual Shoes,0.7307487726211548,True
3646,Casual Shoes,10,3641,Casual Shoes,0.7288110852241516,True
50853,Sarees,1,50883,Sarees,0.809778094291687,True
50853,Sarees,2,50850,Sarees,0.7819920778274536,True
50853,Sarees,3,50865,Sarees,0.7767639756202698,True
50853,Sarees,4,50882,Sarees,0.7698855400085449,True
50853,Sarees,5,50868,Sarees,0.7637458443641663,True
50853,Sarees,6,50885,Sarees,0.7637094259262085,True
50853,Sarees,7,50852,Sarees,0.7585985660552979,True
50853,Sarees,8,58661,Kurtas,0.7557095289230347,False
50853,Sarees,9,53019,Sarees,0.7495465874671936,True
50853,Sarees,10,50871,Sarees,0.7444434762001038,True
38121,Trousers,1,26140,Trousers,0.9286400079727173,True
38121,Trousers,2,29684,Trousers,0.9091419577598572,True
38121,Trousers,3,14285,Trousers,0.9088926315307617,True
38121,Trousers,4,26146,Trousers,0.9086891412734985,True
38121,Trousers,5,39809,Trousers,0.9070945978164673,True
38121,Trousers,6,12748,Trousers,0.9062819480895996,True
38121,Trousers,7,53228,Trousers,0.9043234586715698,True
38121,Trousers,8,32406,Trousers,0.9037188291549683,True
38121,Trousers,9,26162,Trousers,0.9029892683029175,True
38121,Trousers,10,26156,Trousers,0.9024452567100525,True
53287,Jeans,1,46344,Jeans,0.8942501544952393,True
53287,Jeans,2,39386,Jeans,0.8939684629440308,True
53287,Jeans,3,46905,Jeans,0.8907483220100403,True
53287,Jeans,4,48398,Jeans,0.8865756988525391,True
53287,Jeans,5,57209,Jeans,0.8865126371383667,True
53287,Jeans,6,21584,Jeans,0.8850125670433044,True
53287,Jeans,7,48384,Jeans,0.8842753171920776,True
53287,Jeans,8,39380,Jeans,0.8831925392150879,True
53287,Jeans,9,54792,Jeans,0.8823517560958862,True
53287,Jeans,10,58411,Jeans,0.8803377151489258,True
47025,Kurtas,1,32225,Kurtas,0.896687388420105,True
47025,Kurtas,2,22756,Kurtas,0.8905481100082397,True
47025,Kurtas,3,30864,Kurtas,0.8870993852615356,True
47025,Kurtas,4,27270,Kurtas,0.877816915512085,True
47025,Kurtas,5,28760,Kurtas,0.8764204978942871,True
47025,Kurtas,6,30866,Kurtas,0.8708887100219727,True
47025,Kurtas,7,30835,Kurtas,0.868260383605957,True
47025,Kurtas,8,30884,Kurtas,0.8647847175598145,True
47025,Kurtas,9,30841,Kurtas,0.8623313903808594,True
47025,Kurtas,10,28763,Kurtas,0.8576055765151978,True
51372,Tshirts,1,53115,Tshirts,0.7909671068191528,True
51372,Tshirts,2,2160,Tshirts,0.7873996496200562,True
51372,Tshirts,3,18865,Sweatshirts,0.7842943668365479,False
51372,Tshirts,4,51473,Tshirts,0.7829828858375549,True
51372,Tshirts,5,6758,Tshirts,0.7791571617126465,True
51372,Tshirts,6,1879,Tshirts,0.7788047194480896,True
51372,Tshirts,7,19003,Sweatshirts,0.7719466686248779,False
51372,Tshirts,8,19954,Sweaters,0.7684215903282166,False
51372,Tshirts,9,17254,Tshirts,0.7569159269332886,True
51372,Tshirts,10,48081,Tshirts,0.7556928396224976,True
30721,Kurtas,1,30722,Kurtas,0.8436813354492188,True
30721,Kurtas,2,30723,Kurtas,0.8386952877044678,True
30721,Kurtas,3,30720,Kurtas,0.7671326994895935,True
30721,Kurtas,4,13328,Shirts,0.745688796043396,False
30721,Kurtas,5,13327,Shirts,0.745688796043396,False
30721,Kurtas,6,20106,Kurtas,0.7388986349105835,True
30721,Kurtas,7,30717,Kurta Sets,0.7296774387359619,False
30721,Kurtas,8,34043,Shirts,0.7249457836151123,False
30721,Kurtas,9,34042,Shirts,0.7249457836151123,False
30721,Kurtas,10,31094,Shirts,0.7249457836151123,False
48436,Tshirts,1,48444,Tshirts,0.9146983623504639,True
48436,Tshirts,2,34397,Tshirts,0.9136720895767212,True
48436,Tshirts,3,2334,Tshirts,0.9108676314353943,True
48436,Tshirts,4,7946,Tshirts,0.9093838930130005,True
48436,Tshirts,5,23177,Tshirts,0.9089856147766113,True
48436,Tshirts,6,29062,Tshirts,0.9077404141426086,True
48436,Tshirts,7,34411,Tshirts,0.9073728322982788,True
48436,Tshirts,8,34408,Tshirts,0.9065647125244141,True
48436,Tshirts,9,34370,Tshirts,0.9044695496559143,True
48436,Tshirts,10,34406,Tshirts,0.9022957682609558,True
12218,Trousers,1,12223,Trousers,0.9068607091903687,True
12218,Trousers,2,13780,Trousers,0.9040149450302124,True
12218,Trousers,3,15687,Trousers,0.8965436220169067,True
12218,Trousers,4,12221,Trousers,0.889646053314209,True
12218,Trousers,5,15682,Trousers,0.8804492950439453,True
12218,Trousers,6,26135,Trousers,0.8797497749328613,True
12218,Trousers,7,15677,Trousers,0.8782777190208435,True
12218,Trousers,8,22370,Trousers,0.8771399259567261,True
12218,Trousers,9,16071,Trousers,0.8673888444900513,True
12218,Trousers,10,23038,Trousers,0.8671555519104004,True
1544,Casual Shoes,1,1549,Sports Shoes,0.7411475777626038,False
1544,Casual Shoes,2,1545,Casual Shoes,0.7339893579483032,True
1544,Casual Shoes,3,1543,Casual Shoes,0.7259664535522461,True
1544,Casual Shoes,4,1547,Casual Shoes,0.7164269089698792,True
1544,Casual Shoes,5,2507,Casual Shoes,0.6938443183898926,True
1544,Casual Shoes,6,2511,Casual Shoes,0.6764265894889832,True
1544,Casual Shoes,7,1546,Casual Shoes,0.6527925133705139,True
1544,Casual Shoes,8,6710,Casual Shoes,0.6332253217697144,True
1544,Casual Shoes,9,1587,Sports Shoes,0.633103609085083,False
1544,Casual Shoes,10,2488,Sports Sandals,0.6304783821105957,False
24928,Tops,1,28744,Kurtas,0.8648579120635986,False
24928,Tops,2,24404,Kurtas,0.8604923486709595,False
24928,Tops,3,42647,Kurtas,0.8514547348022461,False
24928,Tops,4,9802,Tops,0.8479416966438293,True
24928,Tops,5,24973,Tshirts,0.840295135974884,False
24928,Tops,6,13947,Tshirts,0.838563084602356,False
24928,Tops,7,20119,Tops,0.8355916738510132,True
24928,Tops,8,9803,Tunics,0.8350304365158081,False
24928,Tops,9,10512,Tops,0.8349497318267822,True
24928,Tops,10,26902,Tops,0.834215521812439,True
6553,Backpacks,1,6550,Backpacks,0.6948897838592529,True
6553,Backpacks,2,15919,Backpacks,0.6947982311248779,True
6553,Backpacks,3,3334,Backpacks,0.6764779090881348,True
6553,Backpacks,4,32870,Backpacks,0.6623506546020508,True
6553,Backpacks,5,3333,Backpacks,0.6609498262405396,True
6553,Backpacks,6,22737,Backpacks,0.6596754193305969,True
6553,Backpacks,7,29104,Backpacks,0.6498742699623108,True
6553,Backpacks,8,19314,Backpacks,0.6472280025482178,True
6553,Backpacks,9,17633,Backpacks,0.6471998691558838,True
6553,Backpacks,10,32861,Backpacks,0.6441284418106079,True
30342,Tshirts,1,3891,Tshirts,0.8394291400909424,True
30342,Tshirts,2,19000,Tshirts,0.812242329120636,True
30342,Tshirts,3,33313,Tshirts,0.8103436231613159,True
30342,Tshirts,4,13504,Tshirts,0.8043713569641113,True
30342,Tshirts,5,4058,Tshirts,0.802179217338562,True
30342,Tshirts,6,2840,Tshirts,0.7940945029258728,True
30342,Tshirts,7,16147,Tops,0.7934461832046509,False
30342,Tshirts,8,6282,Tshirts,0.7912431359291077,True
30342,Tshirts,9,2853,Tshirts,0.7902905941009521,True
30342,Tshirts,10,34440,Tshirts,0.788959264755249,True
15005,Jackets,1,15020,Jackets,0.8463642001152039,True
15005,Jackets,2,25004,Shirts,0.763190507888794,False
15005,Jackets,3,15462,Jackets,0.7571314573287964,True
15005,Jackets,4,15004,Jackets,0.7561450004577637,True
15005,Jackets,5,31027,Shirts,0.7250351905822754,False
15005,Jackets,6,33249,Shirts,0.7178795337677002,False
15005,Jackets,7,23034,Shirts,0.7151539921760559,False
15005,Jackets,8,13099,Sweaters,0.7099778056144714,False
15005,Jackets,9,16556,Sweatshirts,0.7029573917388916,False
15005,Jackets,10,20032,Shirts,0.6995625495910645,False
31855,Watches,1,46477,Watches,0.701369047164917,True
31855,Watches,2,33926,Watches,0.6788597106933594,True
31855,Watches,3,59216,Watches,0.6732099652290344,True
31855,Watches,4,31833,Watches,0.6725162267684937,True
31855,Watches,5,44970,Watches,0.6652991771697998,True
31855,Watches,6,40510,Watches,0.6647782325744629,True
31855,Watches,7,31854,Watches,0.6636675596237183,True
31855,Watches,8,31852,Watches,0.6626060009002686,True
31855,Watches,9,52677,Watches,0.6588300466537476,True
31855,Watches,10,33924,Watches,0.6570168733596802,True
46309,Watches,1,30166,Watches,0.8214808106422424,True
46309,Watches,2,31824,Watches,0.816326379776001,True
46309,Watches,3,43204,Watches,0.8157552480697632,True
46309,Watches,4,48046,Watches,0.798777163028717,True
46309,Watches,5,19256,Watches,0.7979294061660767,True
46309,Watches,6,21666,Watches,0.7902106046676636,True
46309,Watches,7,37293,Watches,0.7896080017089844,True
46309,Watches,8,53585,Watches,0.7880853414535522,True
46309,Watches,9,8098,Watches,0.7876128554344177,True
46309,Watches,10,31816,Watches,0.7863513231277466,True
23168,Tshirts,1,31363,Tshirts,0.9264940023422241,True
23168,Tshirts,2,18501,Tshirts,0.9123406410217285,True
23168,Tshirts,3,19423,Tshirts,0.90793776512146,True
23168,Tshirts,4,26715,Tshirts,0.9071944952011108,True
23168,Tshirts,5,16492,Tshirts,0.8981885313987732,True
23168,Tshirts,6,15527,Tshirts,0.8945454359054565,True
23168,Tshirts,7,24143,Tshirts,0.8944271802902222,True
23168,Tshirts,8,26287,Tshirts,0.8934992551803589,True
23168,Tshirts,9,26288,Tshirts,0.8893882036209106,True
23168,Tshirts,10,34358,Tshirts,0.8884897232055664,True
18924,Tshirts,1,18229,Tshirts,0.9339136481285095,True
18924,Tshirts,2,18233,Tshirts,0.9147748947143555,True
18924,Tshirts,3,31271,Tshirts,0.9137345552444458,True
18924,Tshirts,4,18843,Tshirts,0.9123183488845825,True
18924,Tshirts,5,18249,Tshirts,0.9070650339126587,True
18924,Tshirts,6,18845,Tshirts,0.9045130014419556,True
18924,Tshirts,7,29580,Tshirts,0.9029773473739624,True
18924,Tshirts,8,15206,Tshirts,0.9001253843307495,True
18924,Tshirts,9,18851,Tshirts,0.8986597657203674,True
18924,Tshirts,10,31267,Tshirts,0.8963171243667603,True
43280,Handbags,1,52633,Handbags,0.840727686882019,True
43280,Handbags,2,59428,Handbags,0.7791502475738525,True
43280,Handbags,3,54183,Handbags,0.7718602418899536,True
43280,Handbags,4,10198,Handbags,0.7685802578926086,True
43280,Handbags,5,57244,Handbags,0.7672966122627258,True
43280,Handbags,6,37088,Handbags,0.7581876516342163,True
43280,Handbags,7,17122,Handbags,0.7581170201301575,True
43280,Handbags,8,57243,Handbags,0.7558848857879639,True
43280,Handbags,9,27695,Handbags,0.7497592568397522,True
43280,Handbags,10,57247,Handbags,0.7492853403091431,True
37765,Shirts,1,37727,Shirts,0.8644235134124756,True
37765,Shirts,2,14674,Shirts,0.8474372625350952,True
37765,Shirts,3,37742,Shirts,0.8298206329345703,True
37765,Shirts,4,37730,Shirts,0.8277809023857117,True
37765,Shirts,5,41606,Shirts,0.8228486776351929,True
37765,Shirts,6,37778,Shirts,0.8184411525726318,True
37765,Shirts,7,37766,Shirts,0.8126407861709595,True
37765,Shirts,8,15986,Shirts,0.8122615218162537,True
37765,Shirts,9,12944,Shirts,0.8116770386695862,True
37765,Shirts,10,37767,Shirts,0.8098019361495972,True
35690,Casual Shoes,1,35688,Casual Shoes,0.7824645638465881,True
35690,Casual Shoes,2,33846,Casual Shoes,0.760890007019043,True
35690,Casual Shoes,3,44770,Casual Shoes,0.7544219493865967,True
35690,Casual Shoes,4,32941,Casual Shoes,0.7426214218139648,True
35690,Casual Shoes,5,36486,Casual Shoes,0.7412855625152588,True
35690,Casual Shoes,6,31209,Sports Shoes,0.7355422377586365,False
35690,Casual Shoes,7,28637,Sports Shoes,0.7346247434616089,False
35690,Casual Shoes,8,9216,Casual Shoes,0.7297711372375488,True
35690,Casual Shoes,9,26646,Casual Shoes,0.7251786589622498,True
35690,Casual Shoes,10,6661,Casual Shoes,0.7158273458480835,True
44051,Perfume and Body Mist,1,44040,Perfume and Body Mist,0.8169598579406738,True
44051,Perfume and Body Mist,2,23524,Perfume and Body Mist,0.7969825267791748,True
44051,Perfume and Body Mist,3,44071,Perfume and Body Mist,0.793846070766449,True
44051,Perfume and Body Mist,4,44070,Perfume and Body Mist,0.7510417103767395,True
44051,Perfume and Body Mist,5,36698,Perfume and Body Mist,0.7160559892654419,True
44051,Perfume and Body Mist,6,44028,Perfume and Body Mist,0.7119017839431763,True
44051,Perfume and Body Mist,7,46793,Perfume and Body Mist,0.7033230662345886,True
44051,Perfume and Body Mist,8,46792,Perfume and Body Mist,0.6856517791748047,True
44051,Perfume and Body Mist,9,44042,Perfume and Body Mist,0.6667399406433105,True
44051,Perfume and Body Mist,10,46684,Perfume and Body Mist,0.6558340787887573,True
34114,Dresses,1,35433,Dresses,0.9999998807907104,True
34114,Dresses,2,23621,Dresses,0.6385287642478943,True
34114,Dresses,3,27223,Dresses,0.6346985697746277,True
34114,Dresses,4,27198,Dresses,0.6011238098144531,True
34114,Dresses,5,33486,Dresses,0.6011238098144531,True
34114,Dresses,6,34892,Handbags,0.5833450555801392,False
34114,Dresses,7,29171,Skirts,0.5824007987976074,False
34114,Dresses,8,36750,Dresses,0.5778439044952393,True
34114,Dresses,9,12835,Dresses,0.5767208337783813,True
34114,Dresses,10,34109,Tops,0.5731275081634521,False
8809,Shirts,1,7156,Shirts,1.0000003576278687,True
8809,Shirts,2,16808,Shirts,0.9107785224914551,True
8809,Shirts,3,20141,Shirts,0.9085042476654053,True
8809,Shirts,4,19837,Shirts,0.903256893157959,True
8809,Shirts,5,8739,Shirts,0.9008775949478149,True
8809,Shirts,6,9644,Shirts,0.9008775949478149,True
8809,Shirts,7,10441,Shirts,0.8987404108047485,True
8809,Shirts,8,9605,Shirts,0.8959867358207703,True
8809,Shirts,9,21122,Shirts,0.8865460753440857,True
8809,Shirts,10,16810,Shirts,0.8855686187744141,True
22875,Casual Shoes,1,22859,Casual Shoes,0.8547803163528442,True
22875,Casual Shoes,2,22858,Casual Shoes,0.8307871222496033,True
22875,Casual Shoes,3,22876,Casual Shoes,0.7917841672897339,True
22875,Casual Shoes,4,22877,Casual Shoes,0.7865983843803406,True
22875,Casual Shoes,5,12519,Casual Shoes,0.7731170654296875,True
22875,Casual Shoes,6,20675,Casual Shoes,0.7717312574386597,True
22875,Casual Shoes,7,26563,Casual Shoes,0.7649692296981812,True
22875,Casual Shoes,8,10156,Casual Shoes,0.7639898657798767,True
22875,Casual Shoes,9,7267,Casual Shoes,0.7558414936065674,True
22875,Casual Shoes,10,22852,Casual Shoes,0.7529467344284058,True
43273,Handbags,1,37435,Handbags,0.830197811126709,True
43273,Handbags,2,3401,Handbags,0.8242163062095642,True
43273,Handbags,3,10199,Handbags,0.8141441941261292,True
43273,Handbags,4,49542,Handbags,0.8092338442802429,True
43273,Handbags,5,10221,Handbags,0.80738365650177,True
43273,Handbags,6,21955,Handbags,0.8058912754058838,True
43273,Handbags,7,33457,Handbags,0.7897411584854126,True
43273,Handbags,8,21957,Handbags,0.7772488594055176,True
43273,Handbags,9,21962,Handbags,0.773902416229248,True
43273,Handbags,10,49543,Handbags,0.7730035781860352,True
5527,Tshirts,1,5499,Tshirts,0.9134950041770935,True
5527,Tshirts,2,2846,Tshirts,0.9123124480247498,True
5527,Tshirts,3,3523,Tshirts,0.9026848077774048,True
5527,Tshirts,4,4225,Tshirts,0.9011789560317993,True
5527,Tshirts,5,5501,Tshirts,0.9003521203994751,True
5527,Tshirts,6,2850,Tshirts,0.8974072933197021,True
5527,Tshirts,7,4054,Tshirts,0.8916269540786743,True
5527,Tshirts,8,4245,Tshirts,0.891572117805481,True
5527,Tshirts,9,2835,Tshirts,0.8907444477081299,True
5527,Tshirts,10,5182,Tshirts,0.8900090456008911,True
24711,Casual Shoes,1,3251,Sports Shoes,0.9053704142570496,False
24711,Casual Shoes,2,8911,Casual Shoes,0.8751864433288574,True
24711,Casual Shoes,3,49469,Casual Shoes,0.8443873524665833,True
24711,Casual Shoes,4,42139,Casual Shoes,0.839118242263794,True
24711,Casual Shoes,5,44750,Casual Shoes,0.8350876569747925,True
24711,Casual Shoes,6,36137,Sports Shoes,0.8293548822402954,False
24711,Casual Shoes,7,24423,Sports Shoes,0.8172340393066406,False
24711,Casual Shoes,8,33850,Casual Shoes,0.8166342973709106,True
24711,Casual Shoes,9,38652,Casual Shoes,0.8141322135925293,True
24711,Casual Shoes,10,36148,Casual Shoes,0.8126447200775146,True
21263,Backpacks,1,21264,Backpacks,0.8874642252922058,True
21263,Backpacks,2,1526,Backpacks,0.7680782079696655,True
21263,Backpacks,3,25876,Backpacks,0.7430684566497803,True
21263,Backpacks,4,24325,Backpacks,0.7364621162414551,True
21263,Backpacks,5,29003,Backpacks,0.7328159809112549,True
21263,Backpacks,6,35205,Backpacks,0.7307505011558533,True
21263,Backpacks,7,4669,Backpacks,0.7245160341262817,True
21263,Backpacks,8,19316,Backpacks,0.7226513624191284,True
21263,Backpacks,9,29103,Backpacks,0.7203436493873596,True
21263,Backpacks,10,37687,Backpacks,0.7161667943000793,True
30775,Kurtas,1,10352,Shirts,0.899024486541748,False
30775,Kurtas,2,19151,Tshirts,0.8945108652114868,False
30775,Kurtas,3,20383,Sweaters,0.8938470482826233,False
30775,Kurtas,4,24284,Shirts,0.8718571066856384,False
30775,Kurtas,5,30784,Kurtas,0.8654690980911255,True
30775,Kurtas,6,24006,Shirts,0.8615677952766418,False
30775,Kurtas,7,19199,Shirts,0.8602507710456848,False
30775,Kurtas,8,11461,Shirts,0.8592528104782104,False
30775,Kurtas,9,19700,Shirts,0.844565212726593,False
30775,Kurtas,10,13964,Shirts,0.8442370891571045,False
21435,Backpacks,1,21437,Backpacks,0.8973194360733032,True
21435,Backpacks,2,21436,Backpacks,0.7921639680862427,True
21435,Backpacks,3,21192,Backpacks,0.6856427192687988,True
21435,Backpacks,4,29007,Backpacks,0.6767044067382812,True
21435,Backpacks,5,25882,Backpacks,0.6674596667289734,True
21435,Backpacks,6,21193,Backpacks,0.6597751379013062,True
21435,Backpacks,7,21189,Backpacks,0.6529455780982971,True
21435,Backpacks,8,8377,Backpacks,0.6453430652618408,True
21435,Backpacks,9,37680,Backpacks,0.6402076482772827,True
21435,Backpacks,10,20035,Backpacks,0.6388576030731201,True
48692,Earrings,1,48629,Earrings,0.8392983675003052,True
48692,Earrings,2,42623,Earrings,0.7059729099273682,True
48692,Earrings,3,49006,Ring,0.6543070077896118,False
48692,Earrings,4,59576,Cufflinks,0.6515631675720215,False
48692,Earrings,5,48619,Earrings,0.6425836682319641,True
48692,Earrings,6,49057,Ring,0.6018293499946594,False
48692,Earrings,7,58045,Earrings,0.5985569357872009,True
48692,Earrings,8,56377,Perfume and Body Mist,0.5885591506958008,False
48692,Earrings,9,48639,Earrings,0.5792197585105896,True
48692,Earrings,10,53102,Earrings,0.5671933889389038,True
55549,Kajal and Eyeliner,1,55541,Kajal and Eyeliner,0.9614408612251282,True
55549,Kajal and Eyeliner,2,55551,Kajal and Eyeliner,0.9584952592849731,True
55549,Kajal and Eyeliner,3,55258,Kajal and Eyeliner,0.9493364691734314,True
55549,Kajal and Eyeliner,4,55262,Kajal and Eyeliner,0.9473972916603088,True
55549,Kajal and Eyeliner,5,55260,Kajal and Eyeliner,0.9377406239509583,True
55549,Kajal and Eyeliner,6,55257,Kajal and Eyeliner,0.9357821345329285,True
55549,Kajal and Eyeliner,7,55272,Kajal and Eyeliner,0.9276955127716064,True
55549,Kajal and Eyeliner,8,55221,Lip Liner,0.9262212514877319,False
55549,Kajal and Eyeliner,9,55833,Highlighter and Blush,0.9102495312690735,False
55549,Kajal and Eyeliner,10,55485,Lip Liner,0.8904628753662109,False
39295,Sandals,1,39296,Sandals,0.9999998211860657,True
39295,Sandals,2,50760,Sandals,0.8293602466583252,True
39295,Sandals,3,50757,Sandals,0.8124288320541382,True
39295,Sandals,4,22893,Sandals,0.802135705947876,True
39295,Sandals,5,18410,Flats,0.7974503040313721,False
39295,Sandals,6,50759,Sandals,0.7946385145187378,True
39295,Sandals,7,12866,Sandals,0.7918823957443237,True
39295,Sandals,8,17015,Flats,0.7902758717536926,False
39295,Sandals,9,50735,Sandals,0.7856382131576538,True
39295,Sandals,10,57502,Sandals,0.7845216393470764,True
24972,Tshirts,1,24953,Tshirts,0.9439308047294617,True
24972,Tshirts,2,24954,Tshirts,0.9023938775062561,True
24972,Tshirts,3,24973,Tshirts,0.8978256583213806,True
24972,Tshirts,4,11025,Tshirts,0.8929209113121033,True
24972,Tshirts,5,9688,Tshirts,0.88416987657547,True
24972,Tshirts,6,8461,Tops,0.8824512362480164,False
24972,Tshirts,7,10379,Tshirts,0.8816481232643127,True
24972,Tshirts,8,13158,Tshirts,0.8790683746337891,True
24972,Tshirts,9,33221,Tops,0.8769429326057434,False
24972,Tshirts,10,12546,Tshirts,0.8753657341003418,True
10149,Formal Shoes,1,10147,Formal Shoes,0.941129207611084,True
10149,Formal Shoes,2,20715,Casual Shoes,0.9391760230064392,False
10149,Formal Shoes,3,9701,Formal Shoes,0.9349686503410339,True
10149,Formal Shoes,4,10152,Casual Shoes,0.930014431476593,False
10149,Formal Shoes,5,21099,Formal Shoes,0.9290618300437927,True
10149,Formal Shoes,6,12520,Casual Shoes,0.9271594882011414,False
10149,Formal Shoes,7,10143,Formal Shoes,0.9236219525337219,True
10149,Formal Shoes,8,10276,Formal Shoes,0.9155325293540955,True
10149,Formal Shoes,9,11897,Formal Shoes,0.9133435487747192,True
10149,Formal Shoes,10,24685,Formal Shoes,0.9114558696746826,True
14374,Heels,1,36621,Heels,0.8347309827804565,True
14374,Heels,2,14371,Heels,0.7149015665054321,True
14374,Heels,3,10757,Flip Flops,0.6968406438827515,False
14374,Heels,4,10748,Flip Flops,0.6961086988449097,False
14374,Heels,5,40751,Flip Flops,0.6825189590454102,False
14374,Heels,6,40749,Flip Flops,0.6734575629234314,False
14374,Heels,7,6321,Flip Flops,0.6707873344421387,False
14374,Heels,8,6288,Flip Flops,0.6691819429397583,False
14374,Heels,9,41227,Flip Flops,0.6684376001358032,False
14374,Heels,10,17649,Flip Flops,0.6535402536392212,False
33764,Casual Shoes,1,25470,Sports Shoes,0.8197950124740601,False
33764,Casual Shoes,2,42989,Sports Shoes,0.8077883720397949,False
33764,Casual Shoes,3,34825,Sports Shoes,0.7901658415794373,False
33764,Casual Shoes,4,44766,Casual Shoes,0.7868910431861877,True
33764,Casual Shoes,5,15228,Casual Shoes,0.7858055830001831,True
33764,Casual Shoes,6,41828,Casual Shoes,0.7831647396087646,True
33764,Casual Shoes,7,4266,Sports Shoes,0.7814347743988037,False
33764,Casual Shoes,8,4283,Formal Shoes,0.7813373804092407,False
33764,Casual Shoes,9,44401,Sports Shoes,0.7797236442565918,False
33764,Casual Shoes,10,28313,Casual Shoes,0.7746694087982178,True
44252,Handbags,1,9923,Handbags,0.5982016324996948,True
44252,Handbags,2,54019,Handbags,0.5867953300476074,True
44252,Handbags,3,54018,Handbags,0.579796552658081,True
44252,Handbags,4,44251,Handbags,0.5797079205513,True
44252,Handbags,5,33426,Handbags,0.5743345022201538,True
44252,Handbags,6,31923,Handbags,0.572005569934845,True
44252,Handbags,7,34731,Handbags,0.5660994052886963,True
44252,Handbags,8,53649,Handbags,0.5608950853347778,True
44252,Handbags,9,39324,Shorts,0.5607042908668518,False
44252,Handbags,10,39323,Shorts,0.5607042908668518,False
54808,Handbags,1,54834,Handbags,0.7042924165725708,True
54808,Handbags,2,33723,Clutches,0.6324997544288635,False
54808,Handbags,3,33730,Belts,0.5865451693534851,False
54808,Handbags,4,36650,Wallets,0.5725624561309814,False
54808,Handbags,5,33731,Belts,0.5694773197174072,False
54808,Handbags,6,38432,Mobile Pouch,0.5683488249778748,False
54808,Handbags,7,54831,Handbags,0.5591402649879456,True
54808,Handbags,8,27046,Handbags,0.5402593612670898,True
54808,Handbags,9,58932,Handbags,0.5302877426147461,True
54808,Handbags,10,38679,Wallets,0.5257211327552795,False
40606,Kurtas,1,40603,Kurtas,0.8837805986404419,True
40606,Kurtas,2,40600,Kurtas,0.8755021691322327,True
40606,Kurtas,3,14584,Tops,0.8748013377189636,False
40606,Kurtas,4,28470,Tops,0.8684447407722473,False
40606,Kurtas,5,24988,Tops,0.8658472299575806,False
40606,Kurtas,6,26908,Tops,0.8651556372642517,False
40606,Kurtas,7,40607,Kurtas,0.864788293838501,True
40606,Kurtas,8,40602,Kurtas,0.8629177808761597,True
40606,Kurtas,9,40617,Kurtas,0.8587087988853455,True
40606,Kurtas,10,10073,Tshirts,0.8563230633735657,False
30743,Kurtas,1,30748,Kurtas,0.9276578426361084,True
30743,Kurtas,2,30763,Kurtas,0.9025232195854187,True
30743,Kurtas,3,30749,Kurtas,0.8848843574523926,True
30743,Kurtas,4,30764,Kurtas,0.8680012226104736,True
30743,Kurtas,5,14052,Shirts,0.8516628742218018,False
30743,Kurtas,6,24735,Shirts,0.8459904789924622,False
30743,Kurtas,7,31653,Shirts,0.8458634614944458,False
30743,Kurtas,8,30747,Kurtas,0.8378649950027466,True
30743,Kurtas,9,10352,Shirts,0.8377363681793213,False
30743,Kurtas,10,24284,Shirts,0.8316411375999451,False
7080,Backpacks,1,35204,Backpacks,0.7969539165496826,True
7080,Backpacks,2,5267,Backpacks,0.7917298674583435,True
7080,Backpacks,3,22650,Backpacks,0.7901548147201538,True
7080,Backpacks,4,5219,Backpacks,0.7872943878173828,True
7080,Backpacks,5,4607,Backpacks,0.7836491465568542,True
7080,Backpacks,6,22654,Backpacks,0.7705183029174805,True
7080,Backpacks,7,22681,Backpacks,0.7679440975189209,True
7080,Backpacks,8,15921,Backpacks,0.7634696960449219,True
7080,Backpacks,9,53373,Backpacks,0.7620818614959717,True
7080,Backpacks,10,53365,Backpacks,0.7555866241455078,True
30911,Kurtis,1,21164,Shirts,0.8172553777694702,False
30911,Kurtis,2,20108,Kurtas,0.8141258358955383,False
30911,Kurtis,3,24497,Kurtas,0.8135678768157959,False
30911,Kurtis,4,30858,Kurtas,0.8101495504379272,False
30911,Kurtis,5,27879,Tops,0.7989676594734192,False
30911,Kurtis,6,40431,Dresses,0.7855938076972961,False
30911,Kurtis,7,53425,Kurtas,0.7773618698120117,False
30911,Kurtis,8,27934,Shirts,0.7764739394187927,False
30911,Kurtis,9,24164,Kurtas,0.7751145362854004,False
30911,Kurtis,10,19068,Kurtas,0.7715680003166199,False
26874,Tshirts,1,16829,Tshirts,0.8603206872940063,True
26874,Tshirts,2,35271,Tops,0.8579554557800293,False
26874,Tshirts,3,35269,Tshirts,0.8535374999046326,True
26874,Tshirts,4,58495,Tops,0.8486124277114868,False
26874,Tshirts,5,14119,Tshirts,0.8470436334609985,True
26874,Tshirts,6,34427,Tshirts,0.8425123691558838,True
26874,Tshirts,7,51449,Tops,0.8405645489692688,False
26874,Tshirts,8,38856,Tops,0.8405407667160034,False
26874,Tshirts,9,40420,Tops,0.8403225541114807,False
26874,Tshirts,10,16828,Tshirts,0.840316653251648,True
41972,Tops,1,40158,Tops,1.0000003576278687,True
41972,Tops,2,41971,Tops,1.0000003576278687,True
41972,Tops,3,43041,Tops,0.8138906359672546,True
41972,Tops,4,40159,Tops,0.8138906359672546,True
41972,Tops,5,43042,Tops,0.8138906359672546,True
41972,Tops,6,41756,Tops,0.7911511063575745,True
41972,Tops,7,43688,Tops,0.7911511063575745,True
41972,Tops,8,43687,Tops,0.7911511063575745,True
41972,Tops,9,35895,Clothing Set,0.7383834719657898,False
41972,Tops,10,40943,Tops,0.7075653076171875,True
46965,Handbags,1,42838,Handbags,0.8437271118164062,True
46965,Handbags,2,21539,Handbags,0.8393235206604004,True
46965,Handbags,3,43271,Handbags,0.8335312008857727,True
46965,Handbags,4,21957,Handbags,0.8246710300445557,True
46965,Handbags,5,47372,Handbags,0.81955486536026,True
46965,Handbags,6,47928,Handbags,0.8187068700790405,True
46965,Handbags,7,58268,Handbags,0.8174545168876648,True
46965,Handbags,8,10252,Handbags,0.8151261210441589,True
46965,Handbags,9,25161,Handbags,0.8108845949172974,True
46965,Handbags,10,46966,Handbags,0.8098607659339905,True
53440,Sports Shoes,1,28599,Sports Shoes,0.7885741591453552,True
53440,Sports Shoes,2,31952,Sports Shoes,0.7756237387657166,True
53440,Sports Shoes,3,7807,Casual Shoes,0.7601526975631714,False
53440,Sports Shoes,4,23862,Sports Shoes,0.7476977109909058,True
53440,Sports Shoes,5,9400,Sports Shoes,0.7435476183891296,True
53440,Sports Shoes,6,42034,Sports Shoes,0.7388008832931519,True
53440,Sports Shoes,7,35426,Sports Shoes,0.7253702282905579,True
53440,Sports Shoes,8,15719,Sports Shoes,0.7253052592277527,True
53440,Sports Shoes,9,4494,Sports Shoes,0.7228186130523682,True
53440,Sports Shoes,10,36220,Sports Shoes,0.7204822897911072,True
15631,Track Pants,1,53248,Trousers,0.8526233434677124,False
15631,Track Pants,2,44914,Track Pants,0.846809446811676,True
15631,Track Pants,3,42113,Track Pants,0.8355576992034912,True
15631,Track Pants,4,51332,Rain Trousers,0.8350082635879517,False
15631,Track Pants,5,43521,Trousers,0.8336032629013062,False
15631,Track Pants,6,11308,Jeans,0.8254745602607727,False
15631,Track Pants,7,26132,Trousers,0.824163019657135,False
15631,Track Pants,8,44912,Track Pants,0.823256254196167,True
15631,Track Pants,9,32585,Trousers,0.822134256362915,False
15631,Track Pants,10,48395,Trousers,0.8204116821289062,False
54475,Handbags,1,29742,Handbags,0.8131800889968872,True
54475,Handbags,2,47368,Handbags,0.7714751958847046,True
54475,Handbags,3,21562,Handbags,0.7674578428268433,True
54475,Handbags,4,1598,Handbags,0.7576404213905334,True
54475,Handbags,5,29743,Handbags,0.7561364769935608,True
54475,Handbags,6,58280,Handbags,0.7452956438064575,True
54475,Handbags,7,20501,Handbags,0.7448405027389526,True
54475,Handbags,8,34555,Handbags,0.7433832287788391,True
54475,Handbags,9,21989,Handbags,0.7375001907348633,True
54475,Handbags,10,38471,Handbags,0.7343516945838928,True
55137,Nail Polish,1,55134,Nail Polish,0.9642261266708374,True
55137,Nail Polish,2,55127,Nail Polish,0.9556518793106079,True
55137,Nail Polish,3,55122,Nail Polish,0.9465252161026001,True
55137,Nail Polish,4,55128,Nail Polish,0.9449207186698914,True
55137,Nail Polish,5,55129,Nail Polish,0.9403803944587708,True
55137,Nail Polish,6,55124,Nail Polish,0.938179612159729,True
55137,Nail Polish,7,55120,Nail Polish,0.9283910393714905,True
55137,Nail Polish,8,55143,Nail Polish,0.9233694076538086,True
55137,Nail Polish,9,55126,Nail Polish,0.9177820086479187,True
55137,Nail Polish,10,55125,Nail Polish,0.9145070910453796,True
26258,Track Pants,1,26259,Track Pants,0.9481478929519653,True
26258,Track Pants,2,27904,Trousers,0.9361023902893066,False
26258,Track Pants,3,27911,Trousers,0.9355018138885498,False
26258,Track Pants,4,26254,Track Pants,0.9351508021354675,True
26258,Track Pants,5,29849,Trousers,0.9342049956321716,False
26258,Track Pants,6,27608,Trousers,0.9303973913192749,False
26258,Track Pants,7,27605,Trousers,0.9303886294364929,False
26258,Track Pants,8,19573,Track Pants,0.9282247424125671,True
26258,Track Pants,9,26316,Track Pants,0.9278504252433777,True
26258,Track Pants,10,27609,Trousers,0.9275771379470825,False
35019,Stoles,1,35004,Stoles,0.8260263204574585,True
35019,Stoles,2,34922,Dupatta,0.8226137757301331,False
35019,Stoles,3,35003,Stoles,0.8148703575134277,True
35019,Stoles,4,35005,Stoles,0.8114991188049316,True
35019,Stoles,5,35000,Stoles,0.7907305359840393,True
35019,Stoles,6,34974,Stoles,0.7870770692825317,True
35019,Stoles,7,34918,Dupatta,0.7857597470283508,False
35019,Stoles,8,35010,Stoles,0.7799363732337952,True
35019,Stoles,9,35001,Stoles,0.778076171875,True
35019,Stoles,10,35013,Stoles,0.7713806629180908,True
49765,Kurtas,1,32216,Kurtas,0.8084322810173035,True
49765,Kurtas,2,42651,Kurtas,0.801034688949585,True
49765,Kurtas,3,30883,Kurtas,0.8007714152336121,True
49765,Kurtas,4,54711,Kurtas,0.7946640253067017,True
49765,Kurtas,5,42522,Kurtas,0.7853236794471741,True
49765,Kurtas,6,21897,Kurtas,0.7809358835220337,True
49765,Kurtas,7,22100,Kurtas,0.7759963274002075,True
49765,Kurtas,8,42655,Kurtas,0.7709522247314453,True
49765,Kurtas,9,42654,Kurtas,0.7684525847434998,True
49765,Kurtas,10,47010,Kurtas,0.7670285701751709,True
34769,Handbags,1,47133,Handbags,0.9866635203361511,True
34769,Handbags,2,47132,Handbags,0.9784447550773621,True
34769,Handbags,3,34768,Handbags,0.9667028188705444,True
34769,Handbags,4,47128,Handbags,0.645950198173523,True
34769,Handbags,5,42886,Handbags,0.6344595551490784,True
34769,Handbags,6,34765,Handbags,0.6160918474197388,True
34769,Handbags,7,50951,Jeans,0.5845837593078613,False
34769,Handbags,8,34766,Handbags,0.5726367235183716,True
34769,Handbags,9,47417,Handbags,0.5714651346206665,True
34769,Handbags,10,5439,Tshirts,0.5595470070838928,False
34335,Tshirts,1,34330,Tshirts,0.8759692311286926,True
34335,Tshirts,2,34331,Tshirts,0.8751737475395203,True
34335,Tshirts,3,34344,Tshirts,0.8661932349205017,True
34335,Tshirts,4,10062,Tshirts,0.862316370010376,True
34335,Tshirts,5,19459,Tshirts,0.8603430390357971,True
34335,Tshirts,6,34333,Tshirts,0.8579224348068237,True
34335,Tshirts,7,34356,Tshirts,0.8538941144943237,True
34335,Tshirts,8,34347,Tshirts,0.85084468126297,True
34335,Tshirts,9,21394,Tshirts,0.8478798270225525,True
34335,Tshirts,10,7658,Tshirts,0.8455096483230591,True
34107,Tops,1,35444,Tops,1.000000238418579,True
34107,Tops,2,35445,Tops,1.000000238418579,True
34107,Tops,3,13294,Tops,0.8108609318733215,True
34107,Tops,4,13295,Tops,0.8108609318733215,True
34107,Tops,5,39835,Tops,0.8004978895187378,True
34107,Tops,6,36728,Tops,0.8004978895187378,True
34107,Tops,7,39836,Tops,0.8004978895187378,True
34107,Tops,8,10694,Tops,0.7832233309745789,True
34107,Tops,9,36727,Tops,0.7813125252723694,True
34107,Tops,10,34164,Tops,0.746432900428772,True
5157,Tshirts,1,5189,Tshirts,0.7755738496780396,True
5157,Tshirts,2,3123,Tshirts,0.7279559373855591,True
5157,Tshirts,3,5193,Tshirts,0.7217828035354614,True
5157,Tshirts,4,10880,Tshirts,0.7176297903060913,True
5157,Tshirts,5,6589,Tshirts,0.7145746350288391,True
5157,Tshirts,6,3337,Tshirts,0.7094026803970337,True
5157,Tshirts,7,4405,Tshirts,0.7018876075744629,True
5157,Tshirts,8,4403,Tshirts,0.6976925134658813,True
5157,Tshirts,9,23642,Tshirts,0.6974183917045593,True
5157,Tshirts,10,4374,Tshirts,0.6972616910934448,True
48476,Dresses,1,12086,Kurtas,0.8460958003997803,False
48476,Dresses,2,48473,Dresses,0.8281641602516174,True
48476,Dresses,3,15842,Kurtas,0.8186743259429932,False
48476,Dresses,4,59400,Tops,0.8164107799530029,False
48476,Dresses,5,57035,Dresses,0.8136013746261597,True
48476,Dresses,6,58506,Dresses,0.8114696741104126,True
48476,Dresses,7,6872,Dresses,0.8102364540100098,True
48476,Dresses,8,38838,Dresses,0.8090334534645081,True
48476,Dresses,9,48486,Dresses,0.8063768744468689,True
48476,Dresses,10,57052,Dresses,0.8042919039726257,True
46723,Perfume and Body Mist,1,44028,Perfume and Body Mist,0.7139639854431152,True
46723,Perfume and Body Mist,2,46772,Perfume and Body Mist,0.7025429606437683,True
46723,Perfume and Body Mist,3,57689,Face Moisturisers,0.6970884799957275,False
46723,Perfume and Body Mist,4,46945,Perfume and Body Mist,0.6958189010620117,True
46723,Perfume and Body Mist,5,44128,Perfume and Body Mist,0.6924351453781128,True
46723,Perfume and Body Mist,6,46792,Perfume and Body Mist,0.6908544898033142,True
46723,Perfume and Body Mist,7,45690,Perfume and Body Mist,0.6899715065956116,True
46723,Perfume and Body Mist,8,57760,Face Wash and Cleanser,0.6841906905174255,False
46723,Perfume and Body Mist,9,18470,Perfume and Body Mist,0.6778696775436401,True
46723,Perfume and Body Mist,10,57801,Face Wash and Cleanser,0.67750483751297,False
22266,Heels,1,13144,Heels,0.8230482339859009,True
22266,Heels,2,20776,Flats,0.7890489101409912,False
22266,Heels,3,5477,Flip Flops,0.7743017077445984,False
22266,Heels,4,24662,Casual Shoes,0.7613609433174133,False
22266,Heels,5,22262,Heels,0.761255145072937,True
22266,Heels,6,4733,Casual Shoes,0.7566405534744263,False
22266,Heels,7,54133,Heels,0.7421380877494812,True
22266,Heels,8,45414,Flats,0.7410812377929688,False
22266,Heels,9,13033,Heels,0.7404787540435791,True
22266,Heels,10,47563,Heels,0.7380712628364563,True
57463,Belts,1,58204,Belts,0.8936397433280945,True
57463,Belts,2,51768,Belts,0.8925409317016602,True
57463,Belts,3,41256,Belts,0.8690170645713806,True
57463,Belts,4,51770,Belts,0.8680953979492188,True
57463,Belts,5,50835,Belts,0.8617171049118042,True
57463,Belts,6,48118,Belts,0.8581072092056274,True
57463,Belts,7,38381,Belts,0.8578345775604248,True
57463,Belts,8,28595,Belts,0.8532202243804932,True
57463,Belts,9,50829,Belts,0.8519991040229797,True
57463,Belts,10,58205,Belts,0.849916398525238,True
20531,Wallets,1,20483,Wallets,0.7139033079147339,True
20531,Wallets,2,20484,Wallets,0.7120539546012878,True
20531,Wallets,3,20530,Wallets,0.6568304300308228,True
20531,Wallets,4,27949,Trunk,0.6324907541275024,False
20531,Wallets,5,42836,Clutches,0.6297029256820679,False
20531,Wallets,6,18680,Trunk,0.6287471652030945,False
20531,Wallets,7,27947,Trunk,0.6278132200241089,False
20531,Wallets,8,27948,Trunk,0.6269893646240234,False
20531,Wallets,9,10654,Skirts,0.6264541149139404,False
20531,Wallets,10,10655,Skirts,0.6264541149139404,False
37324,Watches,1,46449,Watches,0.780952513217926,True
37324,Watches,2,45128,Watches,0.7645329236984253,True
37324,Watches,3,43149,Watches,0.7588350772857666,True
37324,Watches,4,32286,Watches,0.7560477256774902,True
37324,Watches,5,29492,Watches,0.7528183460235596,True
37324,Watches,6,37300,Watches,0.7488967180252075,True
37324,Watches,7,19254,Watches,0.7461459636688232,True
37324,Watches,8,51634,Watches,0.7460734844207764,True
37324,Watches,9,45115,Watches,0.7444686889648438,True
37324,Watches,10,28432,Watches,0.7329360246658325,True
27384,Night suits,1,27386,Night suits,0.9392542839050293,True
27384,Night suits,2,27385,Night suits,0.9044378995895386,True
27384,Night suits,3,36250,Night suits,0.8555236458778381,True
27384,Night suits,4,56268,Night suits,0.855434000492096,True
27384,Night suits,5,36252,Night suits,0.8527289628982544,True
27384,Night suits,6,36256,Night suits,0.8506611585617065,True
27384,Night suits,7,36259,Night suits,0.8410098552703857,True
27384,Night suits,8,36258,Night suits,0.8363920450210571,True
27384,Night suits,9,56258,Night suits,0.8357946872711182,True
27384,Night suits,10,36255,Night suits,0.829826295375824,True
10734,Handbags,1,10733,Handbags,0.8655211329460144,True
10734,Handbags,2,10735,Handbags,0.8651402592658997,True
10734,Handbags,3,47295,Handbags,0.8622116446495056,True
10734,Handbags,4,10736,Handbags,0.8487337827682495,True
10734,Handbags,5,58274,Handbags,0.810806155204773,True
10734,Handbags,6,37414,Handbags,0.8037495017051697,True
10734,Handbags,7,25220,Handbags,0.8010991811752319,True
10734,Handbags,8,27722,Handbags,0.8001844882965088,True
10734,Handbags,9,10225,Handbags,0.7969461679458618,True
10734,Handbags,10,25155,Handbags,0.7964657545089722,True
51599,Jeggings,1,51597,Jeggings,0.9367565512657166,True
51599,Jeggings,2,51589,Jeggings,0.9195206761360168,True
51599,Jeggings,3,39380,Jeans,0.9113903045654297,False
51599,Jeggings,4,43489,Jeans,0.9098482131958008,False
51599,Jeggings,5,50953,Jeans,0.9095795750617981,False
51599,Jeggings,6,11302,Jeans,0.9091690182685852,False
51599,Jeggings,7,11304,Jeans,0.9085067510604858,False
51599,Jeggings,8,11294,Jeans,0.9079060554504395,False
51599,Jeggings,9,27926,Jeans,0.9058345556259155,False
51599,Jeggings,10,40371,Jeans,0.9050292372703552,False
44877,Tshirts,1,44851,Tshirts,0.9064795970916748,True
44877,Tshirts,2,42172,Tshirts,0.9050834774971008,True
44877,Tshirts,3,40100,Tshirts,0.9035121202468872,True
44877,Tshirts,4,28677,Tshirts,0.899541437625885,True
44877,Tshirts,5,1995,Tshirts,0.8965474367141724,True
44877,Tshirts,6,44894,Tshirts,0.8963149785995483,True
44877,Tshirts,7,27259,Tops,0.8935630321502686,False
44877,Tshirts,8,24969,Tshirts,0.8930248618125916,True
44877,Tshirts,9,8550,Tshirts,0.8923637866973877,True
44877,Tshirts,10,18616,Tshirts,0.8921962976455688,True
29221,Socks,1,58638,Socks,0.7653263211250305,True
29221,Socks,2,19494,Socks,0.7525233030319214,True
29221,Socks,3,29111,Socks,0.7488653063774109,True
29221,Socks,4,15549,Socks,0.7323994040489197,True
29221,Socks,5,32031,Socks,0.7309035658836365,True
29221,Socks,6,18592,Socks,0.7266726493835449,True
29221,Socks,7,18580,Socks,0.7266726493835449,True
29221,Socks,8,43560,Socks,0.719391405582428,True
29221,Socks,9,30543,Socks,0.7186382412910461,True
29221,Socks,10,58312,Socks,0.7093594074249268,True
2981,Tshirts,1,3100,Tshirts,0.8266817331314087,True
2981,Tshirts,2,31582,Tshirts,0.820792555809021,True
2981,Tshirts,3,40096,Tshirts,0.813381016254425,True
2981,Tshirts,4,36245,Tshirts,0.8052030205726624,True
2981,Tshirts,5,2478,Tshirts,0.8051594495773315,True
2981,Tshirts,6,18501,Tshirts,0.8039462566375732,True
2981,Tshirts,7,1938,Tshirts,0.8029718399047852,True
2981,Tshirts,8,26715,Tshirts,0.8011080026626587,True
2981,Tshirts,9,9182,Tshirts,0.7993863224983215,True
2981,Tshirts,10,2851,Tshirts,0.7963441014289856,True
23181,Shirts,1,22373,Shirts,0.8918905258178711,True
23181,Shirts,2,26799,Shirts,0.872423529624939,True
23181,Shirts,3,22379,Shirts,0.8622909784317017,True
23181,Shirts,4,15578,Shirts,0.8508692979812622,True
23181,Shirts,5,21023,Shirts,0.8507916927337646,True
23181,Shirts,6,22372,Shirts,0.8506478071212769,True
23181,Shirts,7,26077,Shirts,0.8474917411804199,True
23181,Shirts,8,22381,Shirts,0.8461047410964966,True
23181,Shirts,9,17575,Shirts,0.8435771465301514,True
23181,Shirts,10,26390,Shirts,0.8433442115783691,True
43064,Tshirts,1,38640,Tshirts,0.8948607444763184,True
43064,Tshirts,2,44223,Tshirts,0.8938504457473755,True
43064,Tshirts,3,44219,Tshirts,0.8824501037597656,True
43064,Tshirts,4,3614,Tshirts,0.878089189529419,True
43064,Tshirts,5,1910,Tshirts,0.8774480819702148,True
43064,Tshirts,6,15348,Tshirts,0.876541018486023,True
43064,Tshirts,7,31455,Tshirts,0.8740509748458862,True
43064,Tshirts,8,44220,Tshirts,0.8687177300453186,True
43064,Tshirts,9,14001,Tshirts,0.8640869855880737,True
43064,Tshirts,10,2283,Tshirts,0.8639089465141296,True
31212,Sports Shoes,1,33852,Casual Shoes,0.7322927117347717,False
31212,Sports Shoes,2,33763,Casual Shoes,0.716299295425415,False
31212,Sports Shoes,3,28661,Sports Shoes,0.7154749631881714,True
31212,Sports Shoes,4,15720,Sports Shoes,0.7052191495895386,True
31212,Sports Shoes,5,6677,Sports Shoes,0.7051473259925842,True
31212,Sports Shoes,6,35679,Casual Shoes,0.7041367292404175,False
31212,Sports Shoes,7,22726,Sports Shoes,0.7008762359619141,True
31212,Sports Shoes,8,22701,Sports Shoes,0.6997928619384766,True
31212,Sports Shoes,9,9092,Sports Shoes,0.6993722915649414,True
31212,Sports Shoes,10,6746,Sports Shoes,0.6977659463882446,True
43400,Socks,1,46869,Socks,0.7007611393928528,True
43400,Socks,2,46867,Socks,0.6838644742965698,True
43400,Socks,3,46868,Socks,0.6772660613059998,True
43400,Socks,4,18218,Socks,0.6694628000259399,True
43400,Socks,5,35242,Socks,0.6633661985397339,True
43400,Socks,6,46878,Socks,0.6496574282646179,True
43400,Socks,7,17395,Socks,0.6378316879272461,True
43400,Socks,8,17788,Socks,0.6294132471084595,True
43400,Socks,9,17794,Socks,0.6224976778030396,True
43400,Socks,10,40237,Socks,0.6197136640548706,True
18798,Handbags,1,18799,Handbags,0.6229645609855652,True
18798,Handbags,2,14885,Handbags,0.6087480783462524,True
18798,Handbags,3,33454,Handbags,0.6042088270187378,True
18798,Handbags,4,27740,Handbags,0.601124107837677,True
18798,Handbags,5,20579,Mobile Pouch,0.5996617674827576,False
18798,Handbags,6,36655,Handbags,0.5919802188873291,True
18798,Handbags,7,58925,Handbags,0.5892049074172974,True
18798,Handbags,8,15929,Backpacks,0.5867905616760254,False
18798,Handbags,9,20616,Handbags,0.5858221054077148,True
18798,Handbags,10,25189,Handbags,0.5838286280632019,True
29642,Shirts,1,31644,Shirts,0.9999998211860657,True
29642,Shirts,2,12319,Shirts,0.9201278686523438,True
29642,Shirts,3,27555,Shirts,0.9183695912361145,True
29642,Shirts,4,11162,Shirts,0.9045296907424927,True
29642,Shirts,5,11161,Shirts,0.9045296907424927,True
29642,Shirts,6,15969,Shirts,0.8928786516189575,True
29642,Shirts,7,12277,Shirts,0.8863260746002197,True
29642,Shirts,8,12945,Shirts,0.8795875310897827,True
29642,Shirts,9,12326,Shirts,0.8756585717201233,True
29642,Shirts,10,43030,Shirts,0.8679465651512146,True
11088,Shirts,1,11087,Shirts,0.9999997615814209,True
11088,Shirts,2,26414,Shirts,0.931312084197998,True
11088,Shirts,3,15971,Shirts,0.9145278334617615,True
11088,Shirts,4,15970,Shirts,0.9025440216064453,True
11088,Shirts,5,15086,Shirts,0.9020276069641113,True
11088,Shirts,6,18919,Shirts,0.9016053080558777,True
11088,Shirts,7,16456,Shirts,0.900985598564148,True
11088,Shirts,8,29838,Shirts,0.8997169733047485,True
11088,Shirts,9,13850,Shirts,0.8977686166763306,True
11088,Shirts,10,13849,Shirts,0.8977686166763306,True
47857,Handbags,1,10226,Handbags,0.8765593767166138,True
47857,Handbags,2,21964,Handbags,0.8658168911933899,True
47857,Handbags,3,21963,Handbags,0.8405307531356812,True
47857,Handbags,4,22004,Handbags,0.8377741575241089,True
47857,Handbags,5,27733,Handbags,0.8223684430122375,True
47857,Handbags,6,24766,Handbags,0.8219066262245178,True
47857,Handbags,7,27732,Handbags,0.8168680667877197,True
47857,Handbags,8,24623,Handbags,0.8119586110115051,True
47857,Handbags,9,21962,Handbags,0.8090757131576538,True
47857,Handbags,10,15437,Handbags,0.7922195196151733,True
7890,Track Pants,1,4829,Track Pants,0.9016153216362,True
7890,Track Pants,2,10719,Capris,0.8999638557434082,False
7890,Track Pants,3,7635,Track Pants,0.8961340188980103,True
7890,Track Pants,4,9083,Track Pants,0.8954614996910095,True
7890,Track Pants,5,7884,Track Pants,0.8919053077697754,True
7890,Track Pants,6,10259,Trousers,0.8887773752212524,False
7890,Track Pants,7,1884,Track Pants,0.8882732391357422,True
7890,Track Pants,8,2306,Capris,0.8855600953102112,False
7890,Track Pants,9,10262,Trousers,0.885025143623352,False
7890,Track Pants,10,10261,Trousers,0.8843147158622742,False
33922,Watches,1,45209,Watches,0.7794396281242371,True
33922,Watches,2,45924,Watches,0.7750695943832397,True
33922,Watches,3,46448,Watches,0.7512352466583252,True
33922,Watches,4,45923,Watches,0.751092791557312,True
33922,Watches,5,45123,Watches,0.7437498569488525,True
33922,Watches,6,45288,Watches,0.743276834487915,True
33922,Watches,7,45210,Watches,0.7028952240943909,True
33922,Watches,8,26328,Watches,0.6997715830802917,True
33922,Watches,9,58828,Watches,0.6960947513580322,True
33922,Watches,10,46501,Watches,0.6942332983016968,True
28556,Tshirts,1,28557,Tshirts,0.8276197910308838,True
28556,Tshirts,2,28543,Tshirts,0.808557391166687,True
28556,Tshirts,3,28542,Tshirts,0.791682243347168,True
28556,Tshirts,4,32653,Tshirts,0.7729576230049133,True
28556,Tshirts,5,30649,Tshirts,0.7560643553733826,True
28556,Tshirts,6,5442,Tshirts,0.7544049620628357,True
28556,Tshirts,7,15327,Tshirts,0.7506656646728516,True
28556,Tshirts,8,14018,Tshirts,0.7467491626739502,True
28556,Tshirts,9,9990,Tshirts,0.7428994178771973,True
28556,Tshirts,10,10022,Tshirts,0.7386547327041626,True
34539,Formal Shoes,1,34533,Formal Shoes,0.8385602235794067,True
34539,Formal Shoes,2,35493,Formal Shoes,0.8347969055175781,True
34539,Formal Shoes,3,35482,Formal Shoes,0.8336473703384399,True
34539,Formal Shoes,4,33703,Formal Shoes,0.8296346664428711,True
34539,Formal Shoes,5,33700,Formal Shoes,0.8216270804405212,True
34539,Formal Shoes,6,33698,Formal Shoes,0.8165166974067688,True
34539,Formal Shoes,7,33708,Formal Shoes,0.8132342100143433,True
34539,Formal Shoes,8,20872,Formal Shoes,0.8124140501022339,True
34539,Formal Shoes,9,35416,Formal Shoes,0.8090252876281738,True
34539,Formal Shoes,10,33349,Formal Shoes,0.8066904544830322,True
11028,Tunics,1,11015,Tunics,0.8229302167892456,True
11028,Tunics,2,16037,Shirts,0.8009251952171326,False
11028,Tunics,3,20142,Shirts,0.7985475063323975,False
11028,Tunics,4,16817,Shirts,0.798158586025238,False
11028,Tunics,5,16050,Shirts,0.7941760420799255,False
11028,Tunics,6,31043,Shirts,0.790534257888794,False
11028,Tunics,7,10474,Shirts,0.7882640361785889,False
11028,Tunics,8,25699,Tops,0.7874377369880676,False
11028,Tunics,9,32204,Kurtas,0.786432147026062,False
11028,Tunics,10,19837,Shirts,0.7840349078178406,False
47000,Kurtas,1,12151,Kurtis,0.8610693216323853,False
47000,Kurtas,2,54550,Kurtas,0.8160464763641357,True
47000,Kurtas,3,21890,Kurtas,0.8129594326019287,True
47000,Kurtas,4,47038,Kurtas,0.8095906972885132,True
47000,Kurtas,5,23236,Kurtas,0.8060710430145264,True
47000,Kurtas,6,25828,Kurtas,0.8054736852645874,True
47000,Kurtas,7,30939,Kurtis,0.8003285527229309,False
47000,Kurtas,8,45748,Kurtas,0.8002897500991821,True
47000,Kurtas,9,12152,Kurtis,0.7871166467666626,False
47000,Kurtas,10,23313,Kurtas,0.7866293787956238,True
1798,Tshirts,1,1966,Tshirts,0.9238145351409912,True
1798,Tshirts,2,17881,Innerwear Vests,0.9038386344909668,False
1798,Tshirts,3,13107,Tshirts,0.9012890458106995,True
1798,Tshirts,4,2324,Tshirts,0.8980311155319214,True
1798,Tshirts,5,13569,Innerwear Vests,0.8963427543640137,False
1798,Tshirts,6,2564,Tops,0.8959051370620728,False
1798,Tshirts,7,45663,Innerwear Vests,0.8910026550292969,False
1798,Tshirts,8,28145,Innerwear Vests,0.8903789520263672,False
1798,Tshirts,9,13570,Innerwear Vests,0.8864600658416748,False
1798,Tshirts,10,2556,Tshirts,0.8851126432418823,True
48084,Dresses,1,43633,Dresses,0.7686631679534912,True
48084,Dresses,2,57030,Tops,0.7153313755989075,False
48084,Dresses,3,37929,Dresses,0.6879785060882568,True
48084,Dresses,4,43513,Dresses,0.6793439984321594,True
48084,Dresses,5,48523,Jumpsuit,0.666064441204071,False
48084,Dresses,6,42245,Tops,0.6632460951805115,False
48084,Dresses,7,54564,Kurtas,0.6626679301261902,False
48084,Dresses,8,40632,Kurtas,0.6589604616165161,False
48084,Dresses,9,57123,Tops,0.656239926815033,False
48084,Dresses,10,42239,Tunics,0.6539821028709412,False
2579,Shorts,1,7514,Capris,0.776986837387085,False
2579,Shorts,2,32637,Capris,0.7688460350036621,False
2579,Shorts,3,7493,Capris,0.7351163029670715,False
2579,Shorts,4,2574,Shorts,0.7302166223526001,True
2579,Shorts,5,43077,Capris,0.7280200719833374,False
2579,Shorts,6,11129,Track Pants,0.7172788381576538,False
2579,Shorts,7,28522,Capris,0.7053847312927246,False
2579,Shorts,8,17925,Capris,0.7017209529876709,False
2579,Shorts,9,30613,Capris,0.6993422508239746,False
2579,Shorts,10,21593,Capris,0.672738254070282,False
31241,Tshirts,1,31284,Tshirts,0.9419276714324951,True
31241,Tshirts,2,31236,Tshirts,0.91078782081604,True
31241,Tshirts,3,53535,Briefs,0.9077408909797668,False
31241,Tshirts,4,56297,Briefs,0.8676562309265137,False
31241,Tshirts,5,56305,Briefs,0.8637834787368774,False
31241,Tshirts,6,56309,Briefs,0.8635813593864441,False
31241,Tshirts,7,53530,Briefs,0.8542753458023071,False
31241,Tshirts,8,51835,Briefs,0.853821337223053,False
31241,Tshirts,9,56308,Briefs,0.8533557057380676,False
31241,Tshirts,10,31906,Briefs,0.8520694375038147,False
4483,Casual Shoes,1,4482,Sports Shoes,0.7934182286262512,False
4483,Casual Shoes,2,41451,Casual Shoes,0.7245802879333496,True
4483,Casual Shoes,3,5471,Sports Shoes,0.7180643677711487,False
4483,Casual Shoes,4,4484,Sports Shoes,0.7154430150985718,False
4483,Casual Shoes,5,26628,Casual Shoes,0.7136746644973755,True
4483,Casual Shoes,6,6676,Sports Shoes,0.7079022526741028,False
4483,Casual Shoes,7,3657,Casual Shoes,0.7049364447593689,True
4483,Casual Shoes,8,4340,Casual Shoes,0.7030982971191406,True
4483,Casual Shoes,9,4577,Sports Shoes,0.6969499588012695,False
4483,Casual Shoes,10,4527,Sports Shoes,0.6934617161750793,False
32292,Watches,1,32293,Watches,0.7645879983901978,True
32292,Watches,2,25606,Watches,0.7528282403945923,True
32292,Watches,3,32334,Watches,0.7314509153366089,True
32292,Watches,4,29457,Watches,0.7308255434036255,True
32292,Watches,5,54663,Watches,0.7274047136306763,True
32292,Watches,6,46467,Watches,0.7270090579986572,True
32292,Watches,7,46541,Watches,0.7200459241867065,True
32292,Watches,8,43149,Watches,0.7163977026939392,True
32292,Watches,9,46441,Watches,0.712340235710144,True
32292,Watches,10,30070,Watches,0.7105031609535217,True
37142,Shirts,1,27561,Shirts,0.8802579045295715,True
37142,Shirts,2,37731,Shirts,0.879340648651123,True
37142,Shirts,3,25003,Shirts,0.8686438798904419,True
37142,Shirts,4,21596,Shirts,0.8628593683242798,True
37142,Shirts,5,19715,Shirts,0.8606749773025513,True
37142,Shirts,6,20167,Shirts,0.8595255017280579,True
37142,Shirts,7,11686,Shirts,0.8586628437042236,True
37142,Shirts,8,37726,Shirts,0.8581143021583557,True
37142,Shirts,9,12663,Shirts,0.8580127358436584,True
37142,Shirts,10,20022,Shirts,0.8577163219451904,True
28996,Tshirts,1,23670,Tshirts,0.8921986818313599,True
28996,Tshirts,2,10882,Tshirts,0.8731324076652527,True
28996,Tshirts,3,27361,Tshirts,0.8639698028564453,True
28996,Tshirts,4,3988,Tshirts,0.8635598421096802,True
28996,Tshirts,5,7666,Tshirts,0.8598999977111816,True
28996,Tshirts,6,8269,Tshirts,0.8576171398162842,True
28996,Tshirts,7,8295,Tshirts,0.8568800091743469,True
28996,Tshirts,8,1844,Tshirts,0.8562944531440735,True
28996,Tshirts,9,12655,Tshirts,0.8554801344871521,True
28996,Tshirts,10,4791,Tshirts,0.8544913530349731,True
51162,Socks,1,36373,Socks,0.9449517726898193,True
51162,Socks,2,36372,Socks,0.9386734962463379,True
51162,Socks,3,51345,Socks,0.9353199601173401,True
51162,Socks,4,51348,Socks,0.9207500219345093,True
51162,Socks,5,36387,Socks,0.9178152680397034,True
51162,Socks,6,51166,Socks,0.9164025187492371,True
51162,Socks,7,51177,Socks,0.9139916300773621,True
51162,Socks,8,51344,Socks,0.9132094979286194,True
51162,Socks,9,36388,Socks,0.907653272151947,True
51162,Socks,10,36392,Socks,0.9064233303070068,True
18736,Dresses,1,18735,Dresses,0.8842192888259888,True
18736,Dresses,2,25847,Kurtis,0.8343328237533569,False
18736,Dresses,3,20103,Kurtas,0.8227671384811401,False
18736,Dresses,4,54694,Kurtas,0.8177341222763062,False
18736,Dresses,5,39480,Kurtis,0.8104180097579956,False
18736,Dresses,6,51447,Dresses,0.8025983572006226,True
18736,Dresses,7,18290,Kurtas,0.8023079633712769,False
18736,Dresses,8,39468,Kurtis,0.8014561533927917,False
18736,Dresses,9,39479,Kurtis,0.8004804849624634,False
18736,Dresses,10,54691,Kurtas,0.7921010255813599,False
16031,Shirts,1,16051,Shirts,0.9321857690811157,True
16031,Shirts,2,16485,Shirts,0.9170858860015869,True
16031,Shirts,3,8147,Shirts,0.9164872169494629,True
16031,Shirts,4,8153,Shirts,0.9150773286819458,True
16031,Shirts,5,8157,Shirts,0.9150732755661011,True
16031,Shirts,6,20314,Shirts,0.9138033390045166,True
16031,Shirts,7,16532,Shirts,0.9088230133056641,True
16031,Shirts,8,16472,Shirts,0.9078011512756348,True
16031,Shirts,9,8152,Shirts,0.9066157341003418,True
16031,Shirts,10,23205,Shirts,0.9057359099388123,True
57065,Tops,1,14520,Shirts,0.7984629273414612,False
57065,Tops,2,8890,Shirts,0.7925684452056885,False
57065,Tops,3,14511,Shirts,0.7923393249511719,False
57065,Tops,4,9066,Shirts,0.7812769412994385,False
57065,Tops,5,59451,Shirts,0.7775586843490601,False
57065,Tops,6,15914,Shirts,0.7723869681358337,False
57065,Tops,7,41665,Shirts,0.7698456645011902,False
57065,Tops,8,9071,Shirts,0.7689050436019897,False
57065,Tops,9,16341,Shirts,0.768523097038269,False
57065,Tops,10,15913,Shirts,0.7684706449508667,False
8278,Tshirts,1,24050,Tshirts,0.8722419142723083,True
8278,Tshirts,2,1869,Tshirts,0.8567908406257629,True
8278,Tshirts,3,21406,Tshirts,0.845878005027771,True
8278,Tshirts,4,10846,Tshirts,0.8439221382141113,True
8278,Tshirts,5,12626,Tshirts,0.8381123542785645,True
8278,Tshirts,6,17249,Tshirts,0.8342530727386475,True
8278,Tshirts,7,3764,Tshirts,0.8311572074890137,True
8278,Tshirts,8,10874,Tshirts,0.8279691934585571,True
8278,Tshirts,9,8208,Tshirts,0.8245368003845215,True
8278,Tshirts,10,8290,Tshirts,0.8223463892936707,True
26234,Tshirts,1,18849,Tshirts,0.9334847331047058,True
26234,Tshirts,2,24059,Tshirts,0.9299476146697998,True
26234,Tshirts,3,18570,Tshirts,0.929563045501709,True
26234,Tshirts,4,26716,Tshirts,0.928422212600708,True
26234,Tshirts,5,13153,Tshirts,0.9208623170852661,True
26234,Tshirts,6,29580,Tshirts,0.9201971888542175,True
26234,Tshirts,7,29028,Tshirts,0.914950966835022,True
26234,Tshirts,8,8014,Tshirts,0.9133691191673279,True
26234,Tshirts,9,23167,Tshirts,0.9077854752540588,True
26234,Tshirts,10,11771,Tshirts,0.9069864749908447,True
17573,Shirts,1,17565,Shirts,0.9595071077346802,True
17573,Shirts,2,17576,Shirts,0.9586279392242432,True
17573,Shirts,3,17547,Shirts,0.9530056715011597,True
17573,Shirts,4,17568,Shirts,0.9508628845214844,True
17573,Shirts,5,17554,Shirts,0.9508048295974731,True
17573,Shirts,6,22406,Shirts,0.9479893445968628,True
17573,Shirts,7,17558,Shirts,0.9479532241821289,True
17573,Shirts,8,17541,Shirts,0.9474568963050842,True
17573,Shirts,9,22398,Shirts,0.945698618888855,True
17573,Shirts,10,17569,Shirts,0.9447475075721741,True
30735,Churidar,1,30734,Churidar,0.9425820708274841,True
30735,Churidar,2,30736,Churidar,0.872186541557312,True
30735,Churidar,3,30733,Churidar,0.7920949459075928,True
30735,Churidar,4,30929,Skirts,0.7197379469871521,False
30735,Churidar,5,30792,Lounge Pants,0.7163047790527344,False
30735,Churidar,6,41320,Leggings,0.7035032510757446,False
30735,Churidar,7,41317,Leggings,0.6917046308517456,False
30735,Churidar,8,46996,Kurtas,0.6601054668426514,False
30735,Churidar,9,52497,Bath Robe,0.6573370695114136,False
30735,Churidar,10,30715,Kurta Sets,0.6533641815185547,False
34395,Tshirts,1,34386,Tshirts,0.9018893837928772,True
34395,Tshirts,2,30314,Tshirts,0.8832075595855713,True
34395,Tshirts,3,34388,Tshirts,0.874884307384491,True
34395,Tshirts,4,34387,Tshirts,0.8596628904342651,True
34395,Tshirts,5,3197,Tshirts,0.8580213785171509,True
34395,Tshirts,6,24027,Tshirts,0.8579740524291992,True
34395,Tshirts,7,34320,Tshirts,0.8530813455581665,True
34395,Tshirts,8,30337,Tshirts,0.8515278100967407,True
34395,Tshirts,9,18851,Tshirts,0.8502823114395142,True
34395,Tshirts,10,34246,Tshirts,0.8454945087432861,True
23914,Casual Shoes,1,22097,Casual Shoes,0.8619635105133057,True
23914,Casual Shoes,2,24252,Casual Shoes,0.8532408475875854,True
23914,Casual Shoes,3,34821,Sports Shoes,0.8452045917510986,False
23914,Casual Shoes,4,19350,Casual Shoes,0.8451907634735107,True
23914,Casual Shoes,5,42035,Casual Shoes,0.8413773775100708,True
23914,Casual Shoes,6,39647,Casual Shoes,0.8413665294647217,True
23914,Casual Shoes,7,18674,Sports Shoes,0.839692234992981,False
23914,Casual Shoes,8,18363,Casual Shoes,0.8391149640083313,True
23914,Casual Shoes,9,23905,Casual Shoes,0.8370256423950195,True
23914,Casual Shoes,10,39990,Casual Shoes,0.8339754343032837,True
24100,Sandals,1,39829,Sandals,0.8216278553009033,True
24100,Sandals,2,20675,Casual Shoes,0.7964532375335693,False
24100,Sandals,3,12485,Sandals,0.7961469292640686,True
24100,Sandals,4,24687,Sandals,0.7923187017440796,True
24100,Sandals,5,9034,Casual Shoes,0.7886912822723389,False
24100,Sandals,6,15356,Sandals,0.7826129198074341,True
24100,Sandals,7,22826,Casual Shoes,0.7719101905822754,False
24100,Sandals,8,5682,Casual Shoes,0.7665770053863525,False
24100,Sandals,9,2987,Casual Shoes,0.7663050889968872,False
24100,Sandals,10,9707,Sandals,0.7637115716934204,True
47452,Flats,1,47450,Flats,0.8291550874710083,True
47452,Flats,2,33662,Sandals,0.8194434642791748,False
47452,Flats,3,47477,Flats,0.7848320007324219,True
47452,Flats,4,6817,Flip Flops,0.7725744247436523,False
47452,Flats,5,16177,Sandals,0.7715338468551636,False
47452,Flats,6,59017,Flip Flops,0.7609262466430664,False
47452,Flats,7,32514,Flip Flops,0.7589783668518066,False
47452,Flats,8,47221,Sandals,0.7578965425491333,False
47452,Flats,9,33663,Sandals,0.7544405460357666,False
47452,Flats,10,58334,Flip Flops,0.7524225115776062,False
54879,Necklace and Chains,1,54852,Necklace and Chains,0.7476673126220703,True
54879,Necklace and Chains,2,54859,Necklace and Chains,0.7188152074813843,True
54879,Necklace and Chains,3,46147,Necklace and Chains,0.7099353075027466,True
54879,Necklace and Chains,4,48341,Necklace and Chains,0.6969786882400513,True
54879,Necklace and Chains,5,54856,Necklace and Chains,0.695731520652771,True
54879,Necklace and Chains,6,46145,Necklace and Chains,0.6805019378662109,True
54879,Necklace and Chains,7,54850,Necklace and Chains,0.6752517223358154,True
54879,Necklace and Chains,8,46134,Necklace and Chains,0.6705528497695923,True
54879,Necklace and Chains,9,43707,Jewellery Set,0.6704630851745605,False
54879,Necklace and Chains,10,54882,Necklace and Chains,0.6697137355804443,True
15011,Track Pants,1,13109,Track Pants,0.9449008703231812,True
15011,Track Pants,2,17997,Track Pants,0.9429677128791809,True
15011,Track Pants,3,27608,Trousers,0.9410063624382019,False
15011,Track Pants,4,12953,Trousers,0.9407618045806885,False
15011,Track Pants,5,23870,Track Pants,0.9395732879638672,True
15011,Track Pants,6,21385,Track Pants,0.9389649033546448,True
15011,Track Pants,7,29851,Trousers,0.9385002851486206,False
15011,Track Pants,8,27605,Trousers,0.9350470304489136,False
15011,Track Pants,9,14693,Trousers,0.9330284595489502,False
15011,Track Pants,10,28825,Jeans,0.9322308897972107,False
3663,Sports Shoes,1,12881,Casual Shoes,0.8476600050926208,False
3663,Sports Shoes,2,6474,Casual Shoes,0.8319777250289917,False
3663,Sports Shoes,3,5686,Casual Shoes,0.8248332738876343,False
3663,Sports Shoes,4,35152,Sandals,0.8118095397949219,False
3663,Sports Shoes,5,34529,Casual Shoes,0.8098251819610596,False
3663,Sports Shoes,6,6450,Casual Shoes,0.8095200061798096,False
3663,Sports Shoes,7,5679,Casual Shoes,0.808894157409668,False
3663,Sports Shoes,8,7037,Casual Shoes,0.8046655058860779,False
3663,Sports Shoes,9,7041,Casual Shoes,0.8029022216796875,False
3663,Sports Shoes,10,6505,Formal Shoes,0.801052451133728,False
49158,Foundation and Primer,1,49159,Foundation and Primer,0.9884757399559021,True
49158,Foundation and Primer,2,49160,Foundation and Primer,0.9854444265365601,True
49158,Foundation and Primer,3,49161,Foundation and Primer,0.9831308126449585,True
49158,Foundation and Primer,4,49138,Foundation and Primer,0.8447034955024719,True
49158,Foundation and Primer,5,56546,Makeup Remover,0.7979111075401306,False
49158,Foundation and Primer,6,55087,Face Wash and Cleanser,0.7656233310699463,False
49158,Foundation and Primer,7,55086,Eye Cream,0.7560327053070068,False
49158,Foundation and Primer,8,56632,Face Wash and Cleanser,0.7421591281890869,False
49158,Foundation and Primer,9,56622,Face Moisturisers,0.7311687469482422,False
49158,Foundation and Primer,10,57758,Face Wash and Cleanser,0.7134565114974976,False
19628,Tshirts,1,19995,Tshirts,0.9821101427078247,True
19628,Tshirts,2,19994,Tshirts,0.9751224517822266,True
19628,Tshirts,3,19996,Tshirts,0.971710205078125,True
19628,Tshirts,4,19991,Tshirts,0.9697896242141724,True
19628,Tshirts,5,19159,Tshirts,0.9624338150024414,True
19628,Tshirts,6,29047,Tshirts,0.9340025186538696,True
19628,Tshirts,7,34241,Tshirts,0.9312487840652466,True
19628,Tshirts,8,7295,Tshirts,0.9286602139472961,True
19628,Tshirts,9,26281,Tshirts,0.9255680441856384,True
19628,Tshirts,10,23165,Tshirts,0.9253643155097961,True
22203,Sweatshirts,1,30806,Shirts,0.8647439479827881,False
22203,Sweatshirts,2,23146,Sweatshirts,0.822554886341095,True
22203,Sweatshirts,3,19559,Tshirts,0.8169413208961487,False
22203,Sweatshirts,4,1670,Tshirts,0.7987496852874756,False
22203,Sweatshirts,5,11685,Shirts,0.7984405755996704,False
22203,Sweatshirts,6,22472,Shirts,0.7975654602050781,False
22203,Sweatshirts,7,13728,Shirts,0.7968095541000366,False
22203,Sweatshirts,8,23119,Sweatshirts,0.7963746786117554,True
22203,Sweatshirts,9,18969,Sweaters,0.7959464192390442,False
22203,Sweatshirts,10,30780,Kurtas,0.7948075532913208,False
25277,Handbags,1,53060,Handbags,0.729515552520752,True
25277,Handbags,2,54494,Handbags,0.6554937958717346,True
25277,Handbags,3,14807,Handbags,0.6478517055511475,True
25277,Handbags,4,53070,Handbags,0.6448512077331543,True
25277,Handbags,5,21974,Handbags,0.6443940997123718,True
25277,Handbags,6,54501,Handbags,0.641429603099823,True
25277,Handbags,7,53059,Handbags,0.6395881175994873,True
25277,Handbags,8,52658,Handbags,0.6374890804290771,True
25277,Handbags,9,54506,Handbags,0.630319356918335,True
25277,Handbags,10,58173,Handbags,0.6163427233695984,True
23180,Shirts,1,17551,Shirts,0.9298025369644165,True
23180,Shirts,2,17544,Shirts,0.9253630042076111,True
23180,Shirts,3,17568,Shirts,0.9232267141342163,True
23180,Shirts,4,17535,Shirts,0.9204496741294861,True
23180,Shirts,5,17556,Shirts,0.9191223382949829,True
23180,Shirts,6,17569,Shirts,0.9175699949264526,True
23180,Shirts,7,17554,Shirts,0.9174216389656067,True
23180,Shirts,8,17561,Shirts,0.9174056053161621,True
23180,Shirts,9,17549,Shirts,0.9145163297653198,True
23180,Shirts,10,17567,Shirts,0.9134280681610107,True
36036,Handbags,1,36037,Handbags,0.7418267130851746,True
36036,Handbags,2,36038,Handbags,0.7410823106765747,True
36036,Handbags,3,36035,Handbags,0.7057140469551086,True
36036,Handbags,4,36060,Duffel Bag,0.6788085699081421,False
36036,Handbags,5,50426,Handbags,0.6716527342796326,True
36036,Handbags,6,36059,Duffel Bag,0.665921688079834,False
36036,Handbags,7,36057,Messenger Bag,0.6514440178871155,False
36036,Handbags,8,36056,Messenger Bag,0.650273323059082,False
36036,Handbags,9,42882,Handbags,0.6303821206092834,True
36036,Handbags,10,36062,Duffel Bag,0.6295185089111328,False
6524,Shorts,1,30639,Shorts,0.820590078830719,True
6524,Shorts,2,30606,Shorts,0.809157133102417,True
6524,Shorts,3,6525,Shorts,0.7783913612365723,True
6524,Shorts,4,15341,Shorts,0.7777315378189087,True
6524,Shorts,5,5451,Shorts,0.7701395750045776,True
6524,Shorts,6,7557,Shorts,0.7579939365386963,True
6524,Shorts,7,7497,Shorts,0.7502022385597229,True
6524,Shorts,8,7491,Shorts,0.7455589175224304,True
6524,Shorts,9,1619,Shorts,0.7425282597541809,True
6524,Shorts,10,22589,Shorts,0.7326278686523438,True
25283,Handbags,1,25175,Handbags,0.9018222689628601,True
25283,Handbags,2,25268,Handbags,0.8817223310470581,True
25283,Handbags,3,25237,Handbags,0.8201045989990234,True
25283,Handbags,4,25282,Handbags,0.7961549758911133,True
25283,Handbags,5,25236,Handbags,0.7932375073432922,True
25283,Handbags,6,54823,Laptop Bag,0.6731607913970947,False
25283,Handbags,7,17121,Handbags,0.6702193021774292,True
25283,Handbags,8,43227,Handbags,0.6689466238021851,True
25283,Handbags,9,46979,Handbags,0.6644701361656189,True
25283,Handbags,10,48190,Handbags,0.6610717177391052,True
27349,Tshirts,1,27350,Tshirts,0.8877552151679993,True
27349,Tshirts,2,19671,Tshirts,0.8743773698806763,True
27349,Tshirts,3,31794,Tshirts,0.8699303269386292,True
27349,Tshirts,4,22226,Tshirts,0.8651132583618164,True
27349,Tshirts,5,24616,Tshirts,0.863892138004303,True
27349,Tshirts,6,21445,Tshirts,0.8631812334060669,True
27349,Tshirts,7,8204,Tshirts,0.8609386682510376,True
27349,Tshirts,8,19676,Tops,0.8607114553451538,False
27349,Tshirts,9,24975,Tops,0.8587067723274231,False
27349,Tshirts,10,19006,Tshirts,0.8584822416305542,True
8223,Backpacks,1,2263,Backpacks,0.6402908563613892,True
8223,Backpacks,2,5258,Backpacks,0.63227379322052,True
8223,Backpacks,3,2261,Backpacks,0.6317500472068787,True
8223,Backpacks,4,53373,Backpacks,0.6279529333114624,True
8223,Backpacks,5,7117,Backpacks,0.6128215789794922,True
8223,Backpacks,6,19317,Backpacks,0.6088884472846985,True
8223,Backpacks,7,7099,Handbags,0.60291588306427,False
8223,Backpacks,8,22653,Backpacks,0.6021391153335571,True
8223,Backpacks,9,12742,Backpacks,0.6010401248931885,True
8223,Backpacks,10,17149,Backpacks,0.6007546186447144,True
29015,Tshirts,1,27369,Tshirts,0.9338539838790894,True
29015,Tshirts,2,18981,Tshirts,0.9127147197723389,True
29015,Tshirts,3,20334,Tshirts,0.9123225808143616,True
29015,Tshirts,4,32972,Tshirts,0.911247193813324,True
29015,Tshirts,5,31582,Tshirts,0.9098911285400391,True
29015,Tshirts,6,21393,Tshirts,0.9096486568450928,True
29015,Tshirts,7,16324,Tshirts,0.9096366167068481,True
29015,Tshirts,8,34361,Tshirts,0.907236635684967,True
29015,Tshirts,9,34247,Tshirts,0.9067690372467041,True
29015,Tshirts,10,14915,Tshirts,0.9043067693710327,True
45361,Heels,1,45351,Heels,0.9091050624847412,True
45361,Heels,2,45360,Heels,0.8641612529754639,True
45361,Heels,3,45350,Heels,0.8462204337120056,True
45361,Heels,4,45352,Heels,0.8453270792961121,True
45361,Heels,5,45363,Heels,0.819871187210083,True
45361,Heels,6,39822,Sandals,0.815997838973999,False
45361,Heels,7,57945,Sandals,0.8017656207084656,False
45361,Heels,8,45362,Heels,0.8014281988143921,True
45361,Heels,9,11949,Casual Shoes,0.7950304746627808,False
45361,Heels,10,57934,Sandals,0.7833399772644043,False
17948,Track Pants,1,31430,Trousers,0.9218226671218872,False
17948,Track Pants,2,17623,Track Pants,0.9151163101196289,True
17948,Track Pants,3,17997,Track Pants,0.9104490280151367,True
17948,Track Pants,4,16022,Trousers,0.9098924994468689,False
17948,Track Pants,5,15022,Track Pants,0.9058321118354797,True
17948,Track Pants,6,11296,Jeans,0.9042389392852783,False
17948,Track Pants,7,17996,Track Pants,0.9031948447227478,True
17948,Track Pants,8,26319,Track Pants,0.9025501608848572,True
17948,Track Pants,9,26811,Trousers,0.9016409516334534,False
17948,Track Pants,10,26379,Trousers,0.9012961983680725,False
55335,Hair Colour,1,55334,Hair Colour,0.7521697282791138,True
55335,Hair Colour,2,55230,Foundation and Primer,0.6842542886734009,False
55335,Hair Colour,3,55231,Foundation and Primer,0.6837730407714844,False
55335,Hair Colour,4,55232,Foundation and Primer,0.6833420395851135,False
55335,Hair Colour,5,41910,Fragrance Gift Set,0.6696726679801941,False
55335,Hair Colour,6,28225,Deodorant,0.6492974162101746,False
55335,Hair Colour,7,57630,Face Moisturisers,0.6450700759887695,False
55335,Hair Colour,8,44165,Perfume and Body Mist,0.6407315731048584,False
55335,Hair Colour,9,43092,Perfume and Body Mist,0.628528356552124,False
55335,Hair Colour,10,23608,Fragrance Gift Set,0.62611323595047,False
17983,Backpacks,1,18007,Backpacks,0.8996044397354126,True
17983,Backpacks,2,17986,Backpacks,0.8946932554244995,True
17983,Backpacks,3,36512,Backpacks,0.8540136218070984,True
17983,Backpacks,4,29003,Backpacks,0.8520768880844116,True
17983,Backpacks,5,34465,Backpacks,0.8401530385017395,True
17983,Backpacks,6,29006,Backpacks,0.8384106159210205,True
17983,Backpacks,7,19918,Backpacks,0.8277992010116577,True
17983,Backpacks,8,35193,Backpacks,0.815359354019165,True
17983,Backpacks,9,35184,Backpacks,0.8143882751464844,True
17983,Backpacks,10,37680,Backpacks,0.7995198369026184,True
58071,Earrings,1,58072,Earrings,0.6036245822906494,True
58071,Earrings,2,35317,Earrings,0.5961252450942993,True
58071,Earrings,3,52823,Earrings,0.5720024704933167,True
58071,Earrings,4,56214,Earrings,0.5706504583358765,True
58071,Earrings,5,53101,Earrings,0.5563055276870728,True
58071,Earrings,6,52837,Earrings,0.546571671962738,True
58071,Earrings,7,52835,Earrings,0.5458723902702332,True
58071,Earrings,8,52831,Earrings,0.5298633575439453,True
58071,Earrings,9,52862,Earrings,0.5287384986877441,True
58071,Earrings,10,58078,Earrings,0.5228355526924133,True
6727,Flip Flops,1,12825,Flip Flops,0.8211674690246582,True
6727,Flip Flops,2,41227,Flip Flops,0.8162600994110107,True
6727,Flip Flops,3,44619,Flip Flops,0.815320611000061,True
6727,Flip Flops,4,9221,Flip Flops,0.8044052124023438,True
6727,Flip Flops,5,11855,Flip Flops,0.789045512676239,True
6727,Flip Flops,6,17031,Flip Flops,0.7860679626464844,True
6727,Flip Flops,7,26451,Flip Flops,0.7798459529876709,True
6727,Flip Flops,8,42011,Sandals,0.7785907983779907,False
6727,Flip Flops,9,17733,Sandals,0.7711471319198608,False
6727,Flip Flops,10,17651,Flip Flops,0.76944899559021,True
24360,Kurtas,1,24362,Kurtas,0.9255048036575317,True
24360,Kurtas,2,24361,Kurtas,0.8792048692703247,True
24360,Kurtas,3,9271,Shirts,0.828679084777832,False
24360,Kurtas,4,19721,Shirts,0.8195348978042603,False
24360,Kurtas,5,19183,Shirts,0.8180387020111084,False
24360,Kurtas,6,19720,Shirts,0.8173197507858276,False
24360,Kurtas,7,30807,Shirts,0.8166802525520325,False
24360,Kurtas,8,23331,Kurtas,0.8165682554244995,True
24360,Kurtas,9,7175,Shirts,0.814896821975708,False
24360,Kurtas,10,8805,Shirts,0.814896821975708,False
5390,Sports Shoes,1,13072,Casual Shoes,0.7080267667770386,False
5390,Sports Shoes,2,7405,Casual Shoes,0.6895380616188049,False
5390,Sports Shoes,3,38523,Casual Shoes,0.6667797565460205,False
5390,Sports Shoes,4,5374,Sports Shoes,0.6657973527908325,True
5390,Sports Shoes,5,54068,Casual Shoes,0.6577358245849609,False
5390,Sports Shoes,6,5388,Sports Shoes,0.6561675071716309,True
5390,Sports Shoes,7,14281,Casual Shoes,0.6513711810112,False
5390,Sports Shoes,8,47247,Casual Shoes,0.6440626978874207,False
5390,Sports Shoes,9,4174,Sports Shoes,0.6439751982688904,True
5390,Sports Shoes,10,43233,Sports Shoes,0.6378055214881897,True
22894,Sandals,1,22895,Sandals,0.9975135326385498,True
22894,Sandals,2,38788,Sandals,0.7972334027290344,True
22894,Sandals,3,50776,Sandals,0.7810601592063904,True
22894,Sandals,4,38787,Sandals,0.7800993919372559,True
22894,Sandals,5,35586,Sandals,0.7741150856018066,True
22894,Sandals,6,18401,Sandals,0.7717551589012146,True
22894,Sandals,7,22889,Sandals,0.7685105800628662,True
22894,Sandals,8,4628,Sandals,0.7681153416633606,True
22894,Sandals,9,57935,Sandals,0.7638606429100037,True
22894,Sandals,10,9101,Sandals,0.7584714293479919,True
12259,Shirts,1,12298,Shirts,0.8948148488998413,True
12259,Shirts,2,13757,Shirts,0.8879722356796265,True
12259,Shirts,3,12246,Shirts,0.8782879710197449,True
12259,Shirts,4,31620,Shirts,0.8757389187812805,True
12259,Shirts,5,12234,Shirts,0.8742183446884155,True
12259,Shirts,6,9427,Shirts,0.870964527130127,True
12259,Shirts,7,9426,Shirts,0.870964527130127,True
12259,Shirts,8,29696,Shirts,0.870463490486145,True
12259,Shirts,9,13753,Shirts,0.869988739490509,True
12259,Shirts,10,9417,Shirts,0.8689490556716919,True
14368,Heels,1,2882,Heels,0.8135629892349243,True
14368,Heels,2,27079,Heels,0.7228426933288574,True
14368,Heels,3,47114,Flip Flops,0.7129182815551758,False
14368,Heels,4,6419,Flip Flops,0.7051617503166199,False
14368,Heels,5,47089,Flip Flops,0.6981619000434875,False
14368,Heels,6,14370,Heels,0.6876862645149231,True
14368,Heels,7,53729,Casual Shoes,0.6848816871643066,False
14368,Heels,8,40326,Sports Shoes,0.6806803941726685,False
14368,Heels,9,13018,Heels,0.6795865297317505,True
14368,Heels,10,5647,Flats,0.6790149807929993,False
25073,Accessory Gift Set,1,25058,Accessory Gift Set,0.9247670769691467,True
25073,Accessory Gift Set,2,25071,Accessory Gift Set,0.8990001678466797,True
25073,Accessory Gift Set,3,25063,Accessory Gift Set,0.8848407864570618,True
25073,Accessory Gift Set,4,25079,Accessory Gift Set,0.8814965486526489,True
25073,Accessory Gift Set,5,25054,Accessory Gift Set,0.8739505410194397,True
25073,Accessory Gift Set,6,17361,Accessory Gift Set,0.8617204427719116,True
25073,Accessory Gift Set,7,25051,Accessory Gift Set,0.860738217830658,True
25073,Accessory Gift Set,8,25046,Accessory Gift Set,0.8600661754608154,True
25073,Accessory Gift Set,9,25053,Accessory Gift Set,0.8576531410217285,True
25073,Accessory Gift Set,10,25068,Accessory Gift Set,0.8553217053413391,True
17383,Mufflers,1,20055,Mufflers,0.7482806444168091,True
17383,Mufflers,2,17382,Mufflers,0.745750904083252,True
17383,Mufflers,3,20072,Stoles,0.7382118701934814,False
17383,Mufflers,4,23461,Scarves,0.7377207279205322,False
17383,Mufflers,5,25949,Scarves,0.7311704158782959,False
17383,Mufflers,6,35092,Scarves,0.7295401692390442,False
17383,Mufflers,7,16015,Scarves,0.7289307117462158,False
17383,Mufflers,8,25957,Scarves,0.7159669399261475,False
17383,Mufflers,9,24870,Mufflers,0.714561402797699,True
17383,Mufflers,10,17380,Mufflers,0.711098313331604,True
3252,Sports Shoes,1,3225,Casual Shoes,0.8487594723701477,False
3252,Sports Shoes,2,17747,Casual Shoes,0.8336591720581055,False
3252,Sports Shoes,3,24181,Casual Shoes,0.8236528635025024,False
3252,Sports Shoes,4,42276,Casual Shoes,0.8120185732841492,False
3252,Sports Shoes,5,6387,Sports Shoes,0.8040158152580261,True
3252,Sports Shoes,6,38653,Casual Shoes,0.8016703128814697,False
3252,Sports Shoes,7,24189,Casual Shoes,0.7949577569961548,False
3252,Sports Shoes,8,42143,Casual Shoes,0.7927743196487427,False
3252,Sports Shoes,9,31977,Sports Shoes,0.790013313293457,True
3252,Sports Shoes,10,24183,Casual Shoes,0.7877257466316223,False
5999,Shirts,1,58801,Shirts,0.7711727023124695,True
5999,Shirts,2,23188,Shirts,0.7666769623756409,True
5999,Shirts,3,22571,Shirts,0.7663160562515259,True
5999,Shirts,4,17752,Shirts,0.7637207508087158,True
5999,Shirts,5,19714,Shirts,0.7551576495170593,True
5999,Shirts,6,14051,Shirts,0.753732442855835,True
5999,Shirts,7,23205,Shirts,0.7499017715454102,True
5999,Shirts,8,29612,Shirts,0.7452316284179688,True
5999,Shirts,9,21118,Shirts,0.7446420192718506,True
5999,Shirts,10,2138,Shirts,0.7432141900062561,True
20191,Tshirts,1,20190,Tshirts,0.908491849899292,True
20191,Tshirts,2,18312,Sweaters,0.8747671842575073,False
20191,Tshirts,3,15003,Sweaters,0.8500127792358398,False
20191,Tshirts,4,15846,Tshirts,0.8473716378211975,True
20191,Tshirts,5,19530,Sweaters,0.8425297737121582,False
20191,Tshirts,6,13529,Tshirts,0.837421715259552,True
20191,Tshirts,7,11073,Sweaters,0.8314814567565918,False
20191,Tshirts,8,18311,Sweaters,0.8294912576675415,False
20191,Tshirts,9,20192,Tshirts,0.8280169367790222,True
20191,Tshirts,10,48429,Tshirts,0.8135641813278198,True
52922,Sarees,1,52917,Sarees,0.6917191743850708,True
52922,Sarees,2,45999,Sarees,0.6638521552085876,True
52922,Sarees,3,45989,Sarees,0.6617223024368286,True
52922,Sarees,4,46013,Sarees,0.6538450717926025,True
52922,Sarees,5,59661,Sarees,0.6440462470054626,True
52922,Sarees,6,51126,Free Gifts,0.6426347494125366,False
52922,Sarees,7,59598,Sarees,0.6422109603881836,True
52922,Sarees,8,42322,Sarees,0.6392783522605896,True
52922,Sarees,9,46011,Sarees,0.6392340660095215,True
52922,Sarees,10,46010,Sarees,0.6331241130828857,True
36803,Watches,1,23281,Watches,0.7544692754745483,True
36803,Watches,2,46549,Watches,0.7239896655082703,True
36803,Watches,3,32321,Watches,0.7130095362663269,True
36803,Watches,4,25649,Watches,0.7065039873123169,True
36803,Watches,5,29464,Watches,0.7006322145462036,True
36803,Watches,6,51555,Watches,0.6937525272369385,True
36803,Watches,7,39028,Watches,0.6923831701278687,True
36803,Watches,8,33890,Watches,0.6869351267814636,True
36803,Watches,9,45130,Watches,0.6833869814872742,True
36803,Watches,10,29452,Watches,0.6792875528335571,True
38397,Tshirts,1,42108,Tshirts,0.8623154163360596,True
38397,Tshirts,2,24344,Tshirts,0.8560023903846741,True
38397,Tshirts,3,3602,Tshirts,0.8558652997016907,True
38397,Tshirts,4,15469,Tshirts,0.8483443260192871,True
38397,Tshirts,5,3600,Tshirts,0.8416999578475952,True
38397,Tshirts,6,4812,Tshirts,0.8391373157501221,True
38397,Tshirts,7,32416,Tshirts,0.8366885185241699,True
38397,Tshirts,8,24149,Tshirts,0.8361127972602844,True
38397,Tshirts,9,40092,Tshirts,0.8323706388473511,True
38397,Tshirts,10,34331,Tshirts,0.8268900513648987,True
17778,Belts,1,27832,Belts,0.8932624459266663,True
17778,Belts,2,45301,Free Gifts,0.8894281387329102,False
17778,Belts,3,21766,Belts,0.8689247965812683,True
17778,Belts,4,20514,Belts,0.8487547039985657,True
17778,Belts,5,41536,Belts,0.8450777530670166,True
17778,Belts,6,17775,Belts,0.8429707884788513,True
17778,Belts,7,36034,Belts,0.840671956539154,True
17778,Belts,8,34126,Belts,0.8389211297035217,True
17778,Belts,9,27804,Belts,0.8388721942901611,True
17778,Belts,10,17771,Belts,0.8310192227363586,True
37971,Heels,1,39577,Heels,0.7559929490089417,True
37971,Heels,2,45377,Heels,0.7441136240959167,True
37971,Heels,3,2630,Flats,0.7413961291313171,False
37971,Heels,4,35542,Sandals,0.733043909072876,False
37971,Heels,5,20944,Flip Flops,0.7310180068016052,False
37971,Heels,6,37960,Heels,0.728961706161499,True
37971,Heels,7,44425,Sandals,0.7260262966156006,False
37971,Heels,8,32848,Flats,0.7197699546813965,False
37971,Heels,9,33529,Heels,0.7160427570343018,True
37971,Heels,10,56868,Flats,0.7147247195243835,False
53408,Kurtas,1,53823,Tunics,0.8527376055717468,False
53408,Kurtas,2,32234,Kurtas,0.827096700668335,True
53408,Kurtas,3,53409,Kurtas,0.8149564862251282,True
53408,Kurtas,4,59922,Kurtas,0.8017358183860779,True
53408,Kurtas,5,53819,Kurtis,0.7936373949050903,False
53408,Kurtas,6,42679,Kurtas,0.7870649099349976,True
53408,Kurtas,7,53820,Kurtis,0.7791599631309509,False
53408,Kurtas,8,25845,Kurtas,0.7754193544387817,True
53408,Kurtas,9,50330,Kurtas,0.7694455981254578,True
53408,Kurtas,10,42197,Tunics,0.7639237642288208,False
12804,Tshirts,1,28553,Tshirts,0.8959832191467285,True
12804,Tshirts,2,9955,Tshirts,0.8829649686813354,True
12804,Tshirts,3,28550,Tshirts,0.8695365190505981,True
12804,Tshirts,4,28551,Tshirts,0.8688112497329712,True
12804,Tshirts,5,12805,Tshirts,0.8674623966217041,True
12804,Tshirts,6,28552,Tshirts,0.8429373502731323,True
12804,Tshirts,7,38624,Tshirts,0.8344639539718628,True
12804,Tshirts,8,6556,Tshirts,0.7955510020256042,True
12804,Tshirts,9,40124,Tshirts,0.7897447347640991,True
12804,Tshirts,10,7550,Tshirts,0.7875183820724487,True
13121,Casual Shoes,1,7267,Casual Shoes,0.899072527885437,True
13121,Casual Shoes,2,10278,Casual Shoes,0.8875277042388916,True
13121,Casual Shoes,3,39299,Sandals,0.8836973905563354,False
13121,Casual Shoes,4,45599,Formal Shoes,0.8820174336433411,False
13121,Casual Shoes,5,39245,Casual Shoes,0.8803000450134277,True
13121,Casual Shoes,6,13124,Formal Shoes,0.8701751232147217,False
13121,Casual Shoes,7,10127,Casual Shoes,0.8674442172050476,True
13121,Casual Shoes,8,9027,Casual Shoes,0.8648821711540222,True
13121,Casual Shoes,9,21079,Casual Shoes,0.863907516002655,True
13121,Casual Shoes,10,20674,Casual Shoes,0.8638304471969604,True
25443,Casual Shoes,1,25442,Sports Shoes,0.8914210796356201,False
25443,Casual Shoes,2,22687,Casual Shoes,0.8072991371154785,True
25443,Casual Shoes,3,25488,Casual Shoes,0.7994570732116699,True
25443,Casual Shoes,4,24189,Casual Shoes,0.7773725390434265,True
25443,Casual Shoes,5,43345,Casual Shoes,0.7757439017295837,True
25443,Casual Shoes,6,14555,Casual Shoes,0.7703689336776733,True
25443,Casual Shoes,7,39985,Casual Shoes,0.7702947854995728,True
25443,Casual Shoes,8,4852,Casual Shoes,0.7632085680961609,True
25443,Casual Shoes,9,39988,Casual Shoes,0.7602759599685669,True
25443,Casual Shoes,10,26657,Casual Shoes,0.7592056393623352,True
52949,Sarees,1,59669,Sarees,0.7192520499229431,True
52949,Sarees,2,52948,Sarees,0.7179012298583984,True
52949,Sarees,3,52938,Sarees,0.7099025249481201,True
52949,Sarees,4,52976,Sarees,0.7098599672317505,True
52949,Sarees,5,59652,Sarees,0.7056686282157898,True
52949,Sarees,6,53032,Sarees,0.7043407559394836,True
52949,Sarees,7,52925,Sarees,0.6974151134490967,True
52949,Sarees,8,57952,Sarees,0.6971853971481323,True
52949,Sarees,9,59664,Sarees,0.6827622056007385,True
52949,Sarees,10,53052,Sarees,0.6795381307601929,True
21487,Handbags,1,21488,Handbags,0.8097888231277466,True
21487,Handbags,2,54009,Handbags,0.7327694892883301,True
21487,Handbags,3,20933,Handbags,0.7128808498382568,True
21487,Handbags,4,25208,Handbags,0.7088450789451599,True
21487,Handbags,5,25261,Handbags,0.7074277997016907,True
21487,Handbags,6,25161,Handbags,0.7067846655845642,True
21487,Handbags,7,51919,Handbags,0.7015681862831116,True
21487,Handbags,8,10252,Handbags,0.6993468403816223,True
21487,Handbags,9,54002,Handbags,0.6944859027862549,True
21487,Handbags,10,10735,Handbags,0.6940054893493652,True
32256,Tunics,1,51032,Nightdress,0.8183724880218506,False
32256,Tunics,2,39450,Kurtas,0.8129788637161255,False
32256,Tunics,3,6881,Tops,0.8124118447303772,False
32256,Tunics,4,36240,Tops,0.8088603019714355,False
32256,Tunics,5,27470,Camisoles,0.8074655532836914,False
32256,Tunics,6,50343,Kurtas,0.8023935556411743,False
32256,Tunics,7,52093,Tops,0.8016810417175293,False
32256,Tunics,8,6300,Tshirts,0.801292359828949,False
32256,Tunics,9,52445,Nightdress,0.8012328743934631,False
32256,Tunics,10,24406,Kurtas,0.7999945878982544,False
12651,Tshirts,1,1844,Tshirts,0.8778641819953918,True
12651,Tshirts,2,4388,Tshirts,0.8607113361358643,True
12651,Tshirts,3,1852,Tshirts,0.8489685654640198,True
12651,Tshirts,4,3992,Tshirts,0.8486939072608948,True
12651,Tshirts,5,1845,Tshirts,0.8361398577690125,True
12651,Tshirts,6,29352,Tshirts,0.8358147740364075,True
12651,Tshirts,7,4375,Tshirts,0.8351353406906128,True
12651,Tshirts,8,3684,Tshirts,0.8275881409645081,True
12651,Tshirts,9,10576,Tshirts,0.82227623462677,True
12651,Tshirts,10,6216,Tshirts,0.8180030584335327,True
6122,Flip Flops,1,10179,Flip Flops,0.7927346229553223,True
6122,Flip Flops,2,47088,Flip Flops,0.7917959690093994,True
6122,Flip Flops,3,17733,Sandals,0.7833458185195923,False
6122,Flip Flops,4,18492,Flip Flops,0.7744442224502563,True
6122,Flip Flops,5,9100,Flip Flops,0.7724970579147339,True
6122,Flip Flops,6,42092,Flip Flops,0.770592451095581,True
6122,Flip Flops,7,19118,Flip Flops,0.7671136260032654,True
6122,Flip Flops,8,3621,Flip Flops,0.7659004926681519,True
6122,Flip Flops,9,39953,Flip Flops,0.7637436389923096,True
6122,Flip Flops,10,10766,Flip Flops,0.7607866525650024,True
29414,Watches,1,29413,Watches,0.8353399038314819,True
29414,Watches,2,13054,Watches,0.7948177456855774,True
29414,Watches,3,36896,Watches,0.7857286930084229,True
29414,Watches,4,56682,Watches,0.7825362682342529,True
29414,Watches,5,51624,Watches,0.7761229872703552,True
29414,Watches,6,46313,Watches,0.776085376739502,True
29414,Watches,7,46495,Watches,0.7743110060691833,True
29414,Watches,8,17439,Watches,0.7700754404067993,True
29414,Watches,9,36897,Watches,0.767493486404419,True
29414,Watches,10,37312,Watches,0.7663921117782593,True
12669,Shirts,1,12656,Shirts,0.9344902038574219,True
12669,Shirts,2,8825,Shirts,0.848111629486084,True
12669,Shirts,3,8829,Shirts,0.8266598582267761,True
12669,Shirts,4,12659,Shirts,0.8211656808853149,True
12669,Shirts,5,12660,Shirts,0.8069887161254883,True
12669,Shirts,6,12661,Shirts,0.7938237190246582,True
12669,Shirts,7,14637,Shirts,0.7885271310806274,True
12669,Shirts,8,8828,Shirts,0.7827460765838623,True
12669,Shirts,9,12180,Shirts,0.7803728580474854,True
12669,Shirts,10,36857,Shirts,0.7783755660057068,True
38566,Shorts,1,38569,Shorts,0.9341148138046265,True
38566,Shorts,2,15334,Shorts,0.9198776483535767,True
38566,Shorts,3,30634,Shorts,0.9174115657806396,True
38566,Shorts,4,28503,Shorts,0.9142919778823853,True
38566,Shorts,5,5454,Shorts,0.9130784869194031,True
38566,Shorts,6,31449,Shorts,0.9095134735107422,True
38566,Shorts,7,22644,Shorts,0.9072844982147217,True
38566,Shorts,8,32649,Shorts,0.9067392945289612,True
38566,Shorts,9,31447,Shorts,0.9054240584373474,True
38566,Shorts,10,32648,Shorts,0.9028799533843994,True
58645,Kurtas,1,12114,Kurtis,0.8472574949264526,False
58645,Kurtas,2,58678,Kurtas,0.8299242258071899,True
58645,Kurtas,3,22024,Kurtas,0.8292586207389832,True
58645,Kurtas,4,43908,Kurtas,0.8288522958755493,True
58645,Kurtas,5,28704,Kurtas,0.8197163343429565,True
58645,Kurtas,6,22759,Kurtas,0.8196099400520325,True
58645,Kurtas,7,28701,Kurtas,0.8169474601745605,True
58645,Kurtas,8,28955,Kurtas,0.8138668537139893,True
58645,Kurtas,9,36234,Kurtas,0.812447190284729,True
58645,Kurtas,10,58673,Kurtas,0.8113906979560852,True
27748,Handbags,1,21987,Handbags,0.7009973526000977,True
27748,Handbags,2,54829,Handbags,0.6942434310913086,True
27748,Handbags,3,33454,Handbags,0.6793807744979858,True
27748,Handbags,4,21985,Handbags,0.655341625213623,True
27748,Handbags,5,43285,Backpacks,0.6547034382820129,False
27748,Handbags,6,25203,Handbags,0.6538987159729004,True
27748,Handbags,7,21986,Handbags,0.650859534740448,True
27748,Handbags,8,34731,Handbags,0.644831657409668,True
27748,Handbags,9,20603,Handbags,0.6430249214172363,True
27748,Handbags,10,33413,Handbags,0.6324431896209717,True
47666,Scarves,1,47665,Scarves,0.8317074775695801,True
47666,Scarves,2,27867,Shirts,0.810965895652771,False
47666,Scarves,3,54986,Tops,0.7972946166992188,False
47666,Scarves,4,6233,Tshirts,0.7926408052444458,False
47666,Scarves,5,27866,Shirts,0.7911717891693115,False
47666,Scarves,6,27865,Shirts,0.7907595038414001,False
47666,Scarves,7,43624,Tops,0.7858179807662964,False
47666,Scarves,8,48510,Tops,0.7800900936126709,False
47666,Scarves,9,16146,Tops,0.7793663144111633,False
47666,Scarves,10,57104,Tops,0.7788700461387634,False
40671,Shirts,1,35263,Shirts,0.8372589945793152,True
40671,Shirts,2,11724,Shirts,0.8197401762008667,True
40671,Shirts,3,44678,Tops,0.8064501881599426,False
40671,Shirts,4,37918,Tops,0.7976319789886475,False
40671,Shirts,5,18877,Shirts,0.7956669926643372,True
40671,Shirts,6,18788,Shirts,0.7908886671066284,True
40671,Shirts,7,33752,Tops,0.788163423538208,False
40671,Shirts,8,8818,Shirts,0.7870041131973267,True
40671,Shirts,9,16449,Shirts,0.7864609956741333,True
40671,Shirts,10,16533,Shirts,0.7837719917297363,True
13542,Flats,1,53134,Flats,0.8039109706878662,True
13542,Flats,2,14396,Heels,0.7942427396774292,False
13542,Flats,3,11943,Sandals,0.792670726776123,False
13542,Flats,4,47178,Sandals,0.7920466661453247,False
13542,Flats,5,43382,Flip Flops,0.7851477861404419,False
13542,Flats,6,54131,Heels,0.7806128859519958,False
13542,Flats,7,53458,Heels,0.7780238389968872,False
13542,Flats,8,44465,Heels,0.7736053466796875,False
13542,Flats,9,49603,Heels,0.7688507437705994,False
13542,Flats,10,53457,Heels,0.7685056328773499,False
36437,Casual Shoes,1,42133,Casual Shoes,0.758614182472229,True
36437,Casual Shoes,2,43343,Sports Shoes,0.7395825386047363,False
36437,Casual Shoes,3,17831,Casual Shoes,0.7135674953460693,True
36437,Casual Shoes,4,33834,Sports Shoes,0.7133138179779053,False
36437,Casual Shoes,5,22719,Sports Shoes,0.7124087810516357,False
36437,Casual Shoes,6,17041,Casual Shoes,0.7061359882354736,True
36437,Casual Shoes,7,26459,Casual Shoes,0.7054961919784546,True
36437,Casual Shoes,8,44767,Casual Shoes,0.7023811340332031,True
36437,Casual Shoes,9,21736,Casual Shoes,0.6975061893463135,True
36437,Casual Shoes,10,32174,Sports Shoes,0.6935132145881653,False
46324,Sports Shoes,1,28607,Sports Shoes,0.820185124874115,True
46324,Sports Shoes,2,43359,Sports Shoes,0.8115676045417786,True
46324,Sports Shoes,3,25460,Sports Shoes,0.8089947700500488,True
46324,Sports Shoes,4,43000,Sports Shoes,0.8076075315475464,True
46324,Sports Shoes,5,46333,Sports Shoes,0.8042471408843994,True
46324,Sports Shoes,6,8074,Sports Shoes,0.8018842935562134,True
46324,Sports Shoes,7,3294,Sports Shoes,0.8012805581092834,True
46324,Sports Shoes,8,59016,Sports Shoes,0.8007975816726685,True
46324,Sports Shoes,9,15308,Sports Shoes,0.800613522529602,True
46324,Sports Shoes,10,32189,Sports Shoes,0.8002089262008667,True
53439,Flip Flops,1,44719,Flip Flops,0.8082674741744995,True
53439,Flip Flops,2,42022,Flip Flops,0.7949016094207764,True
53439,Flip Flops,3,43370,Flip Flops,0.7838566899299622,True
53439,Flip Flops,4,6332,Flip Flops,0.7574405670166016,True
53439,Flip Flops,5,41819,Flip Flops,0.7568044662475586,True
53439,Flip Flops,6,43369,Flip Flops,0.7563951015472412,True
53439,Flip Flops,7,33858,Flip Flops,0.7563607096672058,True
53439,Flip Flops,8,53876,Flip Flops,0.7531158924102783,True
53439,Flip Flops,9,9139,Flip Flops,0.7495765686035156,True
53439,Flip Flops,10,43381,Flip Flops,0.748731255531311,True
15021,Jackets,1,19323,Sweatshirts,0.8897128105163574,False
15021,Jackets,2,19339,Jackets,0.8892573118209839,True
15021,Jackets,3,16928,Sweaters,0.8797488212585449,False
15021,Jackets,4,14987,Sweatshirts,0.8785191178321838,False
15021,Jackets,5,22312,Jackets,0.8762100338935852,True
15021,Jackets,6,20220,Sweaters,0.8733339309692383,False
15021,Jackets,7,16927,Sweaters,0.8714865446090698,False
15021,Jackets,8,23141,Sweatshirts,0.8673694133758545,False
15021,Jackets,9,14316,Sweatshirts,0.8673529624938965,False
15021,Jackets,10,14308,Jackets,0.8666002750396729,True
1938,Tshirts,1,31582,Tshirts,0.915885329246521,True
1938,Tshirts,2,31581,Tshirts,0.9081681966781616,True
1938,Tshirts,3,3100,Tshirts,0.9050167798995972,True
1938,Tshirts,4,18501,Tshirts,0.9044417142868042,True
1938,Tshirts,5,3077,Tshirts,0.8989759683609009,True
1938,Tshirts,6,40096,Tshirts,0.8986007571220398,True
1938,Tshirts,7,29015,Tshirts,0.897120475769043,True
1938,Tshirts,8,3098,Tshirts,0.892547070980072,True
1938,Tshirts,9,13498,Tshirts,0.8846357464790344,True
1938,Tshirts,10,26715,Tshirts,0.882431149482727,True
6113,Tshirts,1,50193,Innerwear Vests,0.9101381301879883,False
6113,Tshirts,2,6033,Tshirts,0.9082823991775513,True
6113,Tshirts,3,24964,Tshirts,0.90226149559021,True
6113,Tshirts,4,7818,Tshirts,0.8877865672111511,True
6113,Tshirts,5,2557,Tshirts,0.8851641416549683,True
6113,Tshirts,6,13151,Tshirts,0.88326096534729,True
6113,Tshirts,7,6112,Tshirts,0.8830798864364624,True
6113,Tshirts,8,13157,Tshirts,0.8830500841140747,True
6113,Tshirts,9,7862,Tshirts,0.8830363154411316,True
6113,Tshirts,10,14315,Tshirts,0.8817979097366333,True
5762,Shorts,1,5788,Shorts,0.8770585656166077,True
5762,Shorts,2,5773,Shorts,0.8745040893554688,True
5762,Shorts,3,5789,Shorts,0.8494533896446228,True
5762,Shorts,4,5761,Shorts,0.845266580581665,True
5762,Shorts,5,6863,Capris,0.8445321321487427,False
5762,Shorts,6,27010,Capris,0.8190798759460449,False
5762,Shorts,7,27011,Capris,0.8144038319587708,False
5762,Shorts,8,6866,Leggings,0.8143172264099121,False
5762,Shorts,9,32071,Boxers,0.8125518560409546,False
5762,Shorts,10,42402,Jeans,0.8092833757400513,False
34164,Tops,1,31174,Tops,1.0000001192092896,True
34164,Tops,2,34166,Tops,0.9861990213394165,True
34164,Tops,3,31175,Tops,0.9861990213394165,True
34164,Tops,4,24944,Tops,0.8644530773162842,True
34164,Tops,5,4887,Tops,0.8354929089546204,True
34164,Tops,6,4886,Tops,0.8354929089546204,True
34164,Tops,7,34017,Tops,0.8251760005950928,True
34164,Tops,8,34016,Tops,0.8251760005950928,True
34164,Tops,9,31118,Tops,0.8251760005950928,True
34164,Tops,10,9998,Tops,0.8113925457000732,True
5930,Casual Shoes,1,26664,Casual Shoes,0.7291334271430969,True
5930,Casual Shoes,2,31683,Sports Shoes,0.7279294729232788,False
5930,Casual Shoes,3,6731,Sports Shoes,0.7264642119407654,False
5930,Casual Shoes,4,26660,Casual Shoes,0.725637674331665,True
5930,Casual Shoes,5,56721,Casual Shoes,0.7203589677810669,True
5930,Casual Shoes,6,18480,Casual Shoes,0.7196476459503174,True
5930,Casual Shoes,7,56654,Casual Shoes,0.7181016206741333,True
5930,Casual Shoes,8,49352,Casual Shoes,0.7064670920372009,True
5930,Casual Shoes,9,43873,Casual Shoes,0.7045973539352417,True
5930,Casual Shoes,10,55784,Casual Shoes,0.6983131170272827,True
41759,Dresses,1,43694,Dresses,1.0,True
41759,Dresses,2,18179,Tops,0.5862314701080322,False
41759,Dresses,3,28747,Kurtas,0.585274338722229,False
41759,Dresses,4,28527,Tshirts,0.5760079026222229,False
41759,Dresses,5,36730,Tops,0.5731415748596191,False
41759,Dresses,6,39849,Tops,0.5731415748596191,False
41759,Dresses,7,15328,Sweaters,0.5720018744468689,False
41759,Dresses,8,4914,Tops,0.5716358423233032,False
41759,Dresses,9,11261,Dresses,0.5703006982803345,True
41759,Dresses,10,43593,Tshirts,0.5700734853744507,False
52143,Tshirts,1,52149,Tshirts,0.8827451467514038,True
52143,Tshirts,2,52151,Tshirts,0.8630674481391907,True
52143,Tshirts,3,52138,Tshirts,0.8613241910934448,True
52143,Tshirts,4,52139,Tshirts,0.8539155721664429,True
52143,Tshirts,5,52148,Tshirts,0.8430818319320679,True
52143,Tshirts,6,52144,Tshirts,0.834360659122467,True
52143,Tshirts,7,52150,Tshirts,0.8094415664672852,True
52143,Tshirts,8,52147,Tshirts,0.80813068151474,True
52143,Tshirts,9,52146,Tshirts,0.8005821108818054,True
52143,Tshirts,10,52145,Tshirts,0.7876706123352051,True
42587,Tshirts,1,10877,Tshirts,0.882716953754425,True
42587,Tshirts,2,31036,Tshirts,0.8692666292190552,True
42587,Tshirts,3,16009,Tshirts,0.8575242757797241,True
42587,Tshirts,4,16383,Tshirts,0.8447274565696716,True
42587,Tshirts,5,53766,Tshirts,0.8416658043861389,True
42587,Tshirts,6,6214,Tshirts,0.8410555720329285,True
42587,Tshirts,7,17274,Tshirts,0.8393447995185852,True
42587,Tshirts,8,40266,Tshirts,0.8306391835212708,True
42587,Tshirts,9,16413,Tshirts,0.8278452157974243,True
42587,Tshirts,10,3773,Tshirts,0.8263165950775146,True
45332,Heels,1,45331,Heels,0.7811577320098877,True
45332,Heels,2,13023,Heels,0.7784676551818848,True
45332,Heels,3,45333,Heels,0.7348772883415222,True
45332,Heels,4,33529,Heels,0.7191060185432434,True
45332,Heels,5,39567,Heels,0.7165976166725159,True
45332,Heels,6,27194,Heels,0.6940374374389648,True
45332,Heels,7,57857,Heels,0.688233494758606,True
45332,Heels,8,45367,Heels,0.686926543712616,True
45332,Heels,9,47634,Heels,0.6750321388244629,True
45332,Heels,10,43944,Heels,0.6750204563140869,True
56233,Night suits,1,56243,Night suits,0.8991140127182007,True
56233,Night suits,2,56222,Night suits,0.872524619102478,True
56233,Night suits,3,6866,Leggings,0.8556846380233765,False
56233,Night suits,4,56235,Night suits,0.8546513319015503,True
56233,Night suits,5,56261,Night suits,0.8477084040641785,True
56233,Night suits,6,6896,Trousers,0.8429247140884399,False
56233,Night suits,7,36251,Night suits,0.8428206443786621,True
56233,Night suits,8,36253,Night suits,0.8422986268997192,True
56233,Night suits,9,56227,Night suits,0.8394012451171875,True
56233,Night suits,10,43470,Night suits,0.8364564776420593,True
51486,Trousers,1,51470,Jeans,0.8533105254173279,False
51486,Trousers,2,51487,Trousers,0.8507436513900757,True
51486,Trousers,3,29677,Trousers,0.8231894969940186,True
51486,Trousers,4,51485,Trousers,0.7901284098625183,True
51486,Trousers,5,51596,Jeans,0.7838533520698547,False
51486,Trousers,6,51495,Jeans,0.774347722530365,False
51486,Trousers,7,7189,Jeans,0.7661358118057251,False
51486,Trousers,8,48386,Jeans,0.7631419897079468,False
51486,Trousers,9,48385,Jeans,0.7620116472244263,False
51486,Trousers,10,50952,Jeans,0.7591291666030884,False
45086,Night suits,1,39238,Nightdress,0.8065493106842041,False
45086,Night suits,2,36264,Night suits,0.7812923192977905,True
45086,Night suits,3,59748,Nightdress,0.7629173994064331,False
45086,Night suits,4,39242,Nightdress,0.7373448014259338,False
45086,Night suits,5,41161,Trousers,0.7303535342216492,False
45086,Night suits,6,22457,Leggings,0.7292189002037048,False
45086,Night suits,7,45085,Night suits,0.7283551692962646,True
45086,Night suits,8,26982,Capris,0.7247376441955566,False
45086,Night suits,9,30728,Salwar,0.7162914276123047,False
45086,Night suits,10,40427,Jumpsuit,0.7142949104309082,False
2855,Tshirts,1,2844,Tshirts,0.9352436661720276,True
2855,Tshirts,2,2847,Tshirts,0.9082254767417908,True
2855,Tshirts,3,3425,Tshirts,0.9059515595436096,True
2855,Tshirts,4,2862,Tshirts,0.904834508895874,True
2855,Tshirts,5,4363,Tshirts,0.9038164019584656,True
2855,Tshirts,6,31579,Tshirts,0.9011929035186768,True
2855,Tshirts,7,16423,Tshirts,0.8981846570968628,True
2855,Tshirts,8,3356,Tshirts,0.8976913094520569,True
2855,Tshirts,9,2835,Tshirts,0.8964477181434631,True
2855,Tshirts,10,21400,Tshirts,0.8957857489585876,True
5842,Tshirts,1,5838,Tshirts,0.7203995585441589,True
5842,Tshirts,2,6576,Tshirts,0.6972543001174927,True
5842,Tshirts,3,5282,Tshirts,0.6961339712142944,True
5842,Tshirts,4,6488,Tshirts,0.6948673725128174,True
5842,Tshirts,5,6732,Tshirts,0.694822371006012,True
5842,Tshirts,6,7000,Tshirts,0.6929460763931274,True
5842,Tshirts,7,5830,Tshirts,0.6885848045349121,True
5842,Tshirts,8,5845,Tshirts,0.6838245391845703,True
5842,Tshirts,9,5209,Tshirts,0.6813482046127319,True
5842,Tshirts,10,6219,Tshirts,0.675696074962616,True
30684,Sunglasses,1,23762,Sunglasses,0.9135463237762451,True
30684,Sunglasses,2,16949,Sunglasses,0.9058209657669067,True
30684,Sunglasses,3,38222,Sunglasses,0.8808852434158325,True
30684,Sunglasses,4,38237,Sunglasses,0.8728016018867493,True
30684,Sunglasses,5,23783,Sunglasses,0.8690794110298157,True
30684,Sunglasses,6,21312,Sunglasses,0.8684709072113037,True
30684,Sunglasses,7,20879,Sunglasses,0.8660433292388916,True
30684,Sunglasses,8,28293,Sunglasses,0.8628296256065369,True
30684,Sunglasses,9,38239,Sunglasses,0.8483802080154419,True
30684,Sunglasses,10,40011,Sunglasses,0.8464430570602417,True
55021,Lipstick,1,55038,Lipstick,0.9960486888885498,True
55021,Lipstick,2,55043,Lipstick,0.9946049451828003,True
55021,Lipstick,3,55044,Lipstick,0.9930576682090759,True
55021,Lipstick,4,55036,Lipstick,0.9921426177024841,True
55021,Lipstick,5,55029,Lipstick,0.99190753698349,True
55021,Lipstick,6,55035,Lipstick,0.9917862415313721,True
55021,Lipstick,7,55037,Lipstick,0.99057936668396,True
55021,Lipstick,8,55022,Lipstick,0.9903447031974792,True
55021,Lipstick,9,55025,Lipstick,0.9902817606925964,True
55021,Lipstick,10,55027,Lipstick,0.9890199899673462,True
43978,Perfume and Body Mist,1,43977,Perfume and Body Mist,0.9287722110748291,True
43978,Perfume and Body Mist,2,43965,Perfume and Body Mist,0.7109215259552002,True
43978,Perfume and Body Mist,3,23530,Perfume and Body Mist,0.6756408214569092,True
43978,Perfume and Body Mist,4,43968,Perfume and Body Mist,0.6125729084014893,True
43978,Perfume and Body Mist,5,23531,Perfume and Body Mist,0.5942178964614868,True
43978,Perfume and Body Mist,6,43970,Perfume and Body Mist,0.5914492607116699,True
43978,Perfume and Body Mist,7,43967,Perfume and Body Mist,0.571712851524353,True
43978,Perfume and Body Mist,8,49109,Foundation and Primer,0.560575544834137,False
43978,Perfume and Body Mist,9,55560,Face Moisturisers,0.5288108587265015,False
43978,Perfume and Body Mist,10,46726,Perfume and Body Mist,0.5273157954216003,True
56006,Lipstick,1,55987,Lipstick,0.9423198699951172,True
56006,Lipstick,2,56001,Lipstick,0.941918134689331,True
56006,Lipstick,3,55980,Lipstick,0.9413644075393677,True
56006,Lipstick,4,55981,Lipstick,0.9384358525276184,True
56006,Lipstick,5,56004,Lipstick,0.9364091753959656,True
56006,Lipstick,6,55997,Lipstick,0.9350131750106812,True
56006,Lipstick,7,55974,Lipstick,0.9310850501060486,True
56006,Lipstick,8,55994,Lipstick,0.9309754371643066,True
56006,Lipstick,9,55992,Lipstick,0.9288239479064941,True
56006,Lipstick,10,55968,Lipstick,0.9279446005821228,True
25190,Handbags,1,3381,Handbags,0.7001909613609314,True
25190,Handbags,2,58157,Handbags,0.681550920009613,True
25190,Handbags,3,46978,Handbags,0.6751568913459778,True
25190,Handbags,4,10249,Handbags,0.671160876750946,True
25190,Handbags,5,10727,Handbags,0.6661244630813599,True
25190,Handbags,6,25189,Handbags,0.6634253263473511,True
25190,Handbags,7,43275,Handbags,0.6620122194290161,True
25190,Handbags,8,47377,Handbags,0.6555857062339783,True
25190,Handbags,9,53900,Handbags,0.6529110670089722,True
25190,Handbags,10,8252,Handbags,0.6523866653442383,True
48558,Belts,1,42942,Belts,0.8847190141677856,True
48558,Belts,2,27818,Belts,0.883335292339325,True
48558,Belts,3,42958,Belts,0.881772518157959,True
48558,Belts,4,42940,Belts,0.8771682381629944,True
48558,Belts,5,42939,Belts,0.873728334903717,True
48558,Belts,6,27802,Belts,0.8726207613945007,True
48558,Belts,7,40227,Belts,0.8708246946334839,True
48558,Belts,8,8309,Belts,0.8669050931930542,True
48558,Belts,9,21783,Belts,0.8658978939056396,True
48558,Belts,10,42957,Belts,0.8640314936637878,True
23856,Casual Shoes,1,39892,Casual Shoes,0.8180153369903564,True
23856,Casual Shoes,2,28333,Sandals,0.8109771609306335,False
23856,Casual Shoes,3,7586,Sports Shoes,0.8095149993896484,False
23856,Casual Shoes,4,42019,Casual Shoes,0.7867300510406494,True
23856,Casual Shoes,5,28332,Sandals,0.7857369184494019,False
23856,Casual Shoes,6,15288,Casual Shoes,0.7787268161773682,True
23856,Casual Shoes,7,9048,Sports Shoes,0.7727451920509338,False
23856,Casual Shoes,8,24408,Sports Shoes,0.7694184184074402,False
23856,Casual Shoes,9,5699,Casual Shoes,0.7657301425933838,True
23856,Casual Shoes,10,34521,Sandals,0.7572075724601746,False
55641,Heels,1,20274,Heels,0.579433798789978,True
55641,Heels,2,20770,Heels,0.5793083310127258,True
55641,Heels,3,49822,Flip Flops,0.5790427327156067,False
55641,Heels,4,13036,Heels,0.5766744017601013,True
55641,Heels,5,33101,Heels,0.5723431706428528,True
55641,Heels,6,43942,Heels,0.5648871660232544,True
55641,Heels,7,40764,Messenger Bag,0.5611349940299988,False
55641,Heels,8,15564,Heels,0.5558574199676514,True
55641,Heels,9,49820,Flip Flops,0.5552046298980713,False
55641,Heels,10,49808,Flip Flops,0.5515245199203491,False
51685,Sunglasses,1,51677,Sunglasses,0.9182989597320557,True
51685,Sunglasses,2,28200,Sunglasses,0.9119345545768738,True
51685,Sunglasses,3,28417,Sunglasses,0.9017961025238037,True
51685,Sunglasses,4,38197,Sunglasses,0.9011636972427368,True
51685,Sunglasses,5,38211,Sunglasses,0.8927031755447388,True
51685,Sunglasses,6,51674,Sunglasses,0.888841986656189,True
51685,Sunglasses,7,28422,Free Gifts,0.8883516192436218,False
51685,Sunglasses,8,21330,Sunglasses,0.8872619867324829,True
51685,Sunglasses,9,28203,Sunglasses,0.8856121301651001,True
51685,Sunglasses,10,8713,Sunglasses,0.8854802846908569,True
24074,Flats,1,10613,Casual Shoes,0.7230812311172485,False
24074,Flats,2,8247,Casual Shoes,0.7113229036331177,False
24074,Flats,3,15363,Sandals,0.6932053565979004,False
24074,Flats,4,24073,Flats,0.6830718517303467,True
24074,Flats,5,17010,Heels,0.6801220178604126,False
24074,Flats,6,17009,Flats,0.6757795810699463,True
24074,Flats,7,42740,Heels,0.674936056137085,False
24074,Flats,8,23254,Formal Shoes,0.674397349357605,False
24074,Flats,9,23936,Casual Shoes,0.6719843149185181,False
24074,Flats,10,49601,Heels,0.6710577011108398,False
50591,Briefs,1,50615,Briefs,0.9204979538917542,True
50591,Briefs,2,32066,Briefs,0.9174490571022034,True
50591,Briefs,3,50617,Briefs,0.9131836891174316,True
50591,Briefs,4,15777,Briefs,0.9053691625595093,True
50591,Briefs,5,45644,Briefs,0.9048344492912292,True
50591,Briefs,6,50627,Briefs,0.9039014577865601,True
50591,Briefs,7,17863,Briefs,0.9026691913604736,True
50591,Briefs,8,18698,Briefs,0.9005385041236877,True
50591,Briefs,9,50625,Briefs,0.9002681970596313,True
50591,Briefs,10,50601,Briefs,0.8982896208763123,True
35562,Sandals,1,14365,Heels,0.6439657211303711,False
35562,Sandals,2,35523,Sandals,0.6396799087524414,True
35562,Sandals,3,56967,Flats,0.6395571827888489,False
35562,Sandals,4,59436,Flats,0.6388194561004639,False
35562,Sandals,5,35558,Sandals,0.6357426643371582,True
35562,Sandals,6,14441,Heels,0.6353321075439453,False
35562,Sandals,7,43942,Heels,0.6320363879203796,False
35562,Sandals,8,15883,Casual Shoes,0.6317498087882996,False
35562,Sandals,9,32841,Heels,0.6294101476669312,False
35562,Sandals,10,14470,Heels,0.6277477741241455,False
6057,Shirts,1,18973,Shirts,0.8349170088768005,True
6057,Shirts,2,11084,Shirts,0.8117183446884155,True
6057,Shirts,3,11083,Shirts,0.8117183446884155,True
6057,Shirts,4,13863,Shirts,0.8092904090881348,True
6057,Shirts,5,13862,Shirts,0.8092904090881348,True
6057,Shirts,6,58796,Shirts,0.8066067695617676,True
6057,Shirts,7,9732,Shirts,0.8020731210708618,True
6057,Shirts,8,17172,Shirts,0.8000961542129517,True
6057,Shirts,9,48360,Shirts,0.7989527583122253,True
6057,Shirts,10,13747,Shirts,0.7972480058670044,True
41870,Sandals,1,41871,Sandals,0.8360221982002258,True
41870,Sandals,2,16112,Sandals,0.8308466672897339,True
41870,Sandals,3,15073,Sandals,0.8272531628608704,True
41870,Sandals,4,21055,Sandals,0.8235961198806763,True
41870,Sandals,5,56412,Sandals,0.8176488280296326,True
41870,Sandals,6,11913,Sandals,0.8162827491760254,True
41870,Sandals,7,42713,Flats,0.814052402973175,False
41870,Sandals,8,13562,Heels,0.8121048212051392,False
41870,Sandals,9,11940,Sandals,0.8112446069717407,True
41870,Sandals,10,35403,Flip Flops,0.8099122047424316,False
7388,Formal Shoes,1,35229,Formal Shoes,0.890615701675415,True
7388,Formal Shoes,2,7386,Formal Shoes,0.884911298751831,True
7388,Formal Shoes,3,57509,Casual Shoes,0.8753983378410339,False
7388,Formal Shoes,4,35650,Formal Shoes,0.8732448816299438,True
7388,Formal Shoes,5,23243,Formal Shoes,0.8693803548812866,True
7388,Formal Shoes,6,12473,Formal Shoes,0.8693689703941345,True
7388,Formal Shoes,7,22146,Formal Shoes,0.8614023923873901,True
7388,Formal Shoes,8,11896,Formal Shoes,0.861395001411438,True
7388,Formal Shoes,9,24685,Formal Shoes,0.861189067363739,True
7388,Formal Shoes,10,7372,Formal Shoes,0.8611027002334595,True
59611,Sarees,1,52931,Sarees,0.7117886543273926,True
59611,Sarees,2,53023,Sarees,0.7000216245651245,True
59611,Sarees,3,52899,Sarees,0.6961044073104858,True
59611,Sarees,4,59613,Sarees,0.6891018152236938,True
59611,Sarees,5,57958,Sarees,0.6857472658157349,True
59611,Sarees,6,59668,Sarees,0.6825582981109619,True
59611,Sarees,7,59595,Sarees,0.6799460649490356,True
59611,Sarees,8,59589,Sarees,0.6741208434104919,True
59611,Sarees,9,59651,Sarees,0.6731173992156982,True
59611,Sarees,10,59648,Sarees,0.665654718875885,True
4955,Shirts,1,4956,Shirts,0.8949323892593384,True
4955,Shirts,2,4953,Tshirts,0.7499779462814331,False
4955,Shirts,3,4944,Shirts,0.7259117364883423,True
4955,Shirts,4,4943,Shirts,0.7259117364883423,True
4955,Shirts,5,34043,Shirts,0.711531400680542,True
4955,Shirts,6,34042,Shirts,0.711531400680542,True
4955,Shirts,7,31094,Shirts,0.711531400680542,True
4955,Shirts,8,30718,Kurta Sets,0.6955169439315796,False
4955,Shirts,9,57120,Tops,0.6948108673095703,False
4955,Shirts,10,4954,Tshirts,0.6917648911476135,False
53777,Sports Shoes,1,44760,Casual Shoes,0.7879980206489563,False
53777,Sports Shoes,2,39637,Sports Shoes,0.7797216773033142,True
53777,Sports Shoes,3,5739,Sports Shoes,0.773267924785614,True
53777,Sports Shoes,4,23942,Sports Shoes,0.7690689563751221,True
53777,Sports Shoes,5,1828,Sports Shoes,0.7689813375473022,True
53777,Sports Shoes,6,4535,Sports Shoes,0.7622439861297607,True
53777,Sports Shoes,7,6380,Sports Shoes,0.7611915469169617,True
53777,Sports Shoes,8,43876,Casual Shoes,0.7608159780502319,False
53777,Sports Shoes,9,10035,Sports Shoes,0.7587162256240845,True
53777,Sports Shoes,10,10126,Sports Shoes,0.7586759328842163,True
8768,Sunglasses,1,8705,Sunglasses,0.9419981837272644,True
8768,Sunglasses,2,8617,Sunglasses,0.9411869645118713,True
8768,Sunglasses,3,41519,Sunglasses,0.9372599124908447,True
8768,Sunglasses,4,28301,Sunglasses,0.9364575147628784,True
8768,Sunglasses,5,41520,Sunglasses,0.933058500289917,True
8768,Sunglasses,6,8662,Sunglasses,0.9283452033996582,True
8768,Sunglasses,7,8675,Sunglasses,0.9262887239456177,True
8768,Sunglasses,8,51680,Sunglasses,0.9212112426757812,True
8768,Sunglasses,9,21287,Sunglasses,0.9202296733856201,True
8768,Sunglasses,10,21292,Sunglasses,0.9178909659385681,True
50750,Casual Shoes,1,39273,Casual Shoes,0.83021080493927,True
50750,Casual Shoes,2,22850,Casual Shoes,0.824033260345459,True
50750,Casual Shoes,3,5682,Casual Shoes,0.8212590217590332,True
50750,Casual Shoes,4,39272,Casual Shoes,0.8044699430465698,True
50750,Casual Shoes,5,39270,Casual Shoes,0.8032932877540588,True
50750,Casual Shoes,6,39275,Casual Shoes,0.7981239557266235,True
50750,Casual Shoes,7,39261,Casual Shoes,0.7971788644790649,True
50750,Casual Shoes,8,22825,Casual Shoes,0.7885076403617859,True
50750,Casual Shoes,9,39304,Casual Shoes,0.7884924411773682,True
50750,Casual Shoes,10,50742,Casual Shoes,0.7881188988685608,True
17097,Wallets,1,17089,Wallets,0.7777393460273743,True
17097,Wallets,2,17078,Wallets,0.7689706683158875,True
17097,Wallets,3,23692,Wallets,0.7495936751365662,True
17097,Wallets,4,17087,Wallets,0.7363096475601196,True
17097,Wallets,5,52775,Wallets,0.7354143261909485,True
17097,Wallets,6,52774,Wallets,0.7313887476921082,True
17097,Wallets,7,17090,Wallets,0.7304438352584839,True
17097,Wallets,8,36510,Wallets,0.7269549369812012,True
17097,Wallets,9,45277,Wallets,0.7262523174285889,True
17097,Wallets,10,58239,Wallets,0.7218550443649292,True
19569,Tshirts,1,14534,Tshirts,0.7648866176605225,True
19569,Tshirts,2,48072,Tshirts,0.761104166507721,True
19569,Tshirts,3,4239,Tshirts,0.7559990286827087,True
19569,Tshirts,4,53319,Tshirts,0.7548431158065796,True
19569,Tshirts,5,29343,Tshirts,0.7543553113937378,True
19569,Tshirts,6,18852,Tshirts,0.7491009831428528,True
19569,Tshirts,7,22805,Tshirts,0.7438212633132935,True
19569,Tshirts,8,23157,Tshirts,0.7425251007080078,True
19569,Tshirts,9,14530,Tshirts,0.7422156929969788,True
19569,Tshirts,10,5667,Tshirts,0.7408387660980225,True
46251,Tunics,1,23050,Dresses,0.8237730860710144,False
46251,Tunics,2,28872,Kurtas,0.8229755163192749,False
46251,Tunics,3,6024,Tshirts,0.8112325072288513,False
46251,Tunics,4,46253,Kurtas,0.8104804754257202,False
46251,Tunics,5,46244,Tunics,0.8030037879943848,True
46251,Tunics,6,22779,Kurtas,0.786989152431488,False
46251,Tunics,7,46274,Tops,0.7836868166923523,False
46251,Tunics,8,39224,Shirts,0.7826975584030151,False
46251,Tunics,9,18263,Kurtas,0.7818629145622253,False
46251,Tunics,10,39178,Kurtas,0.7764424681663513,False
13261,Jeans,1,13262,Jeans,0.9965187311172485,True
13261,Jeans,2,38930,Jeans,0.8347223401069641,True
13261,Jeans,3,38931,Jeans,0.8322646617889404,True
13261,Jeans,4,42594,Jeans,0.8316476941108704,True
13261,Jeans,5,13259,Jeans,0.8305723667144775,True
13261,Jeans,6,41010,Jeans,0.8242754936218262,True
13261,Jeans,7,41009,Jeans,0.8242754936218262,True
13261,Jeans,8,33147,Jeans,0.8237373232841492,True
13261,Jeans,9,13260,Jeans,0.8236364722251892,True
13261,Jeans,10,24607,Jeans,0.8177570104598999,True
1844,Tshirts,1,12651,Tshirts,0.8778642416000366,True
1844,Tshirts,2,27361,Tshirts,0.874779224395752,True
1844,Tshirts,3,3985,Tshirts,0.8733160495758057,True
1844,Tshirts,4,1852,Tshirts,0.873287558555603,True
1844,Tshirts,5,1845,Tshirts,0.8715370893478394,True
1844,Tshirts,6,3684,Tshirts,0.8706325888633728,True
1844,Tshirts,7,7666,Tshirts,0.867577314376831,True
1844,Tshirts,8,3990,Tshirts,0.857329785823822,True
1844,Tshirts,9,28996,Tshirts,0.8562945127487183,True
1844,Tshirts,10,29352,Tshirts,0.855701208114624,True
39397,Tshirts,1,28855,Tshirts,0.8997073173522949,True
39397,Tshirts,2,37722,Shirts,0.885116696357727,False
39397,Tshirts,3,33570,Tshirts,0.8822978734970093,True
39397,Tshirts,4,10470,Tshirts,0.8687736988067627,True
39397,Tshirts,5,37744,Shirts,0.8620265126228333,False
39397,Tshirts,6,37753,Shirts,0.8584227561950684,False
39397,Tshirts,7,37780,Shirts,0.8582063913345337,False
39397,Tshirts,8,37724,Shirts,0.8573751449584961,False
39397,Tshirts,9,37787,Shirts,0.8572055101394653,False
39397,Tshirts,10,16273,Shirts,0.8538602590560913,False
56498,Nail Polish,1,56460,Nail Polish,0.98089599609375,True
56498,Nail Polish,2,56497,Nail Polish,0.9776841402053833,True
56498,Nail Polish,3,56494,Nail Polish,0.9546990990638733,True
56498,Nail Polish,4,56502,Nail Polish,0.9533740878105164,True
56498,Nail Polish,5,56496,Nail Polish,0.9532998204231262,True
56498,Nail Polish,6,56486,Nail Polish,0.95045006275177,True
56498,Nail Polish,7,56469,Nail Polish,0.9480138421058655,True
56498,Nail Polish,8,56462,Nail Polish,0.9403258562088013,True
56498,Nail Polish,9,56505,Nail Polish,0.9399756193161011,True
56498,Nail Polish,10,56463,Nail Polish,0.9311825037002563,True
13408,Shirts,1,14669,Shirts,0.8973218202590942,True
13408,Shirts,2,14580,Shirts,0.8961954116821289,True
13408,Shirts,3,19721,Shirts,0.8844351172447205,True
13408,Shirts,4,8191,Shirts,0.8818941116333008,True
13408,Shirts,5,19200,Shirts,0.8815054893493652,True
13408,Shirts,6,19720,Shirts,0.8799440860748291,True
13408,Shirts,7,30807,Shirts,0.8735552430152893,True
13408,Shirts,8,17750,Shirts,0.8717962503433228,True
13408,Shirts,9,12177,Shirts,0.868295431137085,True
13408,Shirts,10,14677,Shirts,0.8658014535903931,True
42038,Sports Shoes,1,12698,Sports Shoes,0.806247353553772,True
42038,Sports Shoes,2,36221,Sports Shoes,0.7907803654670715,True
42038,Sports Shoes,3,9385,Sports Shoes,0.7777929902076721,True
42038,Sports Shoes,4,26452,Casual Shoes,0.7708566784858704,False
42038,Sports Shoes,5,31952,Sports Shoes,0.7685025930404663,True
42038,Sports Shoes,6,29233,Casual Shoes,0.7656545639038086,False
42038,Sports Shoes,7,15397,Casual Shoes,0.7621310353279114,False
42038,Sports Shoes,8,31970,Sports Shoes,0.7566537857055664,True
42038,Sports Shoes,9,39625,Casual Shoes,0.756182849407196,False
42038,Sports Shoes,10,10639,Casual Shoes,0.7536818385124207,False
51883,Wallets,1,17096,Wallets,0.7535112500190735,True
51883,Wallets,2,48128,Wallets,0.7526958584785461,True
51883,Wallets,3,51884,Wallets,0.7370718717575073,True
51883,Wallets,4,33620,Wallets,0.7360988259315491,True
51883,Wallets,5,45282,Wallets,0.7130929231643677,True
51883,Wallets,6,17089,Wallets,0.7100240588188171,True
51883,Wallets,7,33619,Wallets,0.7061225175857544,True
51883,Wallets,8,20467,Wallets,0.7059078216552734,True
51883,Wallets,9,48164,Wallets,0.704034686088562,True
51883,Wallets,10,33617,Wallets,0.699029803276062,True
59484,Ring,1,48972,Ring,0.7430346012115479,True
59484,Ring,2,49033,Ring,0.642842173576355,True
59484,Ring,3,48928,Ring,0.6275208592414856,True
59484,Ring,4,48929,Ring,0.6270670890808105,True
59484,Ring,5,48981,Ring,0.6254850625991821,True
59484,Ring,6,59481,Ring,0.6219441890716553,True
59484,Ring,7,48970,Ring,0.6195564866065979,True
59484,Ring,8,49035,Ring,0.6181100606918335,True
59484,Ring,9,49025,Ring,0.615044891834259,True
59484,Ring,10,49006,Ring,0.6068639755249023,True
23666,Shirts,1,12909,Shirts,0.8980449438095093,True
23666,Shirts,2,14671,Shirts,0.855491042137146,True
23666,Shirts,3,24067,Shirts,0.8449698090553284,True
23666,Shirts,4,14667,Shirts,0.840501070022583,True
23666,Shirts,5,15967,Shirts,0.8377959728240967,True
23666,Shirts,6,20147,Shirts,0.8278869390487671,True
23666,Shirts,7,16025,Shirts,0.8272098302841187,True
23666,Shirts,8,16475,Shirts,0.8258055448532104,True
23666,Shirts,9,20368,Shirts,0.8254289627075195,True
23666,Shirts,10,11081,Shirts,0.8250428438186646,True
54734,Casual Shoes,1,17701,Casual Shoes,0.8250241875648499,True
54734,Casual Shoes,2,54733,Casual Shoes,0.7988773584365845,True
54734,Casual Shoes,3,49502,Casual Shoes,0.7959859371185303,True
54734,Casual Shoes,4,49497,Casual Shoes,0.792404294013977,True
54734,Casual Shoes,5,49470,Casual Shoes,0.7914122343063354,True
54734,Casual Shoes,6,49377,Casual Shoes,0.7875626087188721,True
54734,Casual Shoes,7,54742,Casual Shoes,0.7860157489776611,True
54734,Casual Shoes,8,49483,Casual Shoes,0.7850139737129211,True
54734,Casual Shoes,9,10308,Casual Shoes,0.7825566530227661,True
54734,Casual Shoes,10,49406,Casual Shoes,0.7777642011642456,True
51410,Shirts,1,51408,Shirts,0.9101375341415405,True
51410,Shirts,2,19839,Shirts,0.8576864004135132,True
51410,Shirts,3,22354,Shirts,0.8569942712783813,True
51410,Shirts,4,14959,Jackets,0.8542249798774719,False
51410,Shirts,5,48367,Shirts,0.8533626794815063,True
51410,Shirts,6,53152,Shirts,0.8522152900695801,True
51410,Shirts,7,46353,Shirts,0.8500746488571167,True
51410,Shirts,8,55595,Shirts,0.8494956493377686,True
51410,Shirts,9,22377,Shirts,0.8486859798431396,True
51410,Shirts,10,54948,Sweatshirts,0.8464477062225342,False
33064,Shirts,1,16044,Shirts,0.9093712568283081,True
33064,Shirts,2,33059,Shirts,0.8711072206497192,True
33064,Shirts,3,16043,Shirts,0.8606894016265869,True
33064,Shirts,4,33066,Shirts,0.858551025390625,True
33064,Shirts,5,33062,Shirts,0.8459963798522949,True
33064,Shirts,6,29657,Shirts,0.8391051292419434,True
33064,Shirts,7,18917,Shirts,0.8367819786071777,True
33064,Shirts,8,13402,Shirts,0.8359869718551636,True
33064,Shirts,9,11692,Shirts,0.8297420144081116,True
33064,Shirts,10,33065,Shirts,0.8289401531219482,True
4595,Backpacks,1,4610,Backpacks,0.7205108404159546,True
4595,Backpacks,2,22968,Backpacks,0.6812835931777954,True
4595,Backpacks,3,13697,Backpacks,0.6806687712669373,True
4595,Backpacks,4,34460,Backpacks,0.6788185834884644,True
4595,Backpacks,5,5228,Backpacks,0.6699067950248718,True
4595,Backpacks,6,38131,Backpacks,0.6649061441421509,True
4595,Backpacks,7,25886,Backpacks,0.6597797870635986,True
4595,Backpacks,8,29191,Backpacks,0.6589412689208984,True
4595,Backpacks,9,38748,Backpacks,0.6555407047271729,True
4595,Backpacks,10,4589,Backpacks,0.6551083326339722,True
4901,Tops,1,4900,Tops,1.0000001192092896,True
4901,Tops,2,9998,Tops,0.8272401690483093,True
4901,Tops,3,4717,Tshirts,0.8184502720832825,False
4901,Tops,4,5009,Tops,0.8131198883056641,True
4901,Tops,5,4213,Tshirts,0.8096408843994141,False
4901,Tops,6,38326,Tops,0.809323787689209,True
4901,Tops,7,4887,Tops,0.7997214794158936,True
4901,Tops,8,4886,Tops,0.7997214794158936,True
4901,Tops,9,31125,Tops,0.7919120788574219,True
4901,Tops,10,9999,Tops,0.7903006076812744,True
58797,Shirts,1,56787,Shirts,0.8356642723083496,True
58797,Shirts,2,6769,Shirts,0.8338726758956909,True
58797,Shirts,3,10356,Shirts,0.8305027484893799,True
58797,Shirts,4,10815,Shirts,0.8273522853851318,True
58797,Shirts,5,41599,Shirts,0.8187671899795532,True
58797,Shirts,6,59302,Shirts,0.813603401184082,True
58797,Shirts,7,58793,Shirts,0.8060440421104431,True
58797,Shirts,8,19721,Shirts,0.8059877157211304,True
58797,Shirts,9,33551,Shirts,0.805483341217041,True
58797,Shirts,10,20173,Shirts,0.8008593320846558,True
39901,Sports Shoes,1,9048,Sports Shoes,0.8337485194206238,True
39901,Sports Shoes,2,53636,Casual Shoes,0.7761203050613403,False
39901,Sports Shoes,3,4633,Sports Shoes,0.7621036767959595,True
39901,Sports Shoes,4,23856,Casual Shoes,0.7569397687911987,False
39901,Sports Shoes,5,15256,Casual Shoes,0.7505434155464172,False
39901,Sports Shoes,6,33512,Casual Shoes,0.7505260109901428,False
39901,Sports Shoes,7,36446,Sports Shoes,0.7467858791351318,True
39901,Sports Shoes,8,44541,Sandals,0.746412456035614,False
39901,Sports Shoes,9,5699,Casual Shoes,0.7437835335731506,False
39901,Sports Shoes,10,42019,Casual Shoes,0.7420174479484558,False
19962,Sweaters,1,19522,Sweaters,0.8788935542106628,True
19962,Sweaters,2,14994,Sweaters,0.8176659941673279,True
19962,Sweaters,3,19961,Sweaters,0.7745524644851685,True
19962,Sweaters,4,15037,Sweaters,0.7291221022605896,True
19962,Sweaters,5,23068,Sweaters,0.7118112444877625,True
19962,Sweaters,6,16281,Sweatshirts,0.7041484713554382,False
19962,Sweaters,7,39166,Kurtas,0.703382134437561,False
19962,Sweaters,8,20245,Tshirts,0.697121262550354,False
19962,Sweaters,9,23483,Scarves,0.6948890686035156,False
19962,Sweaters,10,18886,Shirts,0.6898584961891174,False
12770,Tops,1,21902,Kurtas,0.7982789874076843,False
12770,Tops,2,12787,Kurtas,0.7692344784736633,False
12770,Tops,3,50328,Kurtas,0.7684297561645508,False
12770,Tops,4,12129,Kurtas,0.7667368054389954,False
12770,Tops,5,33035,Kurtas,0.7607631087303162,False
12770,Tops,6,23305,Kurtas,0.7601571083068848,False
12770,Tops,7,22051,Kurtas,0.7568076848983765,False
12770,Tops,8,54589,Kurtas,0.7525255680084229,False
12770,Tops,9,22100,Kurtas,0.7513153553009033,False
12770,Tops,10,26515,Shirts,0.7510828971862793,False
40565,Kurtas,1,12126,Kurtas,0.8751695156097412,True
40565,Kurtas,2,12146,Kurtis,0.8623003959655762,False
40565,Kurtas,3,28762,Kurtas,0.8526377081871033,True
40565,Kurtas,4,19066,Kurtas,0.8454520106315613,True
40565,Kurtas,5,12118,Kurtas,0.8396029472351074,True
40565,Kurtas,6,19085,Kurtas,0.8386243581771851,True
40565,Kurtas,7,14547,Kurtas,0.8298982977867126,True
40565,Kurtas,8,11627,Kurtas,0.8296997547149658,True
40565,Kurtas,9,15094,Kurtas,0.8251599073410034,True
40565,Kurtas,10,23311,Kurtas,0.824955940246582,True
31196,Wallets,1,31195,Wallets,0.7062678337097168,True
31196,Wallets,2,31194,Wallets,0.6039696335792542,True
31196,Wallets,3,36909,Wallets,0.5741925835609436,True
31196,Wallets,4,59863,Eye Cream,0.5020078420639038,False
31196,Wallets,5,45721,Deodorant,0.4958987236022949,False
31196,Wallets,6,43996,Perfume and Body Mist,0.4835354685783386,False
31196,Wallets,7,57770,Mask and Peel,0.4600653648376465,False
31196,Wallets,8,30077,Watches,0.45175355672836304,False
31196,Wallets,9,55331,Hair Colour,0.4515101909637451,False
31196,Wallets,10,20455,Wallets,0.45142650604248047,True
13835,Jackets,1,18202,Sweatshirts,0.8377552032470703,False
13835,Jackets,2,18203,Sweatshirts,0.8355379700660706,False
13835,Jackets,3,15317,Sweatshirts,0.8322697281837463,False
13835,Jackets,4,15620,Jackets,0.8306729197502136,True
13835,Jackets,5,22626,Sweaters,0.8245047330856323,False
13835,Jackets,6,14028,Tracksuits,0.814914882183075,False
13835,Jackets,7,15625,Sweatshirts,0.8114999532699585,False
13835,Jackets,8,15337,Tracksuits,0.8089932799339294,False
13835,Jackets,9,15602,Sweatshirts,0.8064654469490051,False
13835,Jackets,10,15599,Sweatshirts,0.8033417463302612,False
59819,Shirts,1,13734,Shirts,0.901056170463562,True
59819,Shirts,2,29184,Shirts,0.8982155323028564,True
59819,Shirts,3,12663,Shirts,0.8872791528701782,True
59819,Shirts,4,37722,Shirts,0.8821619749069214,True
59819,Shirts,5,37736,Shirts,0.8775684833526611,True
59819,Shirts,6,43543,Shirts,0.8755747079849243,True
59819,Shirts,7,29798,Shirts,0.8755048513412476,True
59819,Shirts,8,51411,Shirts,0.8754023313522339,True
59819,Shirts,9,9729,Shirts,0.8742453455924988,True
59819,Shirts,10,15171,Tshirts,0.87318354845047,False
40108,Track Pants,1,40034,Track Pants,0.94550621509552,True
40108,Track Pants,2,40025,Track Pants,0.9305062294006348,True
40108,Track Pants,3,34253,Track Pants,0.9225468039512634,True
40108,Track Pants,4,17945,Track Pants,0.913863480091095,True
40108,Track Pants,5,29846,Trousers,0.9124628305435181,False
40108,Track Pants,6,34255,Track Pants,0.9074917435646057,True
40108,Track Pants,7,11280,Jeans,0.9054791331291199,False
40108,Track Pants,8,16221,Track Pants,0.9044017195701599,True
40108,Track Pants,9,22998,Lounge Pants,0.9037072062492371,False
40108,Track Pants,10,27609,Trousers,0.9035744667053223,False
43322,Tops,1,5767,Tops,0.800544023513794,True
43322,Tops,2,43511,Dresses,0.7960537672042847,False
43322,Tops,3,33969,Dresses,0.7928426265716553,False
43322,Tops,4,45947,Tops,0.7918848991394043,True
43322,Tops,5,47650,Dresses,0.7897452116012573,False
43322,Tops,6,57044,Dresses,0.7875632047653198,False
43322,Tops,7,58700,Kurtas,0.7859382629394531,False
43322,Tops,8,50353,Kurtas,0.7811465859413147,False
43322,Tops,9,16212,Tshirts,0.7805046439170837,False
43322,Tops,10,46273,Tunics,0.7803572416305542,False
33293,Shirts,1,11051,Shirts,0.9166741371154785,True
33293,Shirts,2,11052,Shirts,0.9166741371154785,True
33293,Shirts,3,20168,Shirts,0.9071325659751892,True
33293,Shirts,4,12663,Shirts,0.9034509658813477,True
33293,Shirts,5,29292,Shirts,0.8976158499717712,True
33293,Shirts,6,41591,Shirts,0.8958682417869568,True
33293,Shirts,7,27559,Shirts,0.8927353620529175,True
33293,Shirts,8,43410,Shirts,0.8927353620529175,True
33293,Shirts,9,29798,Shirts,0.8922532796859741,True
33293,Shirts,10,33546,Shirts,0.8898772597312927,True
38227,Sunglasses,1,23745,Sunglasses,0.9565969705581665,True
38227,Sunglasses,2,17597,Sunglasses,0.9464704394340515,True
38227,Sunglasses,3,38238,Sunglasses,0.9418089985847473,True
38227,Sunglasses,4,30681,Sunglasses,0.9407902359962463,True
38227,Sunglasses,5,17596,Sunglasses,0.9406505227088928,True
38227,Sunglasses,6,30266,Sunglasses,0.9398319125175476,True
38227,Sunglasses,7,40177,Sunglasses,0.9375634789466858,True
38227,Sunglasses,8,17587,Sunglasses,0.9347062706947327,True
38227,Sunglasses,9,23789,Sunglasses,0.9346969127655029,True
38227,Sunglasses,10,23770,Sunglasses,0.9328252673149109,True
47588,Flats,1,47585,Flats,0.8818181753158569,True
47588,Flats,2,47576,Heels,0.7942920923233032,False
47588,Flats,3,47571,Heels,0.7741753458976746,False
47588,Flats,4,47564,Heels,0.7681194543838501,False
47588,Flats,5,18555,Heels,0.766837477684021,False
47588,Flats,6,45405,Flats,0.7666115760803223,True
47588,Flats,7,47598,Heels,0.7625702023506165,False
47588,Flats,8,45404,Flats,0.744657576084137,True
47588,Flats,9,18564,Flats,0.7443998456001282,True
47588,Flats,10,39871,Heels,0.7431768774986267,False
44903,Tshirts,1,44904,Tshirts,0.8306590914726257,True
44903,Tshirts,2,28926,Tshirts,0.8266709446907043,True
44903,Tshirts,3,16492,Tshirts,0.8243712782859802,True
44903,Tshirts,4,3202,Tshirts,0.8165352940559387,True
44903,Tshirts,5,9931,Tshirts,0.8137158751487732,True
44903,Tshirts,6,4083,Tshirts,0.8132211565971375,True
44903,Tshirts,7,30550,Tshirts,0.812130868434906,True
44903,Tshirts,8,14910,Tshirts,0.8116845488548279,True
44903,Tshirts,9,53788,Tshirts,0.8077690005302429,True
44903,Tshirts,10,14915,Tshirts,0.8062061667442322,True
8351,Tshirts,1,8353,Tshirts,0.7895606160163879,True
8351,Tshirts,2,48247,Tshirts,0.7705224752426147,True
8351,Tshirts,3,38478,Shirts,0.7703192234039307,False
8351,Tshirts,4,43686,Tshirts,0.7583448886871338,True
8351,Tshirts,5,41754,Tshirts,0.7583448886871338,True
8351,Tshirts,6,43685,Tshirts,0.7583448886871338,True
8351,Tshirts,7,4192,Tshirts,0.7441061735153198,True
8351,Tshirts,8,34101,Tshirts,0.7426286339759827,True
8351,Tshirts,9,35456,Tshirts,0.7426286339759827,True
8351,Tshirts,10,35457,Tshirts,0.7426286339759827,True
15564,Heels,1,15568,Heels,0.7857614159584045,True
15564,Heels,2,3639,Casual Shoes,0.6179394125938416,False
15564,Heels,3,6664,Sports Shoes,0.6041222214698792,False
15564,Heels,4,33101,Heels,0.5986069440841675,True
15564,Heels,5,56928,Heels,0.5983326435089111,True
15564,Heels,6,45400,Flats,0.589032769203186,False
15564,Heels,7,13118,Casual Shoes,0.5825011730194092,False
15564,Heels,8,12954,Sports Shoes,0.5782505869865417,False
15564,Heels,9,36229,Sports Shoes,0.5779294967651367,False
15564,Heels,10,19872,Flip Flops,0.5736260414123535,False
10472,Tshirts,1,4161,Tshirts,0.8247694969177246,True
10472,Tshirts,2,7658,Tshirts,0.8220608234405518,True
10472,Tshirts,3,28999,Tshirts,0.8199865221977234,True
10472,Tshirts,4,29352,Tshirts,0.812019944190979,True
10472,Tshirts,5,32926,Tshirts,0.8076187372207642,True
10472,Tshirts,6,26917,Tops,0.8030116558074951,False
10472,Tshirts,7,10459,Tshirts,0.8029685020446777,True
10472,Tshirts,8,7666,Tshirts,0.8026770353317261,True
10472,Tshirts,9,14061,Tshirts,0.8011666536331177,True
10472,Tshirts,10,4353,Tshirts,0.8011545538902283,True
57187,Tunics,1,26957,Shirts,0.808793842792511,False
57187,Tunics,2,26959,Shirts,0.7955928444862366,False
57187,Tunics,3,22744,Kurtas,0.7927184104919434,False
57187,Tunics,4,6945,Tshirts,0.7905677556991577,False
57187,Tunics,5,7847,Tshirts,0.7888035774230957,False
57187,Tunics,6,1986,Tshirts,0.7881112098693848,False
57187,Tunics,7,26960,Shirts,0.7864880561828613,False
57187,Tunics,8,57126,Tops,0.7861387729644775,False
57187,Tunics,9,14104,Tshirts,0.7850548624992371,False
57187,Tunics,10,3951,Tops,0.7847273349761963,False
46001,Sarees,1,45996,Sarees,0.7688575387001038,True
46001,Sarees,2,34996,Sarees,0.763035774230957,True
46001,Sarees,3,46004,Sarees,0.7601307034492493,True
46001,Sarees,4,45992,Sarees,0.7482864856719971,True
46001,Sarees,5,45984,Sarees,0.7333015203475952,True
46001,Sarees,6,45985,Sarees,0.7192744016647339,True
46001,Sarees,7,34995,Sarees,0.7106083035469055,True
46001,Sarees,8,57957,Sarees,0.7069395184516907,True
46001,Sarees,9,45994,Sarees,0.6946361064910889,True
46001,Sarees,10,45995,Sarees,0.688698947429657,True
50356,Kurtas,1,56718,Kurtas,0.8495215177536011,True
50356,Kurtas,2,52496,Bath Robe,0.8397437334060669,False
50356,Kurtas,3,50352,Kurtas,0.8283147811889648,True
50356,Kurtas,4,56692,Kurtas,0.8215494155883789,True
50356,Kurtas,5,53404,Kurtas,0.8186078071594238,True
50356,Kurtas,6,54082,Kurtis,0.8104914426803589,False
50356,Kurtas,7,59129,Jackets,0.7999911308288574,False
50356,Kurtas,8,53812,Kurta Sets,0.7948943972587585,False
50356,Kurtas,9,35044,Kurtas,0.7943610548973083,True
50356,Kurtas,10,59965,Dresses,0.7939465045928955,False
7721,Sports Shoes,1,41824,Sports Shoes,0.8537046313285828,True
7721,Sports Shoes,2,4510,Sports Shoes,0.8395521640777588,True
7721,Sports Shoes,3,3163,Sports Shoes,0.8250851035118103,True
7721,Sports Shoes,4,44783,Sports Shoes,0.8216001987457275,True
7721,Sports Shoes,5,3302,Sports Shoes,0.8209570646286011,True
7721,Sports Shoes,6,23940,Sports Shoes,0.8198378682136536,True
7721,Sports Shoes,7,9050,Sports Shoes,0.8188417553901672,True
7721,Sports Shoes,8,39628,Sports Shoes,0.8168368339538574,True
7721,Sports Shoes,9,4508,Sports Shoes,0.8160125017166138,True
7721,Sports Shoes,10,3304,Sports Shoes,0.808337926864624,True
53782,Tshirts,1,44899,Tshirts,0.9409727454185486,True
53782,Tshirts,2,44901,Tshirts,0.9334371089935303,True
53782,Tshirts,3,2005,Tshirts,0.9332319498062134,True
53782,Tshirts,4,40101,Tshirts,0.9330675601959229,True
53782,Tshirts,5,34226,Tshirts,0.9297289848327637,True
53782,Tshirts,6,2194,Tshirts,0.9296375513076782,True
53782,Tshirts,7,14507,Tshirts,0.9293413162231445,True
53782,Tshirts,8,34398,Tshirts,0.9288680553436279,True
53782,Tshirts,9,45533,Tshirts,0.9270537495613098,True
53782,Tshirts,10,7788,Tshirts,0.9269874095916748,True
14045,Shirts,1,10612,Shirts,0.8939667344093323,True
14045,Shirts,2,11081,Shirts,0.8824937343597412,True
14045,Shirts,3,11082,Shirts,0.8824937343597412,True
14045,Shirts,4,16048,Shirts,0.8698990941047668,True
14045,Shirts,5,12939,Shirts,0.8636053204536438,True
14045,Shirts,6,16393,Shirts,0.8619812726974487,True
14045,Shirts,7,24067,Shirts,0.8551546931266785,True
14045,Shirts,8,10816,Shirts,0.8471176028251648,True
14045,Shirts,9,20162,Shirts,0.8436322212219238,True
14045,Shirts,10,16459,Shirts,0.8435824513435364,True
55475,Lip Liner,1,55476,Lip Liner,0.9933711290359497,True
55475,Lip Liner,2,55474,Lip Liner,0.9928727746009827,True
55475,Lip Liner,3,55477,Lip Liner,0.9890276193618774,True
55475,Lip Liner,4,55479,Lip Liner,0.9870172739028931,True
55475,Lip Liner,5,55480,Lip Liner,0.9128074645996094,True
55475,Lip Liner,6,55482,Lip Liner,0.8505698442459106,True
55475,Lip Liner,7,56563,Lip Gloss,0.8197128176689148,False
55475,Lip Liner,8,56605,Kajal and Eyeliner,0.8105242848396301,False
55475,Lip Liner,9,56565,Lip Gloss,0.8101487755775452,False
55475,Lip Liner,10,56559,Lip Gloss,0.8094265460968018,False
33455,Handbags,1,53708,Handbags,0.6215008497238159,True
33455,Handbags,2,33429,Handbags,0.6111025810241699,True
33455,Handbags,3,7614,Messenger Bag,0.5658119916915894,False
33455,Handbags,4,42936,Handbags,0.5600346922874451,True
33455,Handbags,5,53364,Backpacks,0.5590242743492126,False
33455,Handbags,6,18799,Handbags,0.5583856701850891,True
33455,Handbags,7,20579,Mobile Pouch,0.5582248568534851,False
33455,Handbags,8,47322,Mobile Pouch,0.5525758862495422,False
33455,Handbags,9,50427,Handbags,0.5501393675804138,True
33455,Handbags,10,53942,Handbags,0.5497159361839294,True
4534,Tshirts,1,3538,Tshirts,0.8679866194725037,True
4534,Tshirts,2,28932,Tshirts,0.8663252592086792,True
4534,Tshirts,3,24041,Tshirts,0.8619001507759094,True
4534,Tshirts,4,5502,Tshirts,0.8606715202331543,True
4534,Tshirts,5,3270,Tshirts,0.8571555614471436,True
4534,Tshirts,6,3984,Tshirts,0.856734037399292,True
4534,Tshirts,7,10465,Tshirts,0.8547815084457397,True
4534,Tshirts,8,3124,Tshirts,0.8543055057525635,True
4534,Tshirts,9,43613,Tshirts,0.8536748290061951,True
4534,Tshirts,10,21394,Tshirts,0.8524805307388306,True
10623,Flip Flops,1,10624,Heels,0.7447524070739746,False
10623,Flip Flops,2,45383,Flats,0.7095556259155273,False
10623,Flip Flops,3,47597,Heels,0.6887500882148743,False
10623,Flip Flops,4,27081,Heels,0.6879090666770935,False
10623,Flip Flops,5,47533,Flats,0.6809516549110413,False
10623,Flip Flops,6,59036,Flats,0.6779078841209412,False
10623,Flip Flops,7,54130,Heels,0.6765167117118835,False
10623,Flip Flops,8,2251,Flip Flops,0.6759944558143616,True
10623,Flip Flops,9,47532,Flats,0.6753933429718018,False
10623,Flip Flops,10,53869,Heels,0.6751432418823242,False
45045,Watches,1,45042,Watches,0.8601441383361816,True
45045,Watches,2,45153,Watches,0.7961914539337158,True
45045,Watches,3,32299,Watches,0.7773028612136841,True
45045,Watches,4,56672,Watches,0.772166907787323,True
45045,Watches,5,29415,Watches,0.7668441534042358,True
45045,Watches,6,36794,Watches,0.7658383250236511,True
45045,Watches,7,37474,Watches,0.7580955624580383,True
45045,Watches,8,19762,Watches,0.7538277506828308,True
45045,Watches,9,41030,Watches,0.7526702284812927,True
45045,Watches,10,45928,Free Gifts,0.7522624731063843,False
47349,Handbags,1,38474,Handbags,0.8579180836677551,True
47349,Handbags,2,35147,Handbags,0.8180321455001831,True
47349,Handbags,3,51915,Handbags,0.8128113150596619,True
47349,Handbags,4,37006,Handbags,0.8124451637268066,True
47349,Handbags,5,57238,Handbags,0.8106740713119507,True
47349,Handbags,6,38143,Handbags,0.8087965250015259,True
47349,Handbags,7,47397,Handbags,0.8062292337417603,True
47349,Handbags,8,47361,Handbags,0.8029205799102783,True
47349,Handbags,9,38458,Handbags,0.7903119325637817,True
47349,Handbags,10,18163,Handbags,0.7880014777183533,True
3140,Heels,1,14372,Heels,0.7224501967430115,True
3140,Heels,2,6321,Flip Flops,0.7107431888580322,False
3140,Heels,3,57857,Heels,0.6849839687347412,True
3140,Heels,4,36621,Heels,0.6805614233016968,True
3140,Heels,5,56921,Heels,0.6719269156455994,True
3140,Heels,6,39567,Heels,0.6697672605514526,True
3140,Heels,7,6438,Flip Flops,0.6661146879196167,False
3140,Heels,8,44213,Flip Flops,0.6646537184715271,False
3140,Heels,9,45332,Heels,0.6635996103286743,True
3140,Heels,10,45826,Heels,0.661410391330719,True
50332,Kurtas,1,42522,Kurtas,0.8428928852081299,True
50332,Kurtas,2,31314,Kurtas,0.8254526853561401,True
50332,Kurtas,3,45848,Kurtas,0.8227928876876831,True
50332,Kurtas,4,32245,Kurtas,0.8188749551773071,True
50332,Kurtas,5,15833,Kurtas,0.8153800368309021,True
50332,Kurtas,6,59354,Kurtas,0.8137254118919373,True
50332,Kurtas,7,21884,Kurtas,0.8105742335319519,True
50332,Kurtas,8,34591,Dresses,0.8100533485412598,False
50332,Kurtas,9,50343,Kurtas,0.8064572811126709,True
50332,Kurtas,10,28716,Kurtas,0.8050483465194702,True
52465,Camisoles,1,50000,Bra,0.806847095489502,False
52465,Camisoles,2,2576,Tops,0.8062202334403992,False
52465,Camisoles,3,50012,Bra,0.7923357486724854,False
52465,Camisoles,4,50006,Bra,0.7913211584091187,False
52465,Camisoles,5,56270,Bra,0.7869330644607544,False
52465,Camisoles,6,52514,Camisoles,0.7855125665664673,True
52465,Camisoles,7,59094,Bra,0.7796657085418701,False
52465,Camisoles,8,56277,Bra,0.7762378454208374,False
52465,Camisoles,9,2577,Tops,0.7741973400115967,False
52465,Camisoles,10,59090,Bra,0.7721177339553833,False
33660,Sandals,1,23298,Sandals,0.8171012997627258,True
33660,Sandals,2,28333,Sandals,0.7623687982559204,True
33660,Sandals,3,24408,Sports Shoes,0.7589764595031738,False
33660,Sandals,4,40481,Sports Shoes,0.7566699981689453,False
33660,Sandals,5,11907,Sandals,0.7559525370597839,True
33660,Sandals,6,34521,Sandals,0.7558720111846924,True
33660,Sandals,7,47231,Sandals,0.749846339225769,True
33660,Sandals,8,44541,Sandals,0.7489331364631653,True
33660,Sandals,9,44565,Sandals,0.746894359588623,True
33660,Sandals,10,25584,Sports Shoes,0.7457170486450195,False
25705,Tops,1,25704,Tops,0.8672610521316528,True
25705,Tops,2,1986,Tshirts,0.8661375045776367,False
25705,Tops,3,16146,Tops,0.8563843965530396,True
25705,Tops,4,16145,Tops,0.8516150116920471,True
25705,Tops,5,34447,Tshirts,0.8505992293357849,False
25705,Tops,6,19010,Tshirts,0.8503795862197876,False
25705,Tops,7,20131,Shirts,0.8482376337051392,False
25705,Tops,8,26360,Tshirts,0.8476413488388062,False
25705,Tops,9,34597,Tops,0.8473440408706665,True
25705,Tops,10,24952,Tshirts,0.8468847870826721,False
44732,Flip Flops,1,44731,Flip Flops,0.7887284755706787,True
44732,Flip Flops,2,24103,Flip Flops,0.7432129383087158,True
44732,Flip Flops,3,10746,Flip Flops,0.7378618717193604,True
44732,Flip Flops,4,46836,Flip Flops,0.7264704704284668,True
44732,Flip Flops,5,4004,Flip Flops,0.7225273847579956,True
44732,Flip Flops,6,40751,Flip Flops,0.7067075371742249,True
44732,Flip Flops,7,44200,Flip Flops,0.7050859928131104,True
44732,Flip Flops,8,46839,Sandals,0.7038754820823669,False
44732,Flip Flops,9,46851,Flip Flops,0.6980199813842773,True
44732,Flip Flops,10,40288,Flip Flops,0.692590594291687,True
5071,Watches,1,5072,Watches,0.8622983694076538,True
5071,Watches,2,46494,Watches,0.7688766121864319,True
5071,Watches,3,49847,Watches,0.7615064382553101,True
5071,Watches,4,32359,Watches,0.7545616626739502,True
5071,Watches,5,32368,Watches,0.7514675855636597,True
5071,Watches,6,46534,Watches,0.7499505281448364,True
5071,Watches,7,32345,Watches,0.7478370666503906,True
5071,Watches,8,41050,Watches,0.7423328161239624,True
5071,Watches,9,46566,Watches,0.72808438539505,True
5071,Watches,10,45030,Watches,0.7279376983642578,True
39533,Bra,1,56306,Bra,0.8981982469558716,True
39533,Bra,2,39532,Bra,0.8971722722053528,True
39533,Bra,3,53631,Bra,0.892947256565094,True
39533,Bra,4,27450,Bra,0.8926578164100647,True
39533,Bra,5,50008,Bra,0.8914876580238342,True
39533,Bra,6,56275,Bra,0.8908714652061462,True
39533,Bra,7,51046,Bra,0.8901271224021912,True
39533,Bra,8,30533,Bra,0.8897716999053955,True
39533,Bra,9,56307,Bra,0.8895527124404907,True
39533,Bra,10,57356,Bra,0.887223482131958,True
50903,Sarees,1,50882,Sarees,0.790308952331543,True
50903,Sarees,2,50861,Sarees,0.7796356678009033,True
50903,Sarees,3,53008,Sarees,0.775810718536377,True
50903,Sarees,4,47027,Kurtas,0.7551800012588501,False
50903,Sarees,5,28872,Kurtas,0.7502875924110413,False
50903,Sarees,6,52893,Sarees,0.7484254837036133,True
50903,Sarees,7,50876,Sarees,0.7444044947624207,True
50903,Sarees,8,54597,Kurtas,0.7422795295715332,False
50903,Sarees,9,52931,Sarees,0.7419535517692566,True
50903,Sarees,10,52936,Sarees,0.7398848533630371,True
25191,Handbags,1,25192,Handbags,0.814879298210144,True
25191,Handbags,2,46980,Handbags,0.697319507598877,True
25191,Handbags,3,14880,Handbags,0.6965446472167969,True
25191,Handbags,4,25262,Handbags,0.6848171353340149,True
25191,Handbags,5,43334,Handbags,0.6815141439437866,True
25191,Handbags,6,21558,Handbags,0.6759997606277466,True
25191,Handbags,7,47724,Handbags,0.6745543479919434,True
25191,Handbags,8,43333,Handbags,0.6734378337860107,True
25191,Handbags,9,27746,Handbags,0.6697354316711426,True
25191,Handbags,10,22010,Handbags,0.6678346991539001,True
20625,Wallets,1,20582,Wallets,0.78279709815979,True
20625,Wallets,2,20534,Wallets,0.7244477272033691,True
20625,Wallets,3,38463,Wallets,0.7231173515319824,True
20625,Wallets,4,54390,Wallets,0.7088713645935059,True
20625,Wallets,5,20589,Wallets,0.6979843974113464,True
20625,Wallets,6,54411,Wallets,0.6773549914360046,True
20625,Wallets,7,25430,Belts,0.665805995464325,False
20625,Wallets,8,54400,Wallets,0.6657451391220093,True
20625,Wallets,9,20466,Wallets,0.657497763633728,True
20625,Wallets,10,36537,Wallets,0.6572324633598328,True
26384,Trousers,1,26383,Trousers,0.9516841173171997,True
26384,Trousers,2,26382,Trousers,0.9427780508995056,True
26384,Trousers,3,16378,Trousers,0.9388911128044128,True
26384,Trousers,4,16374,Trousers,0.9372243881225586,True
26384,Trousers,5,23041,Trousers,0.9371896386146545,True
26384,Trousers,6,26139,Trousers,0.935232937335968,True
26384,Trousers,7,26379,Trousers,0.934149444103241,True
26384,Trousers,8,39793,Trousers,0.934009850025177,True
26384,Trousers,9,17577,Trousers,0.9329488277435303,True
26384,Trousers,10,29399,Trousers,0.9328951835632324,True
38423,Wallets,1,20434,Wallets,0.7398313283920288,True
38423,Wallets,2,47291,Wallets,0.7159067392349243,True
38423,Wallets,3,18058,Wallets,0.6935460567474365,True
38423,Wallets,4,33396,Wallets,0.6898798942565918,True
38423,Wallets,5,54404,Wallets,0.685614287853241,True
38423,Wallets,6,54383,Wallets,0.6847447752952576,True
38423,Wallets,7,33405,Wallets,0.6837353110313416,True
38423,Wallets,8,42005,Wallets,0.6833549737930298,True
38423,Wallets,9,47422,Wallets,0.6803436279296875,True
38423,Wallets,10,34728,Wallets,0.6757700443267822,True
45883,Watches,1,45881,Watches,0.9774057865142822,True
45883,Watches,2,45877,Watches,0.8462505340576172,True
45883,Watches,3,45884,Watches,0.8372356295585632,True
45883,Watches,4,46474,Watches,0.8029320240020752,True
45883,Watches,5,33902,Watches,0.7974069118499756,True
45883,Watches,6,56669,Watches,0.7910542488098145,True
45883,Watches,7,17450,Watches,0.7892199754714966,True
45883,Watches,8,45882,Watches,0.7882821559906006,True
45883,Watches,9,54668,Watches,0.7782195806503296,True
45883,Watches,10,25607,Watches,0.7764911651611328,True
33463,Belts,1,33480,Belts,0.8776317834854126,True
33463,Belts,2,33481,Belts,0.8695529699325562,True
33463,Belts,3,25101,Belts,0.8431801795959473,True
33463,Belts,4,33475,Belts,0.8301172256469727,True
33463,Belts,5,37048,Belts,0.8279919028282166,True
33463,Belts,6,20423,Belts,0.8247921466827393,True
33463,Belts,7,25106,Belts,0.8243656158447266,True
33463,Belts,8,37064,Belts,0.8205637335777283,True
33463,Belts,9,33458,Belts,0.82014000415802,True
33463,Belts,10,41254,Belts,0.8194351196289062,True
2265,Tshirts,1,7494,Tshirts,0.8684434294700623,True
2265,Tshirts,2,7529,Tshirts,0.8390904664993286,True
2265,Tshirts,3,7482,Tshirts,0.8381890058517456,True
2265,Tshirts,4,27448,Tshirts,0.8282710313796997,True
2265,Tshirts,5,6569,Tshirts,0.8282207250595093,True
2265,Tshirts,6,2309,Tshirts,0.8189229965209961,True
2265,Tshirts,7,5437,Tshirts,0.8184274435043335,True
2265,Tshirts,8,32626,Tshirts,0.8175291419029236,True
2265,Tshirts,9,6590,Tshirts,0.8154970407485962,True
2265,Tshirts,10,22603,Tshirts,0.8093578815460205,True
25350,Briefs,1,25351,Briefs,0.9325606226921082,True
25350,Briefs,2,25348,Briefs,0.9086465835571289,True
25350,Briefs,3,25353,Briefs,0.8715388178825378,True
25350,Briefs,4,27994,Briefs,0.8575605154037476,True
25350,Briefs,5,27992,Briefs,0.8528394103050232,True
25350,Briefs,6,27990,Briefs,0.8500878810882568,True
25350,Briefs,7,25349,Briefs,0.8427360653877258,True
25350,Briefs,8,27989,Briefs,0.8391221761703491,True
25350,Briefs,9,27984,Briefs,0.8249911069869995,True
25350,Briefs,10,27975,Briefs,0.8177813291549683,True
54565,Kurtas,1,58660,Kurtas,0.8384727239608765,True
54565,Kurtas,2,18302,Kurtis,0.8225904107093811,False
54565,Kurtas,3,58690,Kurtas,0.8125200867652893,True
54565,Kurtas,4,54584,Kurtas,0.8048898577690125,True
54565,Kurtas,5,22757,Kurtas,0.7990676164627075,True
54565,Kurtas,6,58691,Kurtas,0.7952036261558533,True
54565,Kurtas,7,40629,Kurtas,0.7948731184005737,True
54565,Kurtas,8,24377,Kurtas,0.7918792963027954,True
54565,Kurtas,9,58658,Kurtas,0.7899975776672363,True
54565,Kurtas,10,58661,Kurtas,0.7889372706413269,True
29931,Watches,1,45876,Watches,0.7167827486991882,True
29931,Watches,2,10608,Watches,0.7026867866516113,True
29931,Watches,3,45875,Watches,0.7020211815834045,True
29931,Watches,4,29940,Watches,0.6997641324996948,True
29931,Watches,5,44974,Watches,0.6883219480514526,True
29931,Watches,6,29939,Watches,0.686852216720581,True
29931,Watches,7,58445,Watches,0.6837754249572754,True
29931,Watches,8,33905,Watches,0.6836787462234497,True
29931,Watches,9,31845,Watches,0.6801583766937256,True
29931,Watches,10,36759,Watches,0.6789299249649048,True
21152,Tshirts,1,20219,Sweaters,0.9134546518325806,False
21152,Tshirts,2,19560,Tshirts,0.9040789604187012,True
21152,Tshirts,3,19967,Sweaters,0.8957721590995789,False
21152,Tshirts,4,23142,Sweatshirts,0.8918442726135254,False
21152,Tshirts,5,12638,Tshirts,0.8891175389289856,True
21152,Tshirts,6,7686,Jackets,0.8721575140953064,False
21152,Tshirts,7,19528,Sweaters,0.86590975522995,False
21152,Tshirts,8,1807,Tshirts,0.8639317750930786,True
21152,Tshirts,9,18569,Sweaters,0.8627284169197083,False
21152,Tshirts,10,24290,Sweatshirts,0.8595168590545654,False
8760,Track Pants,1,8388,Track Pants,0.9308741092681885,True
8760,Track Pants,2,11125,Track Pants,0.9139841198921204,True
8760,Track Pants,3,17903,Track Pants,0.9044365882873535,True
8760,Track Pants,4,2109,Track Pants,0.897466778755188,True
8760,Track Pants,5,10714,Track Pants,0.8974664211273193,True
8760,Track Pants,6,11099,Leggings,0.893718957901001,False
8760,Track Pants,7,3923,Track Pants,0.8928852081298828,True
8760,Track Pants,8,2114,Track Pants,0.8918266296386719,True
8760,Track Pants,9,17930,Track Pants,0.8918211460113525,True
8760,Track Pants,10,7709,Jeans,0.889654278755188,False
28828,Briefs,1,28827,Briefs,0.8967785835266113,True
28828,Briefs,2,19355,Briefs,0.858359694480896,True
28828,Briefs,3,28904,Briefs,0.8385863304138184,True
28828,Briefs,4,28903,Briefs,0.8385863304138184,True
28828,Briefs,5,24446,Briefs,0.8344342708587646,True
28828,Briefs,6,19357,Briefs,0.8265118598937988,True
28828,Briefs,7,31899,Briefs,0.8263894319534302,True
28828,Briefs,8,28831,Briefs,0.8170608282089233,True
28828,Briefs,9,28830,Briefs,0.80345219373703,True
28828,Briefs,10,28884,Briefs,0.8029948472976685,True
17259,Tshirts,1,14315,Tshirts,0.9297873377799988,True
17259,Tshirts,2,17285,Tshirts,0.929696798324585,True
17259,Tshirts,3,36563,Tshirts,0.9265103936195374,True
17259,Tshirts,4,19806,Tshirts,0.9241247177124023,True
17259,Tshirts,5,44892,Tshirts,0.9233216047286987,True
17259,Tshirts,6,44891,Tshirts,0.9227246046066284,True
17259,Tshirts,7,11418,Tshirts,0.9193440675735474,True
17259,Tshirts,8,44874,Tshirts,0.9185736179351807,True
17259,Tshirts,9,53782,Tshirts,0.9167680740356445,True
17259,Tshirts,10,17287,Tshirts,0.9160737991333008,True
16119,Sandals,1,10753,Flip Flops,0.7274183034896851,False
16119,Sandals,2,16120,Sandals,0.7217519283294678,True
16119,Sandals,3,44712,Flip Flops,0.6675149202346802,False
16119,Sandals,4,16118,Sandals,0.6612116098403931,True
16119,Sandals,5,21179,Flip Flops,0.6579238176345825,False
16119,Sandals,6,41944,Flip Flops,0.6497891545295715,False
16119,Sandals,7,40776,Flip Flops,0.6483203172683716,False
16119,Sandals,8,17495,Flip Flops,0.6445356607437134,False
16119,Sandals,9,45423,Flats,0.6352243423461914,False
16119,Sandals,10,44218,Flip Flops,0.6295322775840759,False
13659,Shirts,1,12009,Shirts,0.9164564609527588,True
13659,Shirts,2,12010,Shirts,0.9091154932975769,True
13659,Shirts,3,22900,Shirts,0.899222731590271,True
13659,Shirts,4,12031,Shirts,0.8924777507781982,True
13659,Shirts,5,14524,Shirts,0.8916852474212646,True
13659,Shirts,6,17567,Shirts,0.8915151953697205,True
13659,Shirts,7,17556,Shirts,0.8898898363113403,True
13659,Shirts,8,17550,Shirts,0.8885540962219238,True
13659,Shirts,9,17572,Shirts,0.8883531093597412,True
13659,Shirts,10,11998,Shirts,0.8850679993629456,True
28888,Briefs,1,28883,Briefs,0.9077540040016174,True
28888,Briefs,2,27484,Briefs,0.899432897567749,True
28888,Briefs,3,27487,Briefs,0.8991922736167908,True
28888,Briefs,4,27512,Briefs,0.8939895629882812,True
28888,Briefs,5,28893,Briefs,0.8749409317970276,True
28888,Briefs,6,28892,Briefs,0.8674867749214172,True
28888,Briefs,7,27486,Briefs,0.8548877239227295,True
28888,Briefs,8,28880,Briefs,0.8262408375740051,True
28888,Briefs,9,27488,Briefs,0.8069342970848083,True
28888,Briefs,10,28784,Briefs,0.794807493686676,True
44101,Perfume and Body Mist,1,23574,Perfume and Body Mist,0.8220081329345703,True
44101,Perfume and Body Mist,2,36940,Perfume and Body Mist,0.8195514678955078,True
44101,Perfume and Body Mist,3,18472,Perfume and Body Mist,0.7306125164031982,True
44101,Perfume and Body Mist,4,23575,Deodorant,0.7254986763000488,False
44101,Perfume and Body Mist,5,26197,Perfume and Body Mist,0.7009159326553345,True
44101,Perfume and Body Mist,6,26331,Watches,0.6950137615203857,False
44101,Perfume and Body Mist,7,44006,Perfume and Body Mist,0.6849174499511719,True
44101,Perfume and Body Mist,8,55168,Nail Polish,0.6822184920310974,False
44101,Perfume and Body Mist,9,32521,Fragrance Gift Set,0.6762306094169617,False
44101,Perfume and Body Mist,10,32526,Perfume and Body Mist,0.6674338579177856,True
3919,Track Pants,1,3921,Track Pants,0.9214873313903809,True
3919,Track Pants,2,32635,Track Pants,0.9195403456687927,True
3919,Track Pants,3,10714,Track Pants,0.9099199771881104,True
3919,Track Pants,4,8901,Trousers,0.9097249507904053,False
3919,Track Pants,5,7932,Lounge Pants,0.9088231325149536,False
3919,Track Pants,6,9754,Track Pants,0.9066190123558044,True
3919,Track Pants,7,8954,Trousers,0.9057317972183228,False
3919,Track Pants,8,11274,Track Pants,0.9029521942138672,True
3919,Track Pants,9,8881,Trousers,0.901809573173523,False
3919,Track Pants,10,32620,Track Pants,0.9004086852073669,True
56054,Lip Gloss,1,56063,Lip Gloss,0.9722639322280884,True
56054,Lip Gloss,2,56064,Lip Gloss,0.9714523553848267,True
56054,Lip Gloss,3,56058,Lip Gloss,0.9625877141952515,True
56054,Lip Gloss,4,56062,Lip Gloss,0.9537014365196228,True
56054,Lip Gloss,5,56061,Lip Gloss,0.9265555739402771,True
56054,Lip Gloss,6,56065,Lip Gloss,0.9134171009063721,True
56054,Lip Gloss,7,56055,Lip Gloss,0.8968058824539185,True
56054,Lip Gloss,8,56059,Lip Gloss,0.8934618234634399,True
56054,Lip Gloss,9,56057,Lip Gloss,0.8858747482299805,True
56054,Lip Gloss,10,56052,Lip Gloss,0.8712013363838196,True
16784,Watches,1,16771,Watches,0.8087467551231384,True
16784,Watches,2,4702,Watches,0.7527288198471069,True
16784,Watches,3,46310,Watches,0.7486169338226318,True
16784,Watches,4,10588,Watches,0.7478727698326111,True
16784,Watches,5,4711,Watches,0.7373882532119751,True
16784,Watches,6,46557,Watches,0.7339855432510376,True
16784,Watches,7,21667,Watches,0.7075802087783813,True
16784,Watches,8,43210,Watches,0.7006425857543945,True
16784,Watches,9,19291,Watches,0.7000106573104858,True
16784,Watches,10,53613,Watches,0.6999585032463074,True
34088,Casual Shoes,1,44502,Casual Shoes,0.8707479238510132,True
34088,Casual Shoes,2,35706,Casual Shoes,0.8454733490943909,True
34088,Casual Shoes,3,4555,Sports Shoes,0.8376404643058777,False
34088,Casual Shoes,4,24252,Casual Shoes,0.8350563049316406,True
34088,Casual Shoes,5,54542,Sports Shoes,0.8282214403152466,False
34088,Casual Shoes,6,13977,Casual Shoes,0.8238157033920288,True
34088,Casual Shoes,7,3170,Sports Shoes,0.8209080100059509,False
34088,Casual Shoes,8,33830,Casual Shoes,0.8187739849090576,True
34088,Casual Shoes,9,7046,Casual Shoes,0.8111275434494019,True
34088,Casual Shoes,10,23906,Casual Shoes,0.8104504942893982,True
9427,Shirts,1,9426,Shirts,1.000000238418579,True
9427,Shirts,2,13666,Shirts,0.9147133827209473,True
9427,Shirts,3,9637,Shirts,0.9108006954193115,True
9427,Shirts,4,8778,Shirts,0.9108006954193115,True
9427,Shirts,5,12260,Shirts,0.9064471125602722,True
9427,Shirts,6,26057,Shirts,0.9063889980316162,True
9427,Shirts,7,29699,Shirts,0.9063889980316162,True
9427,Shirts,8,12305,Shirts,0.9048266410827637,True
9427,Shirts,9,12236,Shirts,0.8993587493896484,True
9427,Shirts,10,12247,Shirts,0.898564338684082,True
56098,Lip Gloss,1,56107,Lip Gloss,0.876437246799469,True
56098,Lip Gloss,2,56099,Lip Gloss,0.8629671335220337,True
56098,Lip Gloss,3,56086,Lip Gloss,0.8589751720428467,True
56098,Lip Gloss,4,56096,Lip Gloss,0.8418805003166199,True
56098,Lip Gloss,5,56088,Lip Gloss,0.8415266871452332,True
56098,Lip Gloss,6,56097,Lip Gloss,0.8411140441894531,True
56098,Lip Gloss,7,56102,Lip Gloss,0.8378926515579224,True
56098,Lip Gloss,8,56108,Lip Gloss,0.8204305171966553,True
56098,Lip Gloss,9,56104,Lip Gloss,0.7943297624588013,True
56098,Lip Gloss,10,56106,Lip Gloss,0.7942047715187073,True
31358,Tshirts,1,30327,Tshirts,0.8496595621109009,True
31358,Tshirts,2,7914,Tshirts,0.8391797542572021,True
31358,Tshirts,3,30349,Tshirts,0.837492048740387,True
31358,Tshirts,4,6718,Tshirts,0.8364404439926147,True
31358,Tshirts,5,30325,Tshirts,0.8325689435005188,True
31358,Tshirts,6,48444,Tshirts,0.8294979333877563,True
31358,Tshirts,7,3875,Tshirts,0.8294286727905273,True
31358,Tshirts,8,10471,Tshirts,0.8263169527053833,True
31358,Tshirts,9,30313,Tshirts,0.826262354850769,True
31358,Tshirts,10,30340,Tshirts,0.825721025466919,True
31956,Sports Shoes,1,36148,Casual Shoes,0.8292141556739807,False
31956,Sports Shoes,2,15284,Sports Shoes,0.8274975419044495,True
31956,Sports Shoes,3,25478,Sports Shoes,0.824842095375061,True
31956,Sports Shoes,4,4283,Formal Shoes,0.8179132342338562,False
31956,Sports Shoes,5,24257,Casual Shoes,0.8083512187004089,False
31956,Sports Shoes,6,31960,Sports Shoes,0.8055671453475952,True
31956,Sports Shoes,7,14343,Sports Shoes,0.8047842979431152,True
31956,Sports Shoes,8,41832,Casual Shoes,0.8030287623405457,False
31956,Sports Shoes,9,9720,Sports Shoes,0.8001923561096191,True
31956,Sports Shoes,10,19353,Casual Shoes,0.7963592410087585,False
44905,Track Pants,1,44916,Lounge Pants,0.9295990467071533,False
44905,Track Pants,2,32427,Shorts,0.9262677431106567,False
44905,Track Pants,3,50658,Lounge Shorts,0.9232579469680786,False
44905,Track Pants,4,6579,Shorts,0.9161163568496704,False
44905,Track Pants,5,42120,Shorts,0.9108226895332336,False
44905,Track Pants,6,50657,Lounge Shorts,0.908595860004425,False
44905,Track Pants,7,50654,Lounge Shorts,0.9005595445632935,False
44905,Track Pants,8,40070,Capris,0.8983715772628784,False
44905,Track Pants,9,16225,Capris,0.892526388168335,False
44905,Track Pants,10,52529,Shorts,0.8895370364189148,False
26324,Tracksuits,1,34259,Tracksuits,0.9278821349143982,True
26324,Tracksuits,2,26322,Tracksuits,0.8209496736526489,True
26324,Tracksuits,3,34258,Tracksuits,0.811491847038269,True
26324,Tracksuits,4,19574,Track Pants,0.8107346296310425,False
26324,Tracksuits,5,23039,Trousers,0.8068796396255493,False
26324,Tracksuits,6,26323,Tracksuits,0.8021342754364014,True
26324,Tracksuits,7,13778,Trousers,0.7983702421188354,False
26324,Tracksuits,8,16224,Tracksuits,0.7982064485549927,True
26324,Tracksuits,9,3508,Track Pants,0.7958655953407288,False
26324,Tracksuits,10,14713,Trousers,0.7889264822006226,False
14682,Tshirts,1,12946,Tshirts,0.8915390968322754,True
14682,Tshirts,2,4760,Tshirts,0.8865041732788086,True
14682,Tshirts,3,11735,Tshirts,0.884873628616333,True
14682,Tshirts,4,4539,Tshirts,0.8735353946685791,True
14682,Tshirts,5,12646,Tshirts,0.8723857998847961,True
14682,Tshirts,6,31036,Tshirts,0.8713322281837463,True
14682,Tshirts,7,14679,Tshirts,0.8691625595092773,True
14682,Tshirts,8,7213,Tshirts,0.868864893913269,True
14682,Tshirts,9,16210,Tshirts,0.8685559034347534,True
14682,Tshirts,10,9933,Tshirts,0.8676549792289734,True
13205,Sports Shoes,1,3453,Sports Shoes,0.8201912641525269,True
13205,Sports Shoes,2,44759,Sports Shoes,0.8099834322929382,True
13205,Sports Shoes,3,22977,Sports Shoes,0.8081480264663696,True
13205,Sports Shoes,4,3162,Sports Shoes,0.7918731570243835,True
13205,Sports Shoes,5,39012,Sports Shoes,0.7894083261489868,True
13205,Sports Shoes,6,15308,Sports Shoes,0.7889752984046936,True
13205,Sports Shoes,7,15415,Sports Shoes,0.7876599431037903,True
13205,Sports Shoes,8,3455,Sports Shoes,0.7872723340988159,True
13205,Sports Shoes,9,12992,Sports Shoes,0.7850534319877625,True
13205,Sports Shoes,10,4473,Sports Shoes,0.7825802564620972,True
31155,Tshirts,1,34178,Tshirts,1.0,True
31155,Tshirts,2,34179,Tshirts,1.0,True
31155,Tshirts,3,34185,Tshirts,0.8835282325744629,True
31155,Tshirts,4,31159,Tshirts,0.8835282325744629,True
31155,Tshirts,5,12847,Tshirts,0.8559707403182983,True
31155,Tshirts,6,52121,Tshirts,0.853690505027771,True
31155,Tshirts,7,50718,Tshirts,0.853690505027771,True
31155,Tshirts,8,48248,Tshirts,0.8478075265884399,True
31155,Tshirts,9,12600,Tshirts,0.8465762138366699,True
31155,Tshirts,10,12595,Tshirts,0.843892514705658,True
34081,Casual Shoes,1,10278,Casual Shoes,0.8668622374534607,True
34081,Casual Shoes,2,34080,Casual Shoes,0.8653584718704224,True
34081,Casual Shoes,3,21079,Casual Shoes,0.8619565963745117,True
34081,Casual Shoes,4,35651,Formal Shoes,0.8538579344749451,False
34081,Casual Shoes,5,23803,Formal Shoes,0.8511155843734741,False
34081,Casual Shoes,6,7243,Formal Shoes,0.8485593795776367,False
34081,Casual Shoes,7,34079,Casual Shoes,0.8393875360488892,True
34081,Casual Shoes,8,50775,Formal Shoes,0.8374265432357788,False
34081,Casual Shoes,9,7220,Formal Shoes,0.8372476100921631,False
34081,Casual Shoes,10,57946,Casual Shoes,0.8355806469917297,True
8950,Trousers,1,8845,Trousers,0.8938072919845581,True
8950,Trousers,2,9176,Jeans,0.8792869448661804,False
8950,Trousers,3,8844,Trousers,0.8762971758842468,True
8950,Trousers,4,8885,Trousers,0.8709867000579834,True
8950,Trousers,5,9509,Track Pants,0.8630706071853638,False
8950,Trousers,6,9160,Jeans,0.8620538115501404,False
8950,Trousers,7,2255,Track Pants,0.861101508140564,False
8950,Trousers,8,8843,Trousers,0.8605952262878418,True
8950,Trousers,9,9163,Jeans,0.8603255748748779,False
8950,Trousers,10,8947,Trousers,0.8603106737136841,True
28618,Tshirts,1,32619,Tshirts,0.8421762585639954,True
28618,Tshirts,2,27963,Innerwear Vests,0.7983522415161133,False
28618,Tshirts,3,30597,Tshirts,0.7510680556297302,True
28618,Tshirts,4,30601,Tshirts,0.7341364622116089,True
28618,Tshirts,5,27964,Innerwear Vests,0.6867722272872925,False
28618,Tshirts,6,35041,Kurtas,0.6845179796218872,False
28618,Tshirts,7,57078,Jumpsuit,0.6797095537185669,False
28618,Tshirts,8,28151,Innerwear Vests,0.679607629776001,False
28618,Tshirts,9,38558,Tshirts,0.6749627590179443,True
28618,Tshirts,10,50325,Kurtas,0.6706179976463318,False
46667,Deodorant,1,46666,Deodorant,0.9153336882591248,True
46667,Deodorant,2,46652,Deodorant,0.8937711715698242,True
46667,Deodorant,3,46643,Deodorant,0.7890106439590454,True
46667,Deodorant,4,46633,Deodorant,0.7705014944076538,True
46667,Deodorant,5,46630,Deodorant,0.7543023228645325,True
46667,Deodorant,6,28272,Deodorant,0.7531200051307678,True
46667,Deodorant,7,44151,Deodorant,0.744773805141449,True
46667,Deodorant,8,32543,Deodorant,0.7440678477287292,True
46667,Deodorant,9,28270,Deodorant,0.7437147498130798,True
46667,Deodorant,10,59949,Deodorant,0.7421281337738037,True
5479,Sports Shoes,1,15734,Casual Shoes,0.809296190738678,False
5479,Sports Shoes,2,25478,Sports Shoes,0.8085922598838806,True
5479,Sports Shoes,3,41832,Casual Shoes,0.797935426235199,False
5479,Sports Shoes,4,26652,Casual Shoes,0.7951309680938721,False
5479,Sports Shoes,5,12695,Sports Shoes,0.7933651208877563,True
5479,Sports Shoes,6,5705,Casual Shoes,0.789259672164917,False
5479,Sports Shoes,7,25444,Casual Shoes,0.7886699438095093,False
5479,Sports Shoes,8,15397,Casual Shoes,0.7853826880455017,False
5479,Sports Shoes,9,6652,Casual Shoes,0.7822896242141724,False
5479,Sports Shoes,10,38527,Sports Shoes,0.7810403108596802,True
52052,Tshirts,1,50558,Innerwear Vests,0.9073280692100525,False
52052,Tshirts,2,49943,Innerwear Vests,0.8829405903816223,False
52052,Tshirts,3,49939,Tshirts,0.878266453742981,True
52052,Tshirts,4,6060,Tshirts,0.870507538318634,True
52052,Tshirts,5,50557,Innerwear Vests,0.8667292594909668,False
52052,Tshirts,6,7007,Tshirts,0.8522961139678955,True
52052,Tshirts,7,3718,Tshirts,0.8515951633453369,True
52052,Tshirts,8,6245,Tshirts,0.8511464595794678,True
52052,Tshirts,9,42173,Tshirts,0.8472456932067871,True
52052,Tshirts,10,48450,Tshirts,0.8428124785423279,True
11335,Jeans,1,20357,Jeans,0.9206492900848389,True
11335,Jeans,2,23455,Jeans,0.9206064343452454,True
11335,Jeans,3,20915,Jeans,0.9176030158996582,True
11335,Jeans,4,12752,Jeans,0.9110112190246582,True
11335,Jeans,5,20918,Jeans,0.909970760345459,True
11335,Jeans,6,11353,Jeans,0.9084506034851074,True
11335,Jeans,7,31334,Jeans,0.9072113633155823,True
11335,Jeans,8,11297,Jeans,0.8958746194839478,True
11335,Jeans,9,11283,Jeans,0.8954737186431885,True
11335,Jeans,10,30415,Jeans,0.8953327536582947,True
2035,Tshirts,1,2034,Tshirts,0.9377617239952087,True
2035,Tshirts,2,31263,Tshirts,0.931930661201477,True
2035,Tshirts,3,2047,Tshirts,0.9263395071029663,True
2035,Tshirts,4,2015,Tshirts,0.9220016002655029,True
2035,Tshirts,5,2588,Tshirts,0.9218463897705078,True
2035,Tshirts,6,53782,Tshirts,0.9216132164001465,True
2035,Tshirts,7,2005,Tshirts,0.9203835725784302,True
2035,Tshirts,8,2234,Tshirts,0.918937623500824,True
2035,Tshirts,9,2201,Tshirts,0.9149723649024963,True
2035,Tshirts,10,2603,Tshirts,0.9137787222862244,True
13462,Tshirts,1,18612,Tshirts,0.8559423685073853,True
13462,Tshirts,2,26726,Tshirts,0.834420919418335,True
13462,Tshirts,3,26729,Tshirts,0.8086903095245361,True
13462,Tshirts,4,29019,Tshirts,0.8077149391174316,True
13462,Tshirts,5,18574,Tshirts,0.8072390556335449,True
13462,Tshirts,6,26491,Tshirts,0.7986656427383423,True
13462,Tshirts,7,26495,Tshirts,0.7959827184677124,True
13462,Tshirts,8,13154,Tshirts,0.7913423180580139,True
13462,Tshirts,9,26725,Tshirts,0.7904306650161743,True
13462,Tshirts,10,36558,Tshirts,0.7900406122207642,True
28049,Briefs,1,57017,Briefs,0.9037232398986816,True
28049,Briefs,2,28053,Briefs,0.8939768671989441,True
28049,Briefs,3,28052,Briefs,0.8505973219871521,True
28049,Briefs,4,49933,Briefs,0.8503857851028442,True
28049,Briefs,5,28050,Briefs,0.845760703086853,True
28049,Briefs,6,18700,Briefs,0.8430721163749695,True
28049,Briefs,7,28033,Briefs,0.8389915823936462,True
28049,Briefs,8,54606,Briefs,0.8280066251754761,True
28049,Briefs,9,28017,Briefs,0.8207170963287354,True
28049,Briefs,10,28125,Briefs,0.8195682764053345,True
24442,Innerwear Vests,1,15754,Innerwear Vests,0.9188615083694458,True
24442,Innerwear Vests,2,15756,Innerwear Vests,0.8732578754425049,True
24442,Innerwear Vests,3,13100,Tshirts,0.870241105556488,False
24442,Innerwear Vests,4,13564,Innerwear Vests,0.8673639297485352,True
24442,Innerwear Vests,5,25373,Innerwear Vests,0.8670405149459839,True
24442,Innerwear Vests,6,13574,Innerwear Vests,0.8650875091552734,True
24442,Innerwear Vests,7,13565,Innerwear Vests,0.8494492769241333,True
24442,Innerwear Vests,8,13465,Tshirts,0.8493514657020569,False
24442,Innerwear Vests,9,23171,Tshirts,0.8466643691062927,False
24442,Innerwear Vests,10,13576,Innerwear Vests,0.8449587225914001,True
25590,Kurta Sets,1,25591,Kurta Sets,0.8303336501121521,True
25590,Kurta Sets,2,25593,Kurta Sets,0.8131139874458313,True
25590,Kurta Sets,3,25601,Kurta Sets,0.7970216870307922,True
25590,Kurta Sets,4,25588,Kurta Sets,0.7825290560722351,True
25590,Kurta Sets,5,25589,Kurta Sets,0.7736572623252869,True
25590,Kurta Sets,6,21907,Kurta Sets,0.7726635336875916,True
25590,Kurta Sets,7,28985,Kurta Sets,0.7678591012954712,True
25590,Kurta Sets,8,24605,Kurta Sets,0.754773736000061,True
25590,Kurta Sets,9,21909,Kurta Sets,0.7404447793960571,True
25590,Kurta Sets,10,25597,Kurta Sets,0.7397894859313965,True
47574,Heels,1,47578,Heels,0.8541983366012573,True
47574,Heels,2,47596,Heels,0.8356544971466064,True
47574,Heels,3,54118,Heels,0.8195854425430298,True
47574,Heels,4,49623,Heels,0.8112383484840393,True
47574,Heels,5,49585,Heels,0.8095594644546509,True
47574,Heels,6,47575,Heels,0.8004289865493774,True
47574,Heels,7,54142,Heels,0.7981685996055603,True
47574,Heels,8,36134,Flip Flops,0.7936100959777832,False
47574,Heels,9,6308,Heels,0.7902767658233643,True
47574,Heels,10,39563,Heels,0.786022424697876,True
