model,query_product_id,article_type,recall@5,precision@5,ap@5,recall@10,precision@10,ap@10
ResNet-18,28032,Briefs,0.00589622641509434,1.0,1.0,0.01179245283018868,1.0,1.0
ResNet-18,35322,Earrings,0.01201923076923077,1.0,1.0,0.02403846153846154,1.0,1.0
ResNet-18,13284,Shorts,0.009157509157509158,1.0,1.0,0.018315018315018316,1.0,1.0
ResNet-18,26197,Perfume and Body Mist,0.004893964110929853,0.6,0.4533333333333333,0.004893964110929853,0.3,0.22666666666666666
ResNet-18,3391,Handbags,0.002844141069397042,1.0,1.0,0.005688282138794084,1.0,1.0
ResNet-18,22361,Sports Sandals,0.0,0.0,0.0,0.0,0.0,0.0
ResNet-18,55233,Foundation and Primer,0.06666666666666667,1.0,1.0,0.08,0.6,0.5666666666666667
ResNet-18,39147,Kurta Sets,0.0,0.0,0.0,0.010752688172043012,0.1,0.0125
ResNet-18,15983,Shirts,0.0015556938394523958,1.0,1.0,0.0031113876789047915,1.0,1.0
ResNet-18,59290,Watches,0.0019677292404565133,1.0,1.0,0.003935458480913027,1.0,1.0
ResNet-18,18459,Deodorant,0.014450867052023121,1.0,1.0,0.028901734104046242,1.0,1.0
ResNet-18,25385,Briefs,0.00589622641509434,1.0,1.0,0.01179245283018868,1.0,1.0
ResNet-18,34038,Shirts,0.0015556938394523958,1.0,1.0,0.0028002489110143126,0.9,0.866388888888889
ResNet-18,7169,Shirts,0.0015556938394523958,1.0,1.0,0.0028002489110143126,0.9,0.89
ResNet-18,23249,Formal Shoes,0.007861635220125786,1.0,1.0,0.015723270440251572,1.0,1.0
ResNet-18,2040,Tshirts,0.0005659309564233164,0.8,0.5433333333333333,0.0008488964346349745,0.6,0.4097619047619048
ResNet-18,25949,Scarves,0.03389830508474576,0.8,0.71,0.06779661016949153,0.8,0.671111111111111
ResNet-18,46285,Dresses,0.0021598272138228943,0.2,0.1,0.004319654427645789,0.2,0.075
ResNet-18,25985,Perfume and Body Mist,0.0065252854812398045,0.8,0.5433333333333333,0.01468189233278956,0.9,0.7071031746031746
ResNet-18,21189,Backpacks,0.006915629322268326,1.0,1.0,0.013831258644536652,1.0,1.0
ResNet-18,37488,Watches,0.0019677292404565133,1.0,1.0,0.003148366784730421,0.8,0.78
ResNet-18,3398,Handbags,0.0017064846416382253,0.6,0.32,0.004550625711035267,0.8,0.5308730158730158
ResNet-18,3505,Casual Shoes,0.0017574692442882249,1.0,1.0,0.00281195079086116,0.8,0.7327777777777778
ResNet-18,42410,Briefs,0.00589622641509434,1.0,1.0,0.01179245283018868,1.0,1.0
ResNet-18,24868,Wallets,0.0053475935828877,1.0,1.0,0.0106951871657754,1.0,1.0
ResNet-18,33225,Dresses,0.004319654427645789,0.4,0.4,0.004319654427645789,0.2,0.2
ResNet-18,34000,Tops,0.001135718341851221,0.4,0.3333333333333333,0.0028392958546280523,0.5,0.3095238095238095
ResNet-18,47196,Sandals,0.004464285714285714,0.8,0.76,0.0078125,0.7,0.5964285714285714
ResNet-18,26333,Watches,0.0019677292404565133,1.0,1.0,0.003935458480913027,1.0,1.0
ResNet-18,37625,Tshirts,0.0007074136955291454,1.0,1.0,0.0014148273910582908,1.0,1.0
ResNet-18,32357,Watches,0.0019677292404565133,1.0,1.0,0.003935458480913027,1.0,1.0
ResNet-18,44747,Casual Shoes,0.00140597539543058,0.8,0.6433333333333333,0.0017574692442882249,0.5,0.3716666666666667
ResNet-18,38652,Casual Shoes,0.00070298769771529,0.4,0.18,0.002460456942003515,0.7,0.3963095238095238
ResNet-18,38460,Mobile Pouch,0.0,0.0,0.0,0.0,0.0,0.0
ResNet-18,47109,Casual Shoes,0.00070298769771529,0.4,0.16666666666666666,0.00140597539543058,0.4,0.19047619047619047
ResNet-18,8172,Heels,0.0007564296520423601,0.2,0.2,0.0022692889561270802,0.3,0.16607142857142856
ResNet-18,25777,Suspenders,0.1282051282051282,1.0,1.0,0.2564102564102564,1.0,1.0
ResNet-18,26334,Watches,0.0019677292404565133,1.0,1.0,0.003935458480913027,1.0,1.0
ResNet-18,12333,Jeans,0.008237232289950576,1.0,1.0,0.016474464579901153,1.0,1.0
ResNet-18,45659,Innerwear Vests,0.02074688796680498,1.0,1.0,0.03319502074688797,0.8,0.7621031746031746
ResNet-18,21778,Belts,0.006157635467980296,1.0,1.0,0.012315270935960592,1.0,1.0
ResNet-18,2210,Tshirts,0.0007074136955291454,1.0,1.0,0.0014148273910582908,1.0,1.0
ResNet-18,41036,Watches,0.0015741833923652105,0.8,0.8,0.0035419126328217238,0.9,0.8354365079365079
ResNet-18,12137,Kurtas,0.0027129679869777536,1.0,1.0,0.005425935973955507,1.0,1.0
ResNet-18,56849,Jeans,0.0,0.0,0.0,0.0016474464579901153,0.1,0.016666666666666666
ResNet-18,38836,Dresses,0.0064794816414686825,0.6,0.42000000000000004,0.008639308855291577,0.4,0.26
ResNet-18,25587,Kurta Sets,0.043010752688172046,0.8,0.8,0.08602150537634409,0.8,0.736547619047619
ResNet-18,10204,Handbags,0.002844141069397042,1.0,1.0,0.005688282138794084,1.0,1.0
ResNet-18,27815,Belts,0.006157635467980296,1.0,1.0,0.012315270935960592,1.0,1.0
ResNet-18,42812,Briefs,0.0011792452830188679,0.2,0.2,0.003537735849056604,0.3,0.16333333333333333
ResNet-18,54977,Lounge Pants,0.0,0.0,0.0,0.0,0.0,0.0
ResNet-18,15923,Backpacks,0.006915629322268326,1.0,1.0,0.013831258644536652,1.0,1.0
ResNet-18,47332,Wallets,0.0042780748663101605,0.8,0.8,0.008556149732620321,0.8,0.745436507936508
ResNet-18,57154,Tshirts,0.00042444821731748726,0.6,0.3833333333333333,0.0005659309564233164,0.4,0.23611111111111108
ResNet-18,44127,Deodorant,0.011560693641618497,0.8,0.8,0.02023121387283237,0.7,0.6468253968253967
ResNet-18,25110,Belts,0.006157635467980296,1.0,1.0,0.012315270935960592,1.0,1.0
ResNet-18,44588,Shirts,0.0015556938394523958,1.0,1.0,0.0031113876789047915,1.0,1.0
ResNet-18,18051,Wallets,0.0053475935828877,1.0,1.0,0.0106951871657754,1.0,1.0
ResNet-18,25779,Suspenders,0.1282051282051282,1.0,1.0,0.2564102564102564,1.0,1.0
ResNet-18,57108,Tops,0.0,0.0,0.0,0.0005678591709256105,0.1,0.0125
ResNet-18,49664,Sunglasses,0.0046641791044776115,1.0,1.0,0.009328358208955223,1.0,1.0
ResNet-18,17248,Tshirts,0.0007074136955291454,1.0,1.0,0.0014148273910582908,1.0,1.0
ResNet-18,44978,Watches,0.0019677292404565133,1.0,1.0,0.003935458480913027,1.0,1.0
ResNet-18,5435,Tshirts,0.0007074136955291454,1.0,1.0,0.0014148273910582908,1.0,1.0
ResNet-18,13075,Casual Shoes,0.00140597539543058,0.8,0.71,0.00281195079086116,0.8,0.691547619047619
ResNet-18,20065,Belts,0.0049261083743842365,0.8,0.8,0.008620689655172414,0.7,0.6283333333333333
ResNet-18,3160,Sports Shoes,0.002457002457002457,1.0,1.0,0.004914004914004914,1.0,1.0
ResNet-18,48113,Belts,0.006157635467980296,1.0,1.0,0.012315270935960592,1.0,1.0
ResNet-18,51668,Sunglasses,0.0037313432835820895,0.8,0.76,0.008395522388059701,0.9,0.8154365079365078
ResNet-18,29786,Tshirts,0.0007074136955291454,1.0,1.0,0.0014148273910582908,1.0,1.0
ResNet-18,18697,Briefs,0.00589622641509434,1.0,1.0,0.01179245283018868,1.0,1.0
ResNet-18,12702,Casual Shoes,0.00070298769771529,0.4,0.14666666666666667,0.00140597539543058,0.4,0.17333333333333334
ResNet-18,12968,Sports Shoes,0.002457002457002457,1.0,1.0,0.004914004914004914,1.0,1.0
ResNet-18,53590,Watches,0.0019677292404565133,1.0,1.0,0.003935458480913027,1.0,1.0
ResNet-18,46426,Watches,0.0019677292404565133,1.0,1.0,0.003935458480913027,1.0,1.0
ResNet-18,10293,Sandals,0.005580357142857143,1.0,1.0,0.008928571428571428,0.8,0.7577777777777778
ResNet-18,39380,Jeans,0.006589785831960461,0.8,0.8,0.014827018121911038,0.9,0.8354365079365079
ResNet-18,9202,Casual Shoes,0.001054481546572935,0.6,0.32,0.00140597539543058,0.4,0.2
ResNet-18,47199,Formal Shoes,0.006289308176100629,0.8,0.76,0.014150943396226415,0.9,0.8154365079365078
ResNet-18,19317,Backpacks,0.006915629322268326,1.0,1.0,0.009681881051175657,0.7,0.67
ResNet-18,21172,Tunics,0.0,0.0,0.0,0.0,0.0,0.0
ResNet-18,17848,Tshirts,0.00042444821731748726,0.6,0.3833333333333333,0.0008488964346349745,0.6,0.3808333333333333
ResNet-18,50575,Trunk,0.02877697841726619,0.8,0.6433333333333333,0.03597122302158273,0.5,0.3930952380952381
ResNet-18,57562,Lipstick,0.01592356687898089,1.0,1.0,0.03184713375796178,1.0,1.0
ResNet-18,44511,Sandals,0.004464285714285714,0.8,0.8,0.010044642857142858,0.9,0.8354365079365079
ResNet-18,11521,Tshirts,0.0001414827391058291,0.2,0.2,0.0001414827391058291,0.1,0.1
ResNet-18,33649,Sandals,0.004464285714285714,0.8,0.6433333333333333,0.004464285714285714,0.4,0.32166666666666666
ResNet-18,49838,Flip Flops,0.004371584699453552,0.8,0.76,0.004371584699453552,0.4,0.38
ResNet-18,15724,Sports Shoes,0.0009828009828009828,0.4,0.2,0.0019656019656019656,0.4,0.19
ResNet-18,47367,Handbags,0.002844141069397042,1.0,1.0,0.005688282138794084,1.0,1.0
ResNet-18,34635,Casual Shoes,0.00070298769771529,0.4,0.13,0.00210896309314587,0.6,0.28055555555555556
ResNet-18,41030,Watches,0.0019677292404565133,1.0,1.0,0.003935458480913027,1.0,1.0
ResNet-18,8348,Tshirts,0.0007074136955291454,1.0,1.0,0.0014148273910582908,1.0,1.0
ResNet-18,35383,Casual Shoes,0.001054481546572935,0.6,0.4533333333333333,0.00210896309314587,0.6,0.40630952380952373
ResNet-18,23676,Sandals,0.004464285714285714,0.8,0.8,0.0078125,0.7,0.5991666666666667
ResNet-18,47101,Sandals,0.0011160714285714285,0.2,0.05,0.0011160714285714285,0.1,0.025
ResNet-18,19344,Wallets,0.0053475935828877,1.0,1.0,0.0106951871657754,1.0,1.0
ResNet-18,37847,Wallets,0.0053475935828877,1.0,1.0,0.0106951871657754,1.0,1.0
ResNet-18,44783,Sports Shoes,0.002457002457002457,1.0,1.0,0.004914004914004914,1.0,1.0
ResNet-18,9269,Shirts,0.0015556938394523958,1.0,1.0,0.0031113876789047915,1.0,1.0
ResNet-18,53506,Bra,0.01050420168067227,1.0,1.0,0.02100840336134454,1.0,1.0
ResNet-18,6477,Jackets,0.0,0.0,0.0,0.0,0.0,0.0
ResNet-18,59458,Ring,0.017094017094017096,0.4,0.3,0.03418803418803419,0.4,0.25
ResNet-18,28252,Deodorant,0.014450867052023121,1.0,1.0,0.028901734104046242,1.0,1.0
ResNet-18,34294,Dupatta,0.043478260869565216,1.0,1.0,0.06956521739130435,0.8,0.78
ResNet-18,9409,Sunglasses,0.0046641791044776115,1.0,1.0,0.009328358208955223,1.0,1.0
ResNet-18,19944,Backpacks,0.006915629322268326,1.0,1.0,0.013831258644536652,1.0,1.0
ResNet-18,57732,Lip Care,0.3333333333333333,1.0,1.0,0.5333333333333333,0.8,0.788888888888889
ResNet-18,15587,Shirts,0.0015556938394523958,1.0,1.0,0.0031113876789047915,1.0,1.0
ResNet-18,55062,Lipstick,0.01592356687898089,1.0,1.0,0.03184713375796178,1.0,1.0
ResNet-18,11312,Trousers,0.00945179584120983,1.0,1.0,0.017013232514177693,0.9,0.89
ResNet-18,32190,Sports Shoes,0.002457002457002457,1.0,1.0,0.004914004914004914,1.0,1.0
ResNet-18,31715,Earrings,0.01201923076923077,1.0,1.0,0.02403846153846154,1.0,1.0
ResNet-18,56277,Bra,0.01050420168067227,1.0,1.0,0.02100840336134454,1.0,1.0
ResNet-18,37240,Casual Shoes,0.00140597539543058,0.8,0.8,0.003163444639718805,0.9,0.8354365079365079
ResNet-18,37624,Tshirts,0.0007074136955291454,1.0,1.0,0.0011318619128466328,0.8,0.7763888888888889
ResNet-18,16108,Sunglasses,0.0046641791044776115,1.0,1.0,0.009328358208955223,1.0,1.0
ResNet-18,59690,Bra,0.01050420168067227,1.0,1.0,0.02100840336134454,1.0,1.0
ResNet-18,24668,Casual Shoes,0.0017574692442882249,1.0,1.0,0.0035149384885764497,1.0,1.0
ResNet-18,18402,Casual Shoes,0.001054481546572935,0.6,0.6,0.002460456942003515,0.7,0.5830952380952381
ResNet-18,5980,Shirts,0.0009334163036714375,0.6,0.6,0.0021779713752333543,0.7,0.5908730158730158
ResNet-18,5974,Shirts,0.0015556938394523958,1.0,1.0,0.0031113876789047915,1.0,1.0
ResNet-18,20940,Flip Flops,0.002185792349726776,0.4,0.3,0.00546448087431694,0.5,0.2984126984126984
ResNet-18,44096,Deodorant,0.011560693641618497,0.8,0.8,0.02601156069364162,0.9,0.8354365079365079
ResNet-18,53021,Sarees,0.007042253521126761,0.6,0.6,0.014084507042253521,0.6,0.4655555555555555
ResNet-18,21091,Casual Shoes,0.0017574692442882249,1.0,1.0,0.0035149384885764497,1.0,1.0
ResNet-18,57475,Sandals,0.0033482142857142855,0.6,0.6,0.006696428571428571,0.6,0.4796428571428571
ResNet-18,49321,Watches,0.0015741833923652105,0.8,0.6433333333333333,0.0035419126328217238,0.9,0.7571031746031747
ResNet-18,34749,Casual Shoes,0.001054481546572935,0.6,0.4833333333333333,0.0017574692442882249,0.5,0.3472222222222222
ResNet-18,42957,Belts,0.006157635467980296,1.0,1.0,0.012315270935960592,1.0,1.0
ResNet-18,36445,Sports Shoes,0.0004914004914004914,0.2,0.06666666666666667,0.0014742014742014742,0.3,0.09666666666666665
ResNet-18,14715,Shirts,0.0009334163036714375,0.6,0.2866666666666666,0.0021779713752333543,0.7,0.418095238095238
ResNet-18,11267,Trousers,0.00945179584120983,1.0,1.0,0.01890359168241966,1.0,1.0
ResNet-18,31452,Tshirts,0.0,0.0,0.0,0.0,0.0,0.0
ResNet-18,11293,Jeans,0.008237232289950576,1.0,1.0,0.016474464579901153,1.0,1.0
ResNet-18,17164,Shirts,0.0015556938394523958,1.0,1.0,0.0031113876789047915,1.0,1.0
ResNet-18,37751,Shirts,0.0015556938394523958,1.0,1.0,0.0031113876789047915,1.0,1.0
ResNet-18,32223,Kurtas,0.002170374389582203,0.8,0.6433333333333333,0.004340748779164406,0.8,0.6377777777777778
ResNet-18,36814,Kurtas,0.0027129679869777536,1.0,1.0,0.005425935973955507,1.0,1.0
ResNet-18,44098,Perfume and Body Mist,0.0032626427406199023,0.4,0.13,0.011419249592169658,0.7,0.37130952380952376
ResNet-18,48655,Earrings,0.01201923076923077,1.0,1.0,0.02403846153846154,1.0,1.0
ResNet-18,13350,Jeans,0.008237232289950576,1.0,1.0,0.013179571663920923,0.8,0.78
ResNet-18,41979,Tshirts,0.00042444821731748726,0.6,0.6,0.0007074136955291454,0.5,0.4
ResNet-18,59986,Dresses,0.008639308855291577,0.8,0.5433333333333333,0.01511879049676026,0.7,0.4958730158730159
ResNet-18,22883,Sandals,0.0033482142857142855,0.6,0.32,0.008928571428571428,0.8,0.5308730158730158
ResNet-18,26282,Tshirts,0.0007074136955291454,1.0,1.0,0.0014148273910582908,1.0,1.0
ResNet-18,59981,Dresses,0.004319654427645789,0.4,0.2333333333333333,0.01511879049676026,0.7,0.42297619047619045
ResNet-18,5327,Casual Shoes,0.001054481546572935,0.6,0.3833333333333333,0.0017574692442882249,0.5,0.2972222222222222
ResNet-18,9713,Tshirts,0.0001414827391058291,0.2,0.06666666666666667,0.00042444821731748726,0.3,0.10952380952380951
ResNet-18,46768,Perfume and Body Mist,0.0065252854812398045,0.8,0.71,0.008156606851549755,0.5,0.4105555555555555
ResNet-18,52506,Bath Robe,0.05263157894736842,0.2,0.06666666666666667,0.10526315789473684,0.2,0.06190476190476191
ResNet-18,37191,Tshirts,0.0007074136955291454,1.0,1.0,0.0014148273910582908,1.0,1.0
ResNet-18,25030,Shorts,0.009157509157509158,1.0,1.0,0.018315018315018316,1.0,1.0
ResNet-18,32417,Tshirts,0.0007074136955291454,1.0,1.0,0.0012733446519524619,0.9,0.866388888888889
ResNet-18,31292,Tops,0.0017035775127768314,0.6,0.35333333333333333,0.0034071550255536627,0.6,0.3563095238095238
ResNet-18,32625,Tshirts,0.0007074136955291454,1.0,1.0,0.0014148273910582908,1.0,1.0
ResNet-18,5582,Sports Shoes,0.0,0.0,0.0,0.0,0.0,0.0
ResNet-18,15038,Sweaters,0.007246376811594203,0.4,0.3,0.010869565217391304,0.3,0.19285714285714287
ResNet-18,21669,Watches,0.0019677292404565133,1.0,1.0,0.003935458480913027,1.0,1.0
ResNet-18,33351,Formal Shoes,0.007861635220125786,1.0,1.0,0.015723270440251572,1.0,1.0
ResNet-18,33735,Clutches,0.0034602076124567475,0.2,0.05,0.006920415224913495,0.2,0.045
ResNet-18,13332,Shirts,0.0015556938394523958,1.0,1.0,0.0031113876789047915,1.0,1.0
ResNet-18,15031,Sweaters,0.0036231884057971015,0.2,0.06666666666666667,0.0036231884057971015,0.1,0.03333333333333333
ResNet-18,27904,Trousers,0.00945179584120983,1.0,1.0,0.01890359168241966,1.0,1.0
ResNet-18,48095,Tops,0.0005678591709256105,0.2,0.2,0.0005678591709256105,0.1,0.1
ResNet-18,33538,Jeans,0.004942339373970346,0.6,0.3833333333333333,0.008237232289950576,0.5,0.32976190476190476
ResNet-18,49711,Ties,0.019083969465648856,1.0,1.0,0.03816793893129771,1.0,1.0
ResNet-18,38540,Casual Shoes,0.001054481546572935,0.6,0.4833333333333333,0.00140597539543058,0.4,0.2816666666666666
ResNet-18,59745,Nightdress,0.010638297872340425,0.4,0.3333333333333333,0.015957446808510637,0.3,0.19666666666666666
ResNet-18,38316,Handbags,0.0005688282138794084,0.2,0.2,0.0017064846416382253,0.3,0.16190476190476188
ResNet-18,4237,Tshirts,0.0007074136955291454,1.0,1.0,0.0014148273910582908,1.0,1.0
ResNet-18,23766,Sunglasses,0.0046641791044776115,1.0,1.0,0.009328358208955223,1.0,1.0
ResNet-18,25491,Sandals,0.004464285714285714,0.8,0.76,0.008928571428571428,0.8,0.7254365079365078
ResNet-18,11234,Jeans,0.008237232289950576,1.0,1.0,0.014827018121911038,0.9,0.8521031746031745
ResNet-18,42138,Sports Shoes,0.0019656019656019656,0.8,0.6433333333333333,0.0034398034398034397,0.7,0.5577777777777777
ResNet-18,48653,Earrings,0.01201923076923077,1.0,1.0,0.021634615384615384,0.9,0.8788888888888889
ResNet-18,58899,Ties,0.019083969465648856,1.0,1.0,0.03816793893129771,1.0,1.0
ResNet-18,15258,Casual Shoes,0.001054481546572935,0.6,0.4533333333333333,0.001054481546572935,0.3,0.22666666666666666
ResNet-18,7617,Caps,0.01773049645390071,1.0,1.0,0.03546099290780142,1.0,1.0
ResNet-18,51587,Jeans,0.006589785831960461,0.8,0.5433333333333333,0.011532125205930808,0.7,0.4958730158730159
ResNet-18,24712,Casual Shoes,0.0017574692442882249,1.0,1.0,0.0035149384885764497,1.0,1.0
ResNet-18,9913,Handbags,0.002844141069397042,1.0,1.0,0.005688282138794084,1.0,1.0
ResNet-18,48230,Sunglasses,0.0046641791044776115,1.0,1.0,0.009328358208955223,1.0,1.0
ResNet-18,16876,Sunglasses,0.0046641791044776115,1.0,1.0,0.009328358208955223,1.0,1.0
ResNet-18,3620,Flip Flops,0.00546448087431694,1.0,1.0,0.01092896174863388,1.0,1.0
ResNet-18,43613,Tshirts,0.0007074136955291454,1.0,1.0,0.0014148273910582908,1.0,1.0
ResNet-18,33756,Tops,0.002271436683702442,0.8,0.71,0.003975014196479273,0.7,0.5541666666666667
ResNet-18,13351,Jeans,0.006589785831960461,0.8,0.6433333333333333,0.014827018121911038,0.9,0.7571031746031747
ResNet-18,25257,Handbags,0.002844141069397042,1.0,1.0,0.005688282138794084,1.0,1.0
ResNet-18,13735,Shirts,0.0015556938394523958,1.0,1.0,0.0031113876789047915,1.0,1.0
ResNet-18,1942,Tshirts,0.0007074136955291454,1.0,1.0,0.0012733446519524619,0.9,0.8788888888888889
ResNet-18,26883,Tshirts,0.0002829654782116582,0.4,0.2333333333333333,0.0007074136955291454,0.5,0.26111111111111107
ResNet-18,41529,Belts,0.006157635467980296,1.0,1.0,0.012315270935960592,1.0,1.0
ResNet-18,55915,Nail Polish,0.01524390243902439,1.0,1.0,0.03048780487804878,1.0,1.0
ResNet-18,19033,Flats,0.002004008016032064,0.2,0.1,0.004008016032064128,0.2,0.075
ResNet-18,25857,Casual Shoes,0.00140597539543058,0.8,0.5433333333333333,0.003163444639718805,0.9,0.7071031746031746
ResNet-18,7880,Formal Shoes,0.006289308176100629,0.8,0.8,0.012578616352201259,0.8,0.7042063492063492
ResNet-18,21269,Backpacks,0.004149377593360996,0.6,0.55,0.011065006915629323,0.8,0.6458730158730158
ResNet-18,14713,Trousers,0.005671077504725898,0.6,0.35333333333333333,0.00945179584120983,0.5,0.29333333333333333
ResNet-18,13536,Sports Sandals,0.015151515151515152,0.2,0.2,0.015151515151515152,0.1,0.1
ResNet-18,2353,Sports Shoes,0.0019656019656019656,0.8,0.6433333333333333,0.004422604422604423,0.9,0.7571031746031747
ResNet-18,23165,Tshirts,0.0007074136955291454,1.0,1.0,0.0014148273910582908,1.0,1.0
ResNet-18,36073,Duffel Bag,0.05747126436781609,1.0,1.0,0.10344827586206896,0.9,0.89
ResNet-18,43020,Briefs,0.00589622641509434,1.0,1.0,0.01179245283018868,1.0,1.0
ResNet-18,14747,Shirts,0.0015556938394523958,1.0,1.0,0.0028002489110143126,0.9,0.8521031746031745
ResNet-18,34186,Tshirts,0.0001414827391058291,0.2,0.2,0.00042444821731748726,0.3,0.15222222222222223
ResNet-18,54635,Watches,0.0019677292404565133,1.0,1.0,0.003935458480913027,1.0,1.0
ResNet-18,39236,Tops,0.002271436683702442,0.8,0.71,0.004542873367404884,0.8,0.6592063492063491
ResNet-18,58691,Kurtas,0.0027129679869777536,1.0,1.0,0.004340748779164406,0.8,0.7577777777777778
ResNet-18,28388,Sunglasses,0.0046641791044776115,1.0,1.0,0.009328358208955223,1.0,1.0
ResNet-18,23304,Kurtas,0.0,0.0,0.0,0.0,0.0,0.0
ResNet-18,32044,Socks,0.0072992700729927005,1.0,1.0,0.014598540145985401,1.0,1.0
ResNet-18,24121,Casual Shoes,0.001054481546572935,0.6,0.6,0.002460456942003515,0.7,0.5658333333333333
ResNet-18,16017,Scarves,0.0423728813559322,1.0,1.0,0.07627118644067797,0.9,0.89
ResNet-18,29608,Shirts,0.0015556938394523958,1.0,1.0,0.0031113876789047915,1.0,1.0
ResNet-18,23100,Accessory Gift Set,0.045454545454545456,1.0,1.0,0.09090909090909091,1.0,1.0
ResNet-18,24741,Handbags,0.002844141069397042,1.0,1.0,0.005688282138794084,1.0,1.0
ResNet-18,54604,Briefs,0.00589622641509434,1.0,1.0,0.01179245283018868,1.0,1.0
ResNet-18,36089,Caps,0.01773049645390071,1.0,1.0,0.03546099290780142,1.0,1.0
ResNet-18,29061,Tshirts,0.0002829654782116582,0.4,0.4,0.0008488964346349745,0.6,0.4084126984126984
ResNet-18,49726,Ties,0.019083969465648856,1.0,1.0,0.03816793893129771,1.0,1.0
ResNet-18,28711,Kurtas,0.0027129679869777536,1.0,1.0,0.005425935973955507,1.0,1.0
ResNet-18,42598,Shirts,0.0015556938394523958,1.0,1.0,0.002489110143123833,0.8,0.7621031746031746
ResNet-18,28147,Innerwear Vests,0.012448132780082987,0.6,0.52,0.02074688796680498,0.5,0.37964285714285717
ResNet-18,9382,Casual Shoes,0.001054481546572935,0.6,0.52,0.00210896309314587,0.6,0.4255555555555556
ResNet-18,8406,Shorts,0.009157509157509158,1.0,1.0,0.014652014652014652,0.8,0.7621031746031746
ResNet-18,5917,Casual Shoes,0.00140597539543058,0.8,0.8,0.002460456942003515,0.7,0.5991666666666667
ResNet-18,13759,Shirts,0.0015556938394523958,1.0,1.0,0.0031113876789047915,1.0,1.0
ResNet-18,45118,Watches,0.0019677292404565133,1.0,1.0,0.003935458480913027,1.0,1.0
ResNet-18,5109,Tops,0.0005678591709256105,0.2,0.05,0.001135718341851221,0.2,0.045
ResNet-18,11448,Tops,0.0,0.0,0.0,0.001135718341851221,0.2,0.034722222222222224
ResNet-18,56975,Flats,0.004008016032064128,0.4,0.14666666666666667,0.006012024048096192,0.3,0.12333333333333334
ResNet-18,33388,Wallets,0.0053475935828877,1.0,1.0,0.009625668449197862,0.9,0.8521031746031745
ResNet-18,18969,Sweaters,0.010869565217391304,0.6,0.42000000000000004,0.028985507246376812,0.8,0.5808730158730159
ResNet-18,40483,Sports Shoes,0.0014742014742014742,0.6,0.6,0.002457002457002457,0.5,0.40555555555555556
ResNet-18,34354,Tshirts,0.0007074136955291454,1.0,1.0,0.0014148273910582908,1.0,1.0
ResNet-18,22231,Formal Shoes,0.007861635220125786,1.0,1.0,0.015723270440251572,1.0,1.0
ResNet-18,10135,Watches,0.0019677292404565133,1.0,1.0,0.003935458480913027,1.0,1.0
ResNet-18,3651,Sports Shoes,0.0,0.0,0.0,0.0004914004914004914,0.1,0.01111111111111111
ResNet-18,57898,Tops,0.0017035775127768314,0.6,0.4833333333333333,0.003975014196479273,0.7,0.5247619047619048
ResNet-18,18704,Briefs,0.00589622641509434,1.0,1.0,0.01061320754716981,0.9,0.8521031746031745
ResNet-18,43468,Night suits,0.02142857142857143,0.6,0.4833333333333333,0.02857142857142857,0.4,0.2861111111111111
ResNet-18,28733,Kurtas,0.002170374389582203,0.8,0.71,0.0037981551817688553,0.7,0.5833333333333333
ResNet-18,40689,Formal Shoes,0.0047169811320754715,0.6,0.55,0.0110062893081761,0.7,0.5658730158730159
ResNet-18,22838,Casual Shoes,0.0017574692442882249,1.0,1.0,0.0035149384885764497,1.0,1.0
ResNet-18,14330,Sports Shoes,0.0014742014742014742,0.6,0.6,0.003931203931203931,0.8,0.6708730158730158
ResNet-18,46317,Watches,0.0019677292404565133,1.0,1.0,0.003935458480913027,1.0,1.0
ResNet-18,38335,Tops,0.0,0.0,0.0,0.0017035775127768314,0.3,0.06472222222222221
ResNet-18,52148,Tshirts,0.0007074136955291454,1.0,1.0,0.0012733446519524619,0.9,0.8521031746031745
ResNet-18,28705,Kurtas,0.0005425935973955507,0.2,0.06666666666666667,0.0010851871947911015,0.2,0.06190476190476191
ResNet-18,5904,Casual Shoes,0.000351493848857645,0.2,0.1,0.00070298769771529,0.2,0.07857142857142857
ResNet-18,41907,Fragrance Gift Set,0.05357142857142857,0.6,0.6,0.07142857142857142,0.4,0.36666666666666664
ResNet-18,55194,Nail Polish,0.012195121951219513,0.8,0.71,0.021341463414634148,0.7,0.591111111111111
ResNet-18,6776,Tshirts,0.0007074136955291454,1.0,1.0,0.0014148273910582908,1.0,1.0
ResNet-18,19089,Kurtas,0.0016277807921866521,0.6,0.35333333333333333,0.0016277807921866521,0.3,0.17666666666666667
ResNet-18,27786,Wallets,0.0053475935828877,1.0,1.0,0.009625668449197862,0.9,0.89
ResNet-18,31273,Tshirts,0.0007074136955291454,1.0,1.0,0.0014148273910582908,1.0,1.0
ResNet-18,2746,Tshirts,0.0001414827391058291,0.2,0.1,0.0002829654782116582,0.2,0.07222222222222222
ResNet-18,28968,Kurta Sets,0.043010752688172046,0.8,0.8,0.06451612903225806,0.6,0.569047619047619
ResNet-18,16032,Shirts,0.0015556938394523958,1.0,1.0,0.0031113876789047915,1.0,1.0
ResNet-18,41331,Dupatta,0.0,0.0,0.0,0.0,0.0,0.0
ResNet-18,22663,Backpacks,0.006915629322268326,1.0,1.0,0.013831258644536652,1.0,1.0
ResNet-18,39019,Watches,0.0019677292404565133,1.0,1.0,0.003935458480913027,1.0,1.0
ResNet-18,56140,Eyeshadow,0.12195121951219512,1.0,1.0,0.14634146341463414,0.6,0.6
ResNet-18,53056,Sarees,0.011737089201877934,1.0,1.0,0.023474178403755867,1.0,1.0
ResNet-18,19678,Tops,0.001135718341851221,0.4,0.14666666666666667,0.002271436683702442,0.4,0.15083333333333332
ResNet-18,21274,Sunglasses,0.0046641791044776115,1.0,1.0,0.009328358208955223,1.0,1.0
ResNet-18,3065,Tshirts,0.0005659309564233164,0.8,0.6433333333333333,0.0011318619128466328,0.8,0.6484920634920635
ResNet-18,43290,Handbags,0.002844141069397042,1.0,1.0,0.005688282138794084,1.0,1.0
ResNet-18,32238,Kurtas,0.0027129679869777536,1.0,1.0,0.0048833423765599565,0.9,0.9
ResNet-18,56917,Heels,0.0007564296520423601,0.2,0.2,0.0015128593040847202,0.2,0.13333333333333333
ResNet-18,38968,Rucksacks,0.3,0.6,0.4533333333333333,0.5,0.5,0.3463095238095238
ResNet-18,5395,Sports Shoes,0.0019656019656019656,0.8,0.8,0.004422604422604423,0.9,0.8354365079365079
ResNet-18,45160,Watches,0.0019677292404565133,1.0,1.0,0.003935458480913027,1.0,1.0
ResNet-18,30557,Sunglasses,0.0046641791044776115,1.0,1.0,0.009328358208955223,1.0,1.0
ResNet-18,55796,Night suits,0.02857142857142857,0.8,0.76,0.05,0.7,0.6365476190476189
ResNet-18,11620,Kurtas,0.0027129679869777536,1.0,1.0,0.0048833423765599565,0.9,0.89
ResNet-18,33570,Tshirts,0.00042444821731748726,0.6,0.55,0.0005659309564233164,0.4,0.3416666666666667
ResNet-18,21628,Bra,0.01050420168067227,1.0,1.0,0.02100840336134454,1.0,1.0
ResNet-18,22891,Sandals,0.0011160714285714285,0.2,0.05,0.006696428571428571,0.6,0.26674603174603173
ResNet-18,2947,Tops,0.002271436683702442,0.8,0.6433333333333333,0.003975014196479273,0.7,0.5458730158730158
ResNet-18,16862,Sunglasses,0.0046641791044776115,1.0,1.0,0.009328358208955223,1.0,1.0
ResNet-18,40272,Tshirts,0.0007074136955291454,1.0,1.0,0.0014148273910582908,1.0,1.0
ResNet-18,53457,Heels,0.0022692889561270802,0.6,0.4533333333333333,0.00529500756429652,0.7,0.5014285714285714
ResNet-18,32236,Kurtas,0.0010851871947911015,0.4,0.16666666666666666,0.0016277807921866521,0.3,0.13333333333333333
ResNet-18,50828,Wallets,0.0053475935828877,1.0,1.0,0.0106951871657754,1.0,1.0
ResNet-18,11616,Kurtas,0.0027129679869777536,1.0,1.0,0.005425935973955507,1.0,1.0
ResNet-18,32209,Kurtas,0.0016277807921866521,0.6,0.6,0.004340748779164406,0.8,0.6708730158730158
ResNet-18,58246,Wallets,0.0053475935828877,1.0,1.0,0.008556149732620321,0.8,0.7675
ResNet-18,31216,Casual Shoes,0.00140597539543058,0.8,0.8,0.00210896309314587,0.6,0.5314285714285714
ResNet-18,7251,Casual Shoes,0.000351493848857645,0.2,0.04,0.000351493848857645,0.1,0.02
ResNet-18,17182,Shirts,0.0015556938394523958,1.0,1.0,0.0031113876789047915,1.0,1.0
ResNet-18,53808,Kurtas,0.0010851871947911015,0.4,0.4,0.0016277807921866521,0.3,0.23333333333333334
ResNet-18,9931,Tshirts,0.0007074136955291454,1.0,1.0,0.0014148273910582908,1.0,1.0
ResNet-18,50448,Briefs,0.00589622641509434,1.0,1.0,0.01179245283018868,1.0,1.0
ResNet-18,33328,Shirts,0.0015556938394523958,1.0,1.0,0.0028002489110143126,0.9,0.8521031746031745
ResNet-18,1951,Sports Shoes,0.0004914004914004914,0.2,0.1,0.0004914004914004914,0.1,0.05
ResNet-18,56921,Heels,0.0,0.0,0.0,0.0,0.0,0.0
ResNet-18,6946,Tshirts,0.0007074136955291454,1.0,1.0,0.0014148273910582908,1.0,1.0
ResNet-18,4488,Sports Shoes,0.002457002457002457,1.0,1.0,0.003931203931203931,0.8,0.7532142857142856
ResNet-18,39027,Watches,0.0019677292404565133,1.0,1.0,0.003935458480913027,1.0,1.0
ResNet-18,38591,Tshirts,0.0007074136955291454,1.0,1.0,0.0011318619128466328,0.8,0.788888888888889
ResNet-18,47033,Kurtas,0.0010851871947911015,0.4,0.3,0.0027129679869777536,0.5,0.3055555555555555
ResNet-18,26838,Trousers,0.005671077504725898,0.6,0.42000000000000004,0.013232514177693762,0.7,0.5008730158730159
ResNet-18,17929,Track Pants,0.0165016501650165,1.0,1.0,0.033003300330033,1.0,1.0
ResNet-18,34535,Formal Shoes,0.006289308176100629,0.8,0.6433333333333333,0.009433962264150943,0.6,0.4530952380952381
ResNet-18,46549,Watches,0.0019677292404565133,1.0,1.0,0.003935458480913027,1.0,1.0
ResNet-18,1599,Handbags,0.002844141069397042,1.0,1.0,0.005688282138794084,1.0,1.0
ResNet-18,30159,Wallets,0.0053475935828877,1.0,1.0,0.0106951871657754,1.0,1.0
ResNet-18,57299,Heels,0.0007564296520423601,0.2,0.2,0.0022692889561270802,0.3,0.16666666666666666
ResNet-18,6748,Sports Shoes,0.0019656019656019656,0.8,0.6433333333333333,0.004422604422604423,0.9,0.7571031746031747
ResNet-18,59767,Earrings,0.01201923076923077,1.0,1.0,0.02403846153846154,1.0,1.0
ResNet-18,26493,Tshirts,0.0007074136955291454,1.0,1.0,0.0014148273910582908,1.0,1.0
ResNet-18,15477,Tshirts,0.0007074136955291454,1.0,1.0,0.0014148273910582908,1.0,1.0
ResNet-18,21014,Wallets,0.0032085561497326204,0.6,0.4533333333333333,0.008556149732620321,0.8,0.5975396825396825
ResNet-18,15228,Casual Shoes,0.000351493848857645,0.2,0.1,0.0017574692442882249,0.5,0.21527777777777776
ResNet-18,36298,Kurtas,0.002170374389582203,0.8,0.8,0.0037981551817688553,0.7,0.6361111111111111
ResNet-18,14755,Shirts,0.0015556938394523958,1.0,1.0,0.0031113876789047915,1.0,1.0
ResNet-18,25644,Watches,0.0019677292404565133,1.0,1.0,0.003935458480913027,1.0,1.0
ResNet-18,16466,Shirts,0.0015556938394523958,1.0,1.0,0.0031113876789047915,1.0,1.0
ResNet-18,26809,Trousers,0.00945179584120983,1.0,1.0,0.01890359168241966,1.0,1.0
ResNet-18,26207,Perfume and Body Mist,0.004893964110929853,0.6,0.55,0.004893964110929853,0.3,0.275
ResNet-18,33183,Tunics,0.0,0.0,0.0,0.0,0.0,0.0
ResNet-18,40643,Kurtas,0.0027129679869777536,1.0,1.0,0.004340748779164406,0.8,0.78
ResNet-18,45331,Heels,0.0022692889561270802,0.6,0.55,0.00529500756429652,0.7,0.5313095238095238
ResNet-18,53608,Watches,0.0015741833923652105,0.8,0.76,0.0035419126328217238,0.9,0.8154365079365078
ResNet-18,54049,Jeggings,0.0,0.0,0.0,0.0,0.0,0.0
ResNet-18,41796,Tunics,0.0,0.0,0.0,0.0,0.0,0.0
ResNet-18,10306,Casual Shoes,0.0017574692442882249,1.0,1.0,0.003163444639718805,0.9,0.89
ResNet-18,33184,Tops,0.001135718341851221,0.4,0.27999999999999997,0.0017035775127768314,0.3,0.1733333333333333
ResNet-18,3496,Sports Shoes,0.0014742014742014742,0.6,0.4533333333333333,0.003931203931203931,0.8,0.5975396825396825
ResNet-18,42583,Waistcoat,0.07142857142857142,0.2,0.2,0.07142857142857142,0.1,0.1
ResNet-18,57435,Tshirts,0.0005659309564233164,0.8,0.71,0.0009903791737408036,0.7,0.611547619047619
ResNet-18,7452,Tshirts,0.0007074136955291454,1.0,1.0,0.0012733446519524619,0.9,0.8521031746031745
ResNet-18,43207,Watches,0.0015741833923652105,0.8,0.6433333333333333,0.003148366784730421,0.8,0.6582142857142856
ResNet-18,3604,Casual Shoes,0.0017574692442882249,1.0,1.0,0.0035149384885764497,1.0,1.0
ResNet-18,54674,Watches,0.0019677292404565133,1.0,1.0,0.003935458480913027,1.0,1.0
ResNet-18,31217,Casual Shoes,0.00140597539543058,0.8,0.71,0.003163444639718805,0.9,0.7904365079365079
ResNet-18,13523,Tops,0.001135718341851221,0.4,0.18,0.0017035775127768314,0.3,0.1275
ResNet-18,46721,Perfume and Body Mist,0.008156606851549755,1.0,1.0,0.01468189233278956,0.9,0.8788888888888889
ResNet-18,8643,Sunglasses,0.0046641791044776115,1.0,1.0,0.009328358208955223,1.0,1.0
ResNet-18,17980,Casual Shoes,0.0017574692442882249,1.0,1.0,0.0035149384885764497,1.0,1.0
ResNet-18,28305,Sunglasses,0.0046641791044776115,1.0,1.0,0.009328358208955223,1.0,1.0
ResNet-18,55331,Hair Colour,0.2777777777777778,1.0,1.0,0.5555555555555556,1.0,1.0
ResNet-18,52114,Tops,0.0028392958546280523,1.0,1.0,0.004542873367404884,0.8,0.7763888888888889
ResNet-18,52928,Sarees,0.0,0.0,0.0,0.004694835680751174,0.2,0.0365079365079365
ResNet-18,32495,Casual Shoes,0.0017574692442882249,1.0,1.0,0.0035149384885764497,1.0,1.0
ResNet-18,43402,Socks,0.0072992700729927005,1.0,1.0,0.014598540145985401,1.0,1.0
ResNet-18,43059,Tshirts,0.0007074136955291454,1.0,1.0,0.0014148273910582908,1.0,1.0
ResNet-18,50688,Trunk,0.007194244604316547,0.2,0.06666666666666667,0.014388489208633094,0.2,0.05333333333333333
ResNet-18,23989,Shirts,0.0012445550715619166,0.8,0.8,0.0028002489110143126,0.9,0.8354365079365079
ResNet-18,17710,Casual Shoes,0.0017574692442882249,1.0,1.0,0.00281195079086116,0.8,0.78
ResNet-18,27718,Handbags,0.002844141069397042,1.0,1.0,0.005688282138794084,1.0,1.0
ResNet-18,51754,Casual Shoes,0.001054481546572935,0.6,0.4833333333333333,0.001054481546572935,0.3,0.24166666666666664
ResNet-18,21611,Bra,0.01050420168067227,1.0,1.0,0.02100840336134454,1.0,1.0
ResNet-18,17989,Belts,0.006157635467980296,1.0,1.0,0.012315270935960592,1.0,1.0
ResNet-18,44272,Wallets,0.0053475935828877,1.0,1.0,0.0106951871657754,1.0,1.0
ResNet-18,53493,Bra,0.01050420168067227,1.0,1.0,0.02100840336134454,1.0,1.0
ResNet-18,30338,Tshirts,0.0007074136955291454,1.0,1.0,0.0014148273910582908,1.0,1.0
ResNet-18,53458,Heels,0.0015128593040847202,0.4,0.4,0.0037821482602118004,0.5,0.3571428571428571
ResNet-18,58612,Earrings,0.009615384615384616,0.8,0.8,0.016826923076923076,0.7,0.6361111111111111
ResNet-18,4884,Tops,0.002271436683702442,0.8,0.71,0.0028392958546280523,0.5,0.4383333333333333
ResNet-18,3893,Tshirts,0.0007074136955291454,1.0,1.0,0.0014148273910582908,1.0,1.0
ResNet-18,58304,Socks,0.0072992700729927005,1.0,1.0,0.014598540145985401,1.0,1.0
ResNet-18,27807,Belts,0.006157635467980296,1.0,1.0,0.012315270935960592,1.0,1.0
ResNet-18,19734,Shirts,0.0006222775357809583,0.4,0.27999999999999997,0.0006222775357809583,0.2,0.13999999999999999
ResNet-18,59646,Sarees,0.011737089201877934,1.0,1.0,0.023474178403755867,1.0,1.0
ResNet-18,24820,Casual Shoes,0.0017574692442882249,1.0,1.0,0.003163444639718805,0.9,0.9
ResNet-18,27004,Jeggings,0.0,0.0,0.0,0.0,0.0,0.0
ResNet-18,9880,Shirts,0.0015556938394523958,1.0,1.0,0.0031113876789047915,1.0,1.0
ResNet-18,40592,Kurtas,0.0016277807921866521,0.6,0.4833333333333333,0.0032555615843733042,0.6,0.4397619047619047
ResNet-18,16929,Sweatshirts,0.0035211267605633804,0.2,0.1,0.014084507042253521,0.4,0.1519047619047619
ResNet-18,16327,Shirts,0.0015556938394523958,1.0,1.0,0.0031113876789047915,1.0,1.0
ResNet-18,43919,Dresses,0.0021598272138228943,0.2,0.2,0.004319654427645789,0.2,0.13333333333333333
ResNet-18,46691,Perfume and Body Mist,0.004893964110929853,0.6,0.42000000000000004,0.008156606851549755,0.5,0.3480952380952381
ResNet-18,59017,Flip Flops,0.001092896174863388,0.2,0.06666666666666667,0.003278688524590164,0.3,0.08555555555555557
ResNet-18,9084,Track Pants,0.013201320132013201,0.8,0.8,0.0297029702970297,0.9,0.8354365079365079
ResNet-18,42699,Flats,0.004008016032064128,0.4,0.16666666666666666,0.006012024048096192,0.3,0.11333333333333333
ResNet-18,21132,Tops,0.0017035775127768314,0.6,0.55,0.004542873367404884,0.8,0.6458730158730158
ResNet-18,30040,Watches,0.0019677292404565133,1.0,1.0,0.003935458480913027,1.0,1.0
ResNet-18,57380,Briefs,0.00589622641509434,1.0,1.0,0.01179245283018868,1.0,1.0
ResNet-18,41681,Heels,0.0030257186081694403,0.8,0.8,0.00680786686838124,0.9,0.8354365079365079
ResNet-18,21556,Handbags,0.002844141069397042,1.0,1.0,0.005688282138794084,1.0,1.0
ResNet-18,6463,Flip Flops,0.00546448087431694,1.0,1.0,0.01092896174863388,1.0,1.0
ResNet-18,18411,Sports Shoes,0.0014742014742014742,0.6,0.6,0.0034398034398034397,0.7,0.5830952380952381
ResNet-18,43789,Earrings,0.01201923076923077,1.0,1.0,0.02403846153846154,1.0,1.0
ResNet-18,40568,Kurtas,0.0,0.0,0.0,0.0,0.0,0.0
ResNet-18,49849,Watches,0.0019677292404565133,1.0,1.0,0.003935458480913027,1.0,1.0
ResNet-18,50158,Heels,0.0030257186081694403,0.8,0.8,0.00680786686838124,0.9,0.8354365079365079
ResNet-18,45217,Watches,0.0019677292404565133,1.0,1.0,0.003935458480913027,1.0,1.0
ResNet-18,40557,Watches,0.0019677292404565133,1.0,1.0,0.003935458480913027,1.0,1.0
ResNet-18,21938,Handbags,0.002844141069397042,1.0,1.0,0.005688282138794084,1.0,1.0
ResNet-18,22311,Heels,0.0022692889561270802,0.6,0.55,0.0045385779122541605,0.6,0.4797619047619047
ResNet-18,8731,Shirts,0.0015556938394523958,1.0,1.0,0.0021779713752333543,0.7,0.6527777777777778
ResNet-18,44907,Tshirts,0.0007074136955291454,1.0,1.0,0.0014148273910582908,1.0,1.0
ResNet-18,18240,Tshirts,0.0007074136955291454,1.0,1.0,0.0014148273910582908,1.0,1.0
ResNet-18,36716,Tshirts,0.0007074136955291454,1.0,1.0,0.0014148273910582908,1.0,1.0
ResNet-18,11550,Kurtas,0.0027129679869777536,1.0,1.0,0.0048833423765599565,0.9,0.8788888888888889
ResNet-18,6036,Tshirts,0.00042444821731748726,0.6,0.52,0.0008488964346349745,0.6,0.45583333333333337
ResNet-18,17005,Flats,0.006012024048096192,0.6,0.6,0.01002004008016032,0.5,0.40714285714285714
ResNet-18,3120,Tshirts,0.0007074136955291454,1.0,1.0,0.0014148273910582908,1.0,1.0
ResNet-18,9628,Shirts,0.0012445550715619166,0.8,0.8,0.001866832607342875,0.6,0.55
ResNet-18,50550,Boxers,0.0,0.0,0.0,0.0,0.0,0.0
ResNet-18,5879,Tshirts,0.00042444821731748726,0.6,0.3833333333333333,0.0008488964346349745,0.6,0.3713095238095238
ResNet-18,16513,Jeans,0.008237232289950576,1.0,1.0,0.016474464579901153,1.0,1.0
ResNet-18,34471,Sports Sandals,0.045454545454545456,0.6,0.42000000000000004,0.07575757575757576,0.5,0.33916666666666667
ResNet-18,12147,Kurtis,0.008583690987124463,0.4,0.3333333333333333,0.017167381974248927,0.4,0.24861111111111106
ResNet-18,9218,Casual Shoes,0.0017574692442882249,1.0,1.0,0.0035149384885764497,1.0,1.0
ResNet-18,37200,Jeans,0.008237232289950576,1.0,1.0,0.014827018121911038,0.9,0.89
ResNet-18,54104,Flats,0.002004008016032064,0.2,0.04,0.006012024048096192,0.3,0.08333333333333333
ResNet-18,49489,Casual Shoes,0.00140597539543058,0.8,0.71,0.00281195079086116,0.8,0.6818253968253967
ResNet-18,30673,Sunglasses,0.0046641791044776115,1.0,1.0,0.009328358208955223,1.0,1.0
ResNet-18,43381,Flip Flops,0.00546448087431694,1.0,1.0,0.01092896174863388,1.0,1.0
ResNet-18,26716,Tshirts,0.0007074136955291454,1.0,1.0,0.0014148273910582908,1.0,1.0
ResNet-18,43178,Watches,0.0019677292404565133,1.0,1.0,0.003935458480913027,1.0,1.0
ResNet-18,32329,Watches,0.0019677292404565133,1.0,1.0,0.003935458480913027,1.0,1.0
ResNet-18,53114,Tshirts,0.0007074136955291454,1.0,1.0,0.0014148273910582908,1.0,1.0
ResNet-18,12372,Shirts,0.0015556938394523958,1.0,1.0,0.0031113876789047915,1.0,1.0
ResNet-18,36321,Tshirts,0.0007074136955291454,1.0,1.0,0.0014148273910582908,1.0,1.0
ResNet-18,25736,Wallets,0.0053475935828877,1.0,1.0,0.0106951871657754,1.0,1.0
ResNet-18,14627,Tops,0.002271436683702442,0.8,0.6433333333333333,0.004542873367404884,0.8,0.6671031746031746
ResNet-18,1871,Tshirts,0.0007074136955291454,1.0,1.0,0.0014148273910582908,1.0,1.0
ResNet-18,15954,Ties,0.019083969465648856,1.0,1.0,0.03816793893129771,1.0,1.0
ResNet-18,29130,Sunglasses,0.0046641791044776115,1.0,1.0,0.009328358208955223,1.0,1.0
ResNet-18,45872,Watches,0.0019677292404565133,1.0,1.0,0.003935458480913027,1.0,1.0
ResNet-18,57582,Lipstick,0.01592356687898089,1.0,1.0,0.03184713375796178,1.0,1.0
ResNet-18,41245,Belts,0.006157635467980296,1.0,1.0,0.012315270935960592,1.0,1.0
ResNet-18,54936,Tshirts,0.0001414827391058291,0.2,0.2,0.0005659309564233164,0.4,0.21527777777777776
ResNet-18,46897,Deodorant,0.008670520231213872,0.6,0.32,0.011560693641618497,0.4,0.2
ResNet-18,47179,Sandals,0.005580357142857143,1.0,1.0,0.0078125,0.7,0.6527777777777778
ResNet-18,56239,Night suits,0.02857142857142857,0.8,0.6433333333333333,0.05,0.7,0.5416666666666667
ResNet-18,58961,Perfume and Body Mist,0.0032626427406199023,0.4,0.4,0.0065252854812398045,0.4,0.28194444444444444
ResNet-18,57743,Foundation and Primer,0.06666666666666667,1.0,1.0,0.09333333333333334,0.7,0.7
ResNet-18,31551,Casual Shoes,0.001054481546572935,0.6,0.4533333333333333,0.00210896309314587,0.6,0.4247619047619048
ResNet-18,2256,Tshirts,0.0007074136955291454,1.0,1.0,0.0012733446519524619,0.9,0.9
ResNet-18,26720,Tshirts,0.0007074136955291454,1.0,1.0,0.0012733446519524619,0.9,0.9
ResNet-18,25952,Scarves,0.0423728813559322,1.0,1.0,0.07627118644067797,0.9,0.9
ResNet-18,53328,Boxers,0.09803921568627451,1.0,1.0,0.19607843137254902,1.0,1.0
ResNet-18,21559,Handbags,0.002844141069397042,1.0,1.0,0.005688282138794084,1.0,1.0
ResNet-18,32972,Tshirts,0.0007074136955291454,1.0,1.0,0.0014148273910582908,1.0,1.0
ResNet-18,51047,Bra,0.01050420168067227,1.0,1.0,0.02100840336134454,1.0,1.0
ResNet-18,20686,Casual Shoes,0.000351493848857645,0.2,0.2,0.00140597539543058,0.4,0.21083333333333334
ResNet-18,44939,Formal Shoes,0.007861635220125786,1.0,1.0,0.015723270440251572,1.0,1.0
ResNet-18,57344,Bra,0.01050420168067227,1.0,1.0,0.02100840336134454,1.0,1.0
ResNet-18,25764,Suspenders,0.1282051282051282,1.0,1.0,0.2564102564102564,1.0,1.0
ResNet-18,8505,Socks,0.00291970802919708,0.4,0.27999999999999997,0.010218978102189781,0.7,0.44630952380952377
ResNet-18,49074,Nail Polish,0.01524390243902439,1.0,1.0,0.03048780487804878,1.0,1.0
ResNet-18,56854,Shirts,0.0015556938394523958,1.0,1.0,0.0031113876789047915,1.0,1.0
ResNet-18,4758,Tshirts,0.0007074136955291454,1.0,1.0,0.0014148273910582908,1.0,1.0
ResNet-18,9611,Shirts,0.0015556938394523958,1.0,1.0,0.0031113876789047915,1.0,1.0
ResNet-18,29733,Handbags,0.002844141069397042,1.0,1.0,0.005688282138794084,1.0,1.0
ResNet-18,23494,Casual Shoes,0.00140597539543058,0.8,0.76,0.00281195079086116,0.8,0.7254365079365078
ResNet-18,18883,Shirts,0.0015556938394523958,1.0,1.0,0.0028002489110143126,0.9,0.866388888888889
ResNet-18,6666,Flip Flops,0.00546448087431694,1.0,1.0,0.01092896174863388,1.0,1.0
ResNet-18,9071,Shirts,0.0015556938394523958,1.0,1.0,0.0031113876789047915,1.0,1.0
ResNet-18,36987,Clutches,0.0034602076124567475,0.2,0.2,0.0034602076124567475,0.1,0.1
ResNet-18,7776,Casual Shoes,0.0017574692442882249,1.0,1.0,0.0035149384885764497,1.0,1.0
ResNet-18,17697,Casual Shoes,0.0017574692442882249,1.0,1.0,0.0035149384885764497,1.0,1.0
ResNet-18,56061,Lip Gloss,0.03496503496503497,1.0,1.0,0.06993006993006994,1.0,1.0
ResNet-18,23035,Shirts,0.0015556938394523958,1.0,1.0,0.0031113876789047915,1.0,1.0
ResNet-18,4332,Sports Shoes,0.0019656019656019656,0.8,0.76,0.0019656019656019656,0.4,0.38
ResNet-18,5684,Casual Shoes,0.001054481546572935,0.6,0.6,0.002460456942003515,0.7,0.5830952380952381
ResNet-18,48994,Ring,0.042735042735042736,1.0,1.0,0.08547008547008547,1.0,1.0
ResNet-18,35938,Sports Shoes,0.0014742014742014742,0.6,0.42000000000000004,0.002457002457002457,0.5,0.3226984126984127
ResNet-18,43184,Watches,0.0019677292404565133,1.0,1.0,0.003935458480913027,1.0,1.0
ResNet-18,46066,Belts,0.006157635467980296,1.0,1.0,0.012315270935960592,1.0,1.0
ResNet-18,13264,Skirts,0.023622047244094488,0.6,0.4833333333333333,0.031496062992125984,0.4,0.3083333333333333
ResNet-18,50755,Sandals,0.005580357142857143,1.0,1.0,0.010044642857142858,0.9,0.9
ResNet-18,9022,Flip Flops,0.004371584699453552,0.8,0.8,0.004371584699453552,0.4,0.4
ResNet-18,3518,Tshirts,0.0007074136955291454,1.0,1.0,0.0014148273910582908,1.0,1.0
ResNet-18,54568,Kurtas,0.002170374389582203,0.8,0.5433333333333333,0.0037981551817688553,0.7,0.4708333333333334
ResNet-18,38416,Belts,0.006157635467980296,1.0,1.0,0.012315270935960592,1.0,1.0
ResNet-18,43389,Wallets,0.0053475935828877,1.0,1.0,0.0106951871657754,1.0,1.0
ResNet-18,39530,Bra,0.01050420168067227,1.0,1.0,0.018907563025210083,0.9,0.9
ResNet-18,39968,Casual Shoes,0.0017574692442882249,1.0,1.0,0.0035149384885764497,1.0,1.0
ResNet-18,42899,Belts,0.006157635467980296,1.0,1.0,0.012315270935960592,1.0,1.0
ResNet-18,34217,Tshirts,0.0007074136955291454,1.0,1.0,0.0014148273910582908,1.0,1.0
ResNet-18,48933,Ring,0.042735042735042736,1.0,1.0,0.08547008547008547,1.0,1.0
ResNet-18,3712,Tshirts,0.0007074136955291454,1.0,1.0,0.0012733446519524619,0.9,0.89
ResNet-18,4361,Tshirts,0.0007074136955291454,1.0,1.0,0.0014148273910582908,1.0,1.0
ResNet-18,2895,Heels,0.0030257186081694403,0.8,0.8,0.00529500756429652,0.7,0.6080952380952381
ResNet-18,31337,Jeans,0.008237232289950576,1.0,1.0,0.016474464579901153,1.0,1.0
ResNet-18,32780,Tshirts,0.0007074136955291454,1.0,1.0,0.0014148273910582908,1.0,1.0
ResNet-18,22176,Sports Sandals,0.030303030303030304,0.4,0.3333333333333333,0.030303030303030304,0.2,0.16666666666666666
ResNet-18,6064,Tshirts,0.0007074136955291454,1.0,1.0,0.0014148273910582908,1.0,1.0
ResNet-18,17433,Watches,0.0019677292404565133,1.0,1.0,0.003935458480913027,1.0,1.0
ResNet-18,37206,Jeans,0.008237232289950576,1.0,1.0,0.016474464579901153,1.0,1.0
ResNet-18,45289,Watches,0.0019677292404565133,1.0,1.0,0.0035419126328217238,0.9,0.8788888888888889
ResNet-18,42890,Handbags,0.0005688282138794084,0.2,0.2,0.0017064846416382253,0.3,0.15833333333333333
ResNet-18,40991,Tops,0.0017035775127768314,0.6,0.52,0.0017035775127768314,0.3,0.26
ResNet-18,48902,Pendant,0.022857142857142857,0.8,0.8,0.045714285714285714,0.8,0.736547619047619
ResNet-18,42636,Bracelet,0.06153846153846154,0.8,0.76,0.13846153846153847,0.9,0.8154365079365078
ResNet-18,17262,Tshirts,0.0005659309564233164,0.8,0.76,0.0011318619128466328,0.8,0.696111111111111
ResNet-18,22171,Sandals,0.005580357142857143,1.0,1.0,0.008928571428571428,0.8,0.7675
ResNet-18,13252,Shirts,0.0012445550715619166,0.8,0.71,0.0028002489110143126,0.9,0.7904365079365079
ResNet-18,41275,Wallets,0.0053475935828877,1.0,1.0,0.0106951871657754,1.0,1.0
ResNet-18,44535,Sandals,0.005580357142857143,1.0,1.0,0.008928571428571428,0.8,0.7763888888888889
ResNet-18,28480,Tshirts,0.0007074136955291454,1.0,1.0,0.0014148273910582908,1.0,1.0
ResNet-18,18894,Dresses,0.0,0.0,0.0,0.0,0.0,0.0
ResNet-18,18860,Tshirts,0.00042444821731748726,0.6,0.3833333333333333,0.0011318619128466328,0.8,0.5625396825396825
ResNet-18,15327,Tshirts,0.0007074136955291454,1.0,1.0,0.0014148273910582908,1.0,1.0
ResNet-18,10458,Tshirts,0.0007074136955291454,1.0,1.0,0.0014148273910582908,1.0,1.0
ResNet-18,49097,Compact,0.0625,0.6,0.6,0.0625,0.3,0.3
ResNet-18,30067,Watches,0.0019677292404565133,1.0,1.0,0.003935458480913027,1.0,1.0
ResNet-18,24655,Socks,0.00145985401459854,0.2,0.2,0.00291970802919708,0.2,0.13333333333333333
ResNet-18,56611,Compact,0.08333333333333333,0.8,0.8,0.125,0.6,0.569047619047619
ResNet-18,14696,Trousers,0.005671077504725898,0.6,0.4533333333333333,0.011342155009451797,0.6,0.41583333333333333
ResNet-18,39922,Laptop Bag,0.024691358024691357,0.4,0.3,0.037037037037037035,0.3,0.1875
ResNet-18,32159,Socks,0.0072992700729927005,1.0,1.0,0.014598540145985401,1.0,1.0
ResNet-18,7139,Shirts,0.00031113876789047915,0.2,0.05,0.0009334163036714375,0.3,0.08
ResNet-18,37887,Socks,0.0072992700729927005,1.0,1.0,0.014598540145985401,1.0,1.0
ResNet-18,5804,Jeans,0.0032948929159802307,0.4,0.2333333333333333,0.0032948929159802307,0.2,0.11666666666666665
ResNet-18,33082,Tshirts,0.0005659309564233164,0.8,0.8,0.0012733446519524619,0.9,0.8354365079365079
ResNet-18,40570,Kurtas,0.0027129679869777536,1.0,1.0,0.004340748779164406,0.8,0.7434920634920634
ResNet-18,23446,Kurtis,0.0,0.0,0.0,0.0,0.0,0.0
ResNet-18,2677,Tshirts,0.0007074136955291454,1.0,1.0,0.0014148273910582908,1.0,1.0
ResNet-18,44781,Casual Shoes,0.00140597539543058,0.8,0.6433333333333333,0.003163444639718805,0.9,0.7571031746031747
ResNet-18,17674,Flats,0.006012024048096192,0.6,0.35333333333333333,0.01002004008016032,0.5,0.2822222222222222
ResNet-18,10035,Sports Shoes,0.002457002457002457,1.0,1.0,0.004914004914004914,1.0,1.0
ResNet-18,19517,Sweaters,0.0,0.0,0.0,0.0,0.0,0.0
ResNet-18,11910,Formal Shoes,0.006289308176100629,0.8,0.76,0.012578616352201259,0.8,0.7068253968253967
ResNet-18,49603,Heels,0.0015128593040847202,0.4,0.16666666666666666,0.0037821482602118004,0.5,0.23174603174603173
ResNet-18,48341,Necklace and Chains,0.031446540880503145,1.0,1.0,0.05660377358490566,0.9,0.8521031746031745
ResNet-18,59293,Watches,0.0019677292404565133,1.0,1.0,0.003935458480913027,1.0,1.0
ResNet-18,41608,Shirts,0.0015556938394523958,1.0,1.0,0.0031113876789047915,1.0,1.0
ResNet-18,40381,Tops,0.0005678591709256105,0.2,0.2,0.0005678591709256105,0.1,0.1
ResNet-18,12160,Leggings,0.022727272727272728,0.8,0.71,0.05113636363636364,0.9,0.7904365079365079
ResNet-18,51809,Nightdress,0.0,0.0,0.0,0.0,0.0,0.0
ResNet-18,4144,Sports Shoes,0.0019656019656019656,0.8,0.76,0.004422604422604423,0.9,0.8154365079365078
ResNet-18,17618,Leggings,0.0,0.0,0.0,0.0,0.0,0.0
ResNet-18,6089,Tshirts,0.0002829654782116582,0.4,0.13,0.0007074136955291454,0.5,0.23464285714285715
ResNet-18,7369,Casual Shoes,0.0017574692442882249,1.0,1.0,0.00210896309314587,0.6,0.5599999999999999
ResNet-18,40524,Watches,0.0019677292404565133,1.0,1.0,0.0035419126328217238,0.9,0.8521031746031745
ResNet-18,24637,Sports Shoes,0.002457002457002457,1.0,1.0,0.004914004914004914,1.0,1.0
ResNet-18,47365,Mobile Pouch,0.043478260869565216,0.4,0.4,0.06521739130434782,0.3,0.25
ResNet-18,11716,Shirts,0.0015556938394523958,1.0,1.0,0.0028002489110143126,0.9,0.8521031746031745
ResNet-18,59099,Briefs,0.00589622641509434,1.0,1.0,0.01179245283018868,1.0,1.0
ResNet-18,50570,Trunk,0.03597122302158273,1.0,1.0,0.05755395683453238,0.8,0.7532142857142856
ResNet-18,42889,Clutches,0.0034602076124567475,0.2,0.2,0.0034602076124567475,0.1,0.1
ResNet-18,10092,Sports Shoes,0.002457002457002457,1.0,1.0,0.004914004914004914,1.0,1.0
ResNet-18,33210,Tops,0.001135718341851221,0.4,0.2333333333333333,0.001135718341851221,0.2,0.11666666666666665
ResNet-18,19324,Sweatshirts,0.0035211267605633804,0.2,0.2,0.0035211267605633804,0.1,0.1
ResNet-18,8773,Shirts,0.0015556938394523958,1.0,1.0,0.0031113876789047915,1.0,1.0
ResNet-18,44945,Trousers,0.003780718336483932,0.4,0.2333333333333333,0.011342155009451797,0.6,0.33222222222222225
ResNet-18,52820,Earrings,0.009615384615384616,0.8,0.8,0.021634615384615384,0.9,0.8354365079365079
ResNet-18,34493,Skirts,0.015748031496062992,0.4,0.3,0.031496062992125984,0.4,0.22749999999999998
ResNet-18,26364,Skirts,0.007874015748031496,0.2,0.05,0.031496062992125984,0.4,0.15119047619047618
ResNet-18,37672,Backpacks,0.006915629322268326,1.0,1.0,0.013831258644536652,1.0,1.0
ResNet-18,22192,Casual Shoes,0.00070298769771529,0.4,0.3,0.00140597539543058,0.4,0.2571428571428571
ResNet-18,19915,Waist Pouch,0.125,0.4,0.2333333333333333,0.125,0.2,0.11666666666666665
ResNet-18,5605,Flip Flops,0.004371584699453552,0.8,0.71,0.009836065573770493,0.9,0.7904365079365079
ResNet-18,52827,Earrings,0.01201923076923077,1.0,1.0,0.02403846153846154,1.0,1.0
ResNet-18,28464,Capris,0.005747126436781609,0.2,0.06666666666666667,0.017241379310344827,0.3,0.0919047619047619
ResNet-18,4985,Sports Shoes,0.002457002457002457,1.0,1.0,0.004914004914004914,1.0,1.0
ResNet-18,20863,Wallets,0.0053475935828877,1.0,1.0,0.0106951871657754,1.0,1.0
ResNet-18,29314,Backpacks,0.006915629322268326,1.0,1.0,0.013831258644536652,1.0,1.0
ResNet-18,42873,Handbags,0.0022753128555176336,0.8,0.71,0.003981797497155859,0.7,0.5940476190476189
ResNet-18,14067,Tshirts,0.0007074136955291454,1.0,1.0,0.0014148273910582908,1.0,1.0
ResNet-18,31112,Capris,0.011494252873563218,0.4,0.4,0.017241379310344827,0.3,0.22999999999999998
ResNet-18,5054,Sports Shoes,0.002457002457002457,1.0,1.0,0.004914004914004914,1.0,1.0
ResNet-18,34004,Tops,0.002271436683702442,0.8,0.71,0.004542873367404884,0.8,0.6818253968253967
ResNet-18,56226,Night suits,0.03571428571428571,1.0,1.0,0.07142857142857142,1.0,1.0
ResNet-18,24606,Sweatshirts,0.0,0.0,0.0,0.0,0.0,0.0
ResNet-18,51003,Bra,0.01050420168067227,1.0,1.0,0.02100840336134454,1.0,1.0
ResNet-18,10662,Tshirts,0.0007074136955291454,1.0,1.0,0.0011318619128466328,0.8,0.7675
ResNet-18,11582,Kurtis,0.008583690987124463,0.4,0.27999999999999997,0.008583690987124463,0.2,0.13999999999999999
ResNet-18,44780,Casual Shoes,0.00140597539543058,0.8,0.8,0.003163444639718805,0.9,0.8354365079365079
ResNet-18,17675,Flats,0.008016032064128256,0.8,0.76,0.008016032064128256,0.4,0.38
ResNet-18,45236,Watches,0.0019677292404565133,1.0,1.0,0.003935458480913027,1.0,1.0
ResNet-18,48529,Flip Flops,0.00546448087431694,1.0,1.0,0.01092896174863388,1.0,1.0
ResNet-18,59464,Ring,0.042735042735042736,1.0,1.0,0.08547008547008547,1.0,1.0
ResNet-18,21926,Kurtas,0.0016277807921866521,0.6,0.42000000000000004,0.0027129679869777536,0.5,0.33916666666666667
ResNet-18,19172,Tshirts,0.0002829654782116582,0.4,0.2333333333333333,0.00042444821731748726,0.3,0.16666666666666666
ResNet-18,3565,Casual Shoes,0.001054481546572935,0.6,0.3833333333333333,0.002460456942003515,0.7,0.4479761904761904
ResNet-18,38692,Handbags,0.0017064846416382253,0.6,0.6,0.0017064846416382253,0.3,0.3
ResNet-18,49605,Heels,0.0030257186081694403,0.8,0.5433333333333333,0.006051437216338881,0.8,0.6082142857142857
ResNet-18,13210,Sports Shoes,0.0019656019656019656,0.8,0.6433333333333333,0.004422604422604423,0.9,0.7571031746031747
ResNet-18,24654,Handbags,0.002844141069397042,1.0,1.0,0.005688282138794084,1.0,1.0
ResNet-18,37243,Casual Shoes,0.0017574692442882249,1.0,1.0,0.003163444639718805,0.9,0.866388888888889
ResNet-18,42674,Kurtas,0.002170374389582203,0.8,0.6433333333333333,0.0037981551817688553,0.7,0.5607142857142857
ResNet-18,19715,Shirts,0.0015556938394523958,1.0,1.0,0.0031113876789047915,1.0,1.0
ResNet-18,22930,Watches,0.0019677292404565133,1.0,1.0,0.0035419126328217238,0.9,0.8788888888888889
ResNet-18,13479,Flats,0.002004008016032064,0.2,0.05,0.004008016032064128,0.2,0.045
ResNet-18,45238,Watches,0.0019677292404565133,1.0,1.0,0.003935458480913027,1.0,1.0
ResNet-18,18859,Tshirts,0.0007074136955291454,1.0,1.0,0.0014148273910582908,1.0,1.0
ResNet-18,32158,Socks,0.0072992700729927005,1.0,1.0,0.014598540145985401,1.0,1.0
ResNet-18,26560,Casual Shoes,0.0,0.0,0.0,0.000351493848857645,0.1,0.0125
ResNet-18,37082,Handbags,0.002844141069397042,1.0,1.0,0.005688282138794084,1.0,1.0
ResNet-18,7332,Casual Shoes,0.00140597539543058,0.8,0.71,0.00281195079086116,0.8,0.691547619047619
ResNet-18,26594,Sports Shoes,0.0009828009828009828,0.4,0.3333333333333333,0.0034398034398034397,0.7,0.47297619047619055
ResNet-18,14664,Shirts,0.0009334163036714375,0.6,0.4833333333333333,0.0021779713752333543,0.7,0.5247619047619048
ResNet-18,50726,Formal Shoes,0.006289308176100629,0.8,0.8,0.0110062893081761,0.7,0.62
ResNet-18,29187,Tops,0.002271436683702442,0.8,0.6433333333333333,0.0034071550255536627,0.6,0.48
ResNet-18,53900,Handbags,0.002844141069397042,1.0,1.0,0.005688282138794084,1.0,1.0
ResNet-18,54319,Briefs,0.00589622641509434,1.0,1.0,0.01179245283018868,1.0,1.0
ResNet-18,11719,Shirts,0.0015556938394523958,1.0,1.0,0.0031113876789047915,1.0,1.0
ResNet-18,22709,Sports Shoes,0.0019656019656019656,0.8,0.76,0.0034398034398034397,0.7,0.619047619047619
ResNet-18,26396,Shirts,0.0015556938394523958,1.0,1.0,0.0028002489110143126,0.9,0.866388888888889
ResNet-18,50316,Ties,0.019083969465648856,1.0,1.0,0.03816793893129771,1.0,1.0
ResNet-18,36938,Perfume and Body Mist,0.0065252854812398045,0.8,0.5433333333333333,0.013050570962479609,0.8,0.6082142857142857
ResNet-18,59895,Dresses,0.0021598272138228943,0.2,0.05,0.0064794816414686825,0.3,0.09107142857142857
ResNet-18,7950,Tshirts,0.0007074136955291454,1.0,1.0,0.0014148273910582908,1.0,1.0
ResNet-18,20891,Casual Shoes,0.0017574692442882249,1.0,1.0,0.00281195079086116,0.8,0.7434920634920634
ResNet-18,27415,Capris,0.011494252873563218,0.4,0.14666666666666667,0.011494252873563218,0.2,0.07333333333333333
ResNet-18,31114,Capris,0.011494252873563218,0.4,0.4,0.022988505747126436,0.4,0.27749999999999997
ResNet-18,57796,Face Wash and Cleanser,0.0,0.0,0.0,0.0,0.0,0.0
ResNet-18,35918,Handbags,0.002844141069397042,1.0,1.0,0.005688282138794084,1.0,1.0
ResNet-18,23273,Watches,0.0019677292404565133,1.0,1.0,0.003935458480913027,1.0,1.0
ResNet-18,41864,Sandals,0.0,0.0,0.0,0.0,0.0,0.0
ResNet-18,39384,Jeans,0.008237232289950576,1.0,1.0,0.016474464579901153,1.0,1.0
ResNet-18,37810,Shirts,0.0015556938394523958,1.0,1.0,0.0031113876789047915,1.0,1.0
ResNet-18,57566,Lipstick,0.01592356687898089,1.0,1.0,0.03184713375796178,1.0,1.0
ResNet-18,54125,Heels,0.0022692889561270802,0.6,0.32,0.0037821482602118004,0.5,0.2655555555555556
ResNet-18,44185,Perfume and Body Mist,0.008156606851549755,1.0,1.0,0.01468189233278956,0.9,0.9
ResNet-18,10863,Tshirts,0.0007074136955291454,1.0,1.0,0.0014148273910582908,1.0,1.0
ResNet-18,6249,Tshirts,0.0007074136955291454,1.0,1.0,0.0014148273910582908,1.0,1.0
ResNet-18,9691,Tshirts,0.0007074136955291454,1.0,1.0,0.0014148273910582908,1.0,1.0
ResNet-18,19589,Tops,0.0,0.0,0.0,0.0,0.0,0.0
ResNet-18,36790,Watches,0.0019677292404565133,1.0,1.0,0.003935458480913027,1.0,1.0
ResNet-18,14606,Socks,0.0072992700729927005,1.0,1.0,0.014598540145985401,1.0,1.0
ResNet-18,19119,Flip Flops,0.004371584699453552,0.8,0.71,0.006557377049180328,0.6,0.5014285714285714
ResNet-18,2848,Tshirts,0.0007074136955291454,1.0,1.0,0.0014148273910582908,1.0,1.0
ResNet-18,34033,Shirts,0.0015556938394523958,1.0,1.0,0.0031113876789047915,1.0,1.0
ResNet-18,16363,Shirts,0.0015556938394523958,1.0,1.0,0.0031113876789047915,1.0,1.0
ResNet-18,25717,Handbags,0.0017064846416382253,0.6,0.32,0.002844141069397042,0.5,0.2980952380952381
ResNet-18,4695,Watches,0.0019677292404565133,1.0,1.0,0.003935458480913027,1.0,1.0
ResNet-18,51380,Shorts,0.009157509157509158,1.0,1.0,0.018315018315018316,1.0,1.0
ResNet-18,33955,Tshirts,0.00042444821731748726,0.6,0.6,0.0008488964346349745,0.6,0.4863095238095238
ResNet-18,32619,Tshirts,0.0002829654782116582,0.4,0.2333333333333333,0.00042444821731748726,0.3,0.16666666666666666
ResNet-18,52398,Nightdress,0.005319148936170213,0.2,0.05,0.010638297872340425,0.2,0.05833333333333333
ResNet-18,49982,Briefs,0.00589622641509434,1.0,1.0,0.01179245283018868,1.0,1.0
ResNet-18,3215,Sports Shoes,0.0004914004914004914,0.2,0.05,0.0004914004914004914,0.1,0.025
ResNet-18,15467,Shorts,0.009157509157509158,1.0,1.0,0.016483516483516484,0.9,0.8521031746031745
ResNet-18,57414,Briefs,0.00589622641509434,1.0,1.0,0.01179245283018868,1.0,1.0
ResNet-18,52166,Pendant,0.011428571428571429,0.4,0.27999999999999997,0.011428571428571429,0.2,0.13999999999999999
ResNet-18,31262,Tshirts,0.0007074136955291454,1.0,1.0,0.0014148273910582908,1.0,1.0
ResNet-18,23906,Casual Shoes,0.001054481546572935,0.6,0.4533333333333333,0.0017574692442882249,0.5,0.3211111111111111
ResNet-18,9380,Sports Shoes,0.0009828009828009828,0.4,0.27999999999999997,0.0014742014742014742,0.3,0.1775
ResNet-18,28977,Kurta Sets,0.043010752688172046,0.8,0.8,0.08602150537634409,0.8,0.745436507936508
ResNet-18,31891,Stoles,0.056179775280898875,1.0,1.0,0.11235955056179775,1.0,1.0
ResNet-18,18715,Tops,0.0028392958546280523,1.0,1.0,0.0056785917092561046,1.0,1.0
ResNet-18,56963,Heels,0.0022692889561270802,0.6,0.3833333333333333,0.00529500756429652,0.7,0.4574999999999999
ResNet-18,15238,Casual Shoes,0.001054481546572935,0.6,0.2866666666666666,0.00140597539543058,0.4,0.1833333333333333
ResNet-18,42309,Sarees,0.011737089201877934,1.0,1.0,0.023474178403755867,1.0,1.0
ResNet-18,43821,Earrings,0.01201923076923077,1.0,1.0,0.02403846153846154,1.0,1.0
ResNet-18,58667,Kurtas,0.002170374389582203,0.8,0.76,0.0037981551817688553,0.7,0.6365476190476189
ResNet-18,49143,Lip Gloss,0.03496503496503497,1.0,1.0,0.03496503496503497,0.5,0.5
ResNet-18,22220,Tshirts,0.0002829654782116582,0.4,0.4,0.0008488964346349745,0.6,0.4155555555555555
ResNet-18,22644,Shorts,0.009157509157509158,1.0,1.0,0.018315018315018316,1.0,1.0
ResNet-18,24311,Shorts,0.007326007326007326,0.8,0.76,0.016483516483516484,0.9,0.8154365079365078
ResNet-18,55943,Nail Polish,0.01524390243902439,1.0,1.0,0.03048780487804878,1.0,1.0
ResNet-18,57628,Sunscreen,0.20833333333333334,1.0,1.0,0.375,0.9,0.8521031746031745
ResNet-18,33997,Dresses,0.0021598272138228943,0.2,0.1,0.0021598272138228943,0.1,0.05
ResNet-18,20944,Flip Flops,0.004371584699453552,0.8,0.76,0.007650273224043716,0.7,0.6365476190476189
ResNet-18,48694,Earrings,0.01201923076923077,1.0,1.0,0.02403846153846154,1.0,1.0
ResNet-18,37907,Perfume and Body Mist,0.0065252854812398045,0.8,0.8,0.0065252854812398045,0.4,0.4
ResNet-18,41726,Heels,0.0030257186081694403,0.8,0.71,0.00529500756429652,0.7,0.5792063492063492
ResNet-18,47041,Salwar,0.0967741935483871,0.6,0.6,0.16129032258064516,0.5,0.4222222222222222
ResNet-18,26412,Shirts,0.0015556938394523958,1.0,1.0,0.0031113876789047915,1.0,1.0
ResNet-18,51540,Watches,0.0019677292404565133,1.0,1.0,0.003935458480913027,1.0,1.0
ResNet-18,29650,Shirts,0.0015556938394523958,1.0,1.0,0.0031113876789047915,1.0,1.0
ResNet-18,20729,Casual Shoes,0.00070298769771529,0.4,0.13,0.001054481546572935,0.3,0.10785714285714285
ResNet-18,28544,Shorts,0.007326007326007326,0.8,0.6433333333333333,0.014652014652014652,0.8,0.6582142857142856
ResNet-18,40435,Tops,0.0005678591709256105,0.2,0.1,0.0005678591709256105,0.1,0.05
ResNet-18,6705,Socks,0.0072992700729927005,1.0,1.0,0.014598540145985401,1.0,1.0
ResNet-18,50839,Belts,0.006157635467980296,1.0,1.0,0.012315270935960592,1.0,1.0
ResNet-18,6395,Sandals,0.004464285714285714,0.8,0.8,0.006696428571428571,0.6,0.5583333333333333
ResNet-18,46160,Necklace and Chains,0.012578616352201259,0.4,0.3,0.012578616352201259,0.2,0.15
ResNet-18,33557,Tshirts,0.0002829654782116582,0.4,0.4,0.0002829654782116582,0.2,0.2
ResNet-18,22617,Tshirts,0.0007074136955291454,1.0,1.0,0.0014148273910582908,1.0,1.0
ResNet-18,52938,Sarees,0.009389671361502348,0.8,0.71,0.02112676056338028,0.9,0.7904365079365079
ResNet-18,23193,Shirts,0.0015556938394523958,1.0,1.0,0.0031113876789047915,1.0,1.0
ResNet-18,44253,Wallets,0.0042780748663101605,0.8,0.71,0.0074866310160427805,0.7,0.6018253968253967
ResNet-18,38142,Backpacks,0.006915629322268326,1.0,1.0,0.013831258644536652,1.0,1.0
ResNet-18,48007,Watches,0.0019677292404565133,1.0,1.0,0.003935458480913027,1.0,1.0
ResNet-18,59181,Formal Shoes,0.006289308176100629,0.8,0.8,0.014150943396226415,0.9,0.8354365079365079
ResNet-18,39064,Tshirts,0.0007074136955291454,1.0,1.0,0.0014148273910582908,1.0,1.0
ResNet-18,5941,Shirts,0.0015556938394523958,1.0,1.0,0.0031113876789047915,1.0,1.0
ResNet-18,40255,Shirts,0.0015556938394523958,1.0,1.0,0.0031113876789047915,1.0,1.0
ResNet-18,41387,Tops,0.0,0.0,0.0,0.0005678591709256105,0.1,0.01
ResNet-18,18748,Tops,0.002271436683702442,0.8,0.5433333333333333,0.004542873367404884,0.8,0.6171031746031745
ResNet-18,6357,Flip Flops,0.002185792349726776,0.4,0.2333333333333333,0.003278688524590164,0.3,0.14999999999999997
ResNet-18,24374,Kurtas,0.0005425935973955507,0.2,0.1,0.0010851871947911015,0.2,0.06999999999999999
ResNet-18,35808,Heels,0.0037821482602118004,1.0,1.0,0.00680786686838124,0.9,0.8788888888888889
ResNet-18,14515,Shirts,0.0015556938394523958,1.0,1.0,0.0031113876789047915,1.0,1.0
ResNet-18,2367,Formal Shoes,0.0,0.0,0.0,0.0031446540880503146,0.2,0.03666666666666667
ResNet-18,5348,Sports Shoes,0.0004914004914004914,0.2,0.06666666666666667,0.0009828009828009828,0.2,0.06666666666666667
ResNet-18,33559,Tshirts,0.0002829654782116582,0.4,0.3333333333333333,0.0008488964346349745,0.6,0.39630952380952383
ResNet-18,54699,Kurtas,0.0005425935973955507,0.2,0.05,0.0016277807921866521,0.3,0.08357142857142856
ResNet-18,38377,Belts,0.006157635467980296,1.0,1.0,0.012315270935960592,1.0,1.0
ResNet-18,53448,Flip Flops,0.004371584699453552,0.8,0.6433333333333333,0.009836065573770493,0.9,0.7571031746031747
ResNet-18,12078,Kurtas,0.0016277807921866521,0.6,0.32,0.0037981551817688553,0.7,0.4163095238095238
ResNet-18,11636,Watches,0.0019677292404565133,1.0,1.0,0.0035419126328217238,0.9,0.9
ResNet-18,26888,Tops,0.0,0.0,0.0,0.0005678591709256105,0.1,0.01111111111111111
ResNet-18,46151,Necklace and Chains,0.018867924528301886,0.6,0.6,0.050314465408805034,0.8,0.6708730158730158
ResNet-18,10146,Formal Shoes,0.007861635220125786,1.0,1.0,0.012578616352201259,0.8,0.7621031746031746
ResNet-18,6734,Sports Shoes,0.0014742014742014742,0.6,0.4533333333333333,0.003931203931203931,0.8,0.5975396825396825
ResNet-18,46397,Shirts,0.0015556938394523958,1.0,1.0,0.0031113876789047915,1.0,1.0
ResNet-18,57888,Mask and Peel,0.0,0.0,0.0,0.2727272727272727,0.3,0.06928571428571428
ResNet-18,3641,Casual Shoes,0.000351493848857645,0.2,0.06666666666666667,0.00070298769771529,0.2,0.06190476190476191
ResNet-18,35434,Dresses,0.01079913606911447,1.0,1.0,0.02159827213822894,1.0,1.0
ResNet-18,12672,Shorts,0.009157509157509158,1.0,1.0,0.018315018315018316,1.0,1.0
ResNet-18,29292,Shirts,0.0009334163036714375,0.6,0.35333333333333333,0.001866832607342875,0.6,0.36583333333333334
ResNet-18,16645,Tshirts,0.0007074136955291454,1.0,1.0,0.0014148273910582908,1.0,1.0
ResNet-18,16221,Track Pants,0.009900990099009901,0.6,0.35333333333333333,0.013201320132013201,0.4,0.21666666666666665
ResNet-18,35265,Tops,0.0017035775127768314,0.6,0.52,0.0034071550255536627,0.6,0.4491666666666666
ResNet-18,20585,Wallets,0.0053475935828877,1.0,1.0,0.009625668449197862,0.9,0.866388888888889
ResNet-18,3646,Casual Shoes,0.00070298769771529,0.4,0.14666666666666667,0.00210896309314587,0.6,0.29603174603174603
ResNet-18,50853,Sarees,0.011737089201877934,1.0,1.0,0.023474178403755867,1.0,1.0
ResNet-18,38121,Trousers,0.007561436672967864,0.8,0.76,0.011342155009451797,0.6,0.53
ResNet-18,53287,Jeans,0.006589785831960461,0.8,0.5433333333333333,0.013179571663920923,0.8,0.6082142857142857
ResNet-18,47025,Kurtas,0.0027129679869777536,1.0,1.0,0.005425935973955507,1.0,1.0
ResNet-18,51372,Tshirts,0.0007074136955291454,1.0,1.0,0.0012733446519524619,0.9,0.8788888888888889
ResNet-18,30721,Kurtas,0.0016277807921866521,0.6,0.6,0.0032555615843733042,0.6,0.4726984126984126
ResNet-18,48436,Tshirts,0.0007074136955291454,1.0,1.0,0.0014148273910582908,1.0,1.0
ResNet-18,12218,Trousers,0.00945179584120983,1.0,1.0,0.017013232514177693,0.9,0.8521031746031745
ResNet-18,1544,Casual Shoes,0.00140597539543058,0.8,0.8,0.002460456942003515,0.7,0.6080952380952381
ResNet-18,24928,Tops,0.001135718341851221,0.4,0.2333333333333333,0.001135718341851221,0.2,0.11666666666666665
ResNet-18,6553,Backpacks,0.006915629322268326,1.0,1.0,0.013831258644536652,1.0,1.0
ResNet-18,30342,Tshirts,0.0007074136955291454,1.0,1.0,0.0014148273910582908,1.0,1.0
ResNet-18,15005,Jackets,0.007782101167315175,0.4,0.4,0.007782101167315175,0.2,0.2
ResNet-18,31855,Watches,0.0019677292404565133,1.0,1.0,0.003935458480913027,1.0,1.0
ResNet-18,46309,Watches,0.0019677292404565133,1.0,1.0,0.003935458480913027,1.0,1.0
ResNet-18,23168,Tshirts,0.0007074136955291454,1.0,1.0,0.0014148273910582908,1.0,1.0
ResNet-18,18924,Tshirts,0.0007074136955291454,1.0,1.0,0.0014148273910582908,1.0,1.0
ResNet-18,43280,Handbags,0.002844141069397042,1.0,1.0,0.005688282138794084,1.0,1.0
ResNet-18,37765,Shirts,0.0012445550715619166,0.8,0.8,0.002489110143123833,0.8,0.7268253968253967
ResNet-18,35690,Casual Shoes,0.0017574692442882249,1.0,1.0,0.0035149384885764497,1.0,1.0
ResNet-18,44051,Perfume and Body Mist,0.008156606851549755,1.0,1.0,0.01468189233278956,0.9,0.8788888888888889
ResNet-18,34114,Dresses,0.008639308855291577,0.8,0.71,0.012958963282937365,0.6,0.524047619047619
ResNet-18,8809,Shirts,0.0015556938394523958,1.0,1.0,0.0031113876789047915,1.0,1.0
ResNet-18,22875,Casual Shoes,0.00070298769771529,0.4,0.27999999999999997,0.001054481546572935,0.3,0.1733333333333333
ResNet-18,43273,Handbags,0.002844141069397042,1.0,1.0,0.005119453924914676,0.9,0.8788888888888889
ResNet-18,5527,Tshirts,0.0007074136955291454,1.0,1.0,0.0014148273910582908,1.0,1.0
ResNet-18,24711,Casual Shoes,0.00140597539543058,0.8,0.5433333333333333,0.00281195079086116,0.8,0.5877777777777778
ResNet-18,21263,Backpacks,0.006915629322268326,1.0,1.0,0.013831258644536652,1.0,1.0
ResNet-18,30775,Kurtas,0.0,0.0,0.0,0.0005425935973955507,0.1,0.016666666666666666
ResNet-18,21435,Backpacks,0.006915629322268326,1.0,1.0,0.013831258644536652,1.0,1.0
ResNet-18,48692,Earrings,0.009615384615384616,0.8,0.76,0.014423076923076924,0.6,0.5233333333333332
ResNet-18,55549,Kajal and Eyeliner,0.039603960396039604,0.8,0.71,0.07920792079207921,0.8,0.691547619047619
ResNet-18,39295,Sandals,0.005580357142857143,1.0,1.0,0.011160714285714286,1.0,1.0
ResNet-18,24972,Tshirts,0.0002829654782116582,0.4,0.4,0.0008488964346349745,0.6,0.4084126984126984
ResNet-18,10149,Formal Shoes,0.006289308176100629,0.8,0.8,0.014150943396226415,0.9,0.8354365079365079
ResNet-18,14374,Heels,0.0015128593040847202,0.4,0.4,0.0015128593040847202,0.2,0.2
ResNet-18,33764,Casual Shoes,0.001054481546572935,0.6,0.4833333333333333,0.00140597539543058,0.4,0.2861111111111111
ResNet-18,44252,Handbags,0.0011376564277588168,0.4,0.16666666666666666,0.0034129692832764505,0.6,0.29174603174603175
ResNet-18,54808,Handbags,0.0022753128555176336,0.8,0.76,0.0022753128555176336,0.4,0.38
ResNet-18,40606,Kurtas,0.0016277807921866521,0.6,0.4833333333333333,0.002170374389582203,0.4,0.2861111111111111
ResNet-18,30743,Kurtas,0.0027129679869777536,1.0,1.0,0.0037981551817688553,0.7,0.6732142857142857
ResNet-18,7080,Backpacks,0.006915629322268326,1.0,1.0,0.013831258644536652,1.0,1.0
ResNet-18,30911,Kurtis,0.0,0.0,0.0,0.012875536480686695,0.3,0.07166666666666666
ResNet-18,26874,Tshirts,0.00042444821731748726,0.6,0.32,0.0007074136955291454,0.5,0.2796428571428572
ResNet-18,41972,Tops,0.0028392958546280523,1.0,1.0,0.005110732538330494,0.9,0.866388888888889
ResNet-18,46965,Handbags,0.002844141069397042,1.0,1.0,0.005688282138794084,1.0,1.0
ResNet-18,53440,Sports Shoes,0.0014742014742014742,0.6,0.2866666666666666,0.0034398034398034397,0.7,0.3996428571428571
ResNet-18,15631,Track Pants,0.0033003300330033004,0.2,0.04,0.009900990099009901,0.3,0.0819047619047619
ResNet-18,54475,Handbags,0.002844141069397042,1.0,1.0,0.005688282138794084,1.0,1.0
ResNet-18,55137,Nail Polish,0.01524390243902439,1.0,1.0,0.03048780487804878,1.0,1.0
ResNet-18,26258,Track Pants,0.006600660066006601,0.4,0.4,0.0165016501650165,0.5,0.3571428571428571
ResNet-18,35019,Stoles,0.033707865168539325,0.6,0.42000000000000004,0.056179775280898875,0.5,0.33916666666666667
ResNet-18,49765,Kurtas,0.0010851871947911015,0.4,0.2333333333333333,0.0032555615843733042,0.6,0.35297619047619044
ResNet-18,34769,Handbags,0.002844141069397042,1.0,1.0,0.003981797497155859,0.7,0.6557142857142857
ResNet-18,34335,Tshirts,0.0007074136955291454,1.0,1.0,0.0014148273910582908,1.0,1.0
ResNet-18,34107,Tops,0.002271436683702442,0.8,0.8,0.004542873367404884,0.8,0.745436507936508
ResNet-18,5157,Tshirts,0.0007074136955291454,1.0,1.0,0.0014148273910582908,1.0,1.0
ResNet-18,48476,Dresses,0.0021598272138228943,0.2,0.1,0.008639308855291577,0.4,0.1519047619047619
ResNet-18,46723,Perfume and Body Mist,0.0065252854812398045,0.8,0.71,0.013050570962479609,0.8,0.691547619047619
ResNet-18,22266,Heels,0.0022692889561270802,0.6,0.6,0.0037821482602118004,0.5,0.4291666666666666
ResNet-18,57463,Belts,0.006157635467980296,1.0,1.0,0.012315270935960592,1.0,1.0
ResNet-18,20531,Wallets,0.0042780748663101605,0.8,0.76,0.0074866310160427805,0.7,0.616111111111111
ResNet-18,37324,Watches,0.0019677292404565133,1.0,1.0,0.003935458480913027,1.0,1.0
ResNet-18,27384,Night suits,0.02857142857142857,0.8,0.8,0.02857142857142857,0.4,0.4
ResNet-18,10734,Handbags,0.002844141069397042,1.0,1.0,0.005688282138794084,1.0,1.0
ResNet-18,51599,Jeggings,0.030303030303030304,0.2,0.2,0.030303030303030304,0.1,0.1
ResNet-18,44877,Tshirts,0.0007074136955291454,1.0,1.0,0.0014148273910582908,1.0,1.0
ResNet-18,29221,Socks,0.0072992700729927005,1.0,1.0,0.014598540145985401,1.0,1.0
ResNet-18,2981,Tshirts,0.0007074136955291454,1.0,1.0,0.0014148273910582908,1.0,1.0
ResNet-18,23181,Shirts,0.0015556938394523958,1.0,1.0,0.0031113876789047915,1.0,1.0
ResNet-18,43064,Tshirts,0.0007074136955291454,1.0,1.0,0.0014148273910582908,1.0,1.0
ResNet-18,31212,Sports Shoes,0.0019656019656019656,0.8,0.71,0.0034398034398034397,0.7,0.591111111111111
ResNet-18,43400,Socks,0.0072992700729927005,1.0,1.0,0.014598540145985401,1.0,1.0
ResNet-18,18798,Handbags,0.0005688282138794084,0.2,0.06666666666666667,0.0017064846416382253,0.3,0.1
ResNet-18,29642,Shirts,0.0015556938394523958,1.0,1.0,0.0031113876789047915,1.0,1.0
ResNet-18,11088,Shirts,0.0015556938394523958,1.0,1.0,0.0031113876789047915,1.0,1.0
ResNet-18,47857,Handbags,0.002844141069397042,1.0,1.0,0.005688282138794084,1.0,1.0
ResNet-18,7890,Track Pants,0.009900990099009901,0.6,0.55,0.0165016501650165,0.5,0.38769841269841265
ResNet-18,33922,Watches,0.0019677292404565133,1.0,1.0,0.003935458480913027,1.0,1.0
ResNet-18,28556,Tshirts,0.0007074136955291454,1.0,1.0,0.0014148273910582908,1.0,1.0
ResNet-18,34539,Formal Shoes,0.006289308176100629,0.8,0.5433333333333333,0.014150943396226415,0.9,0.7071031746031746
ResNet-18,11028,Tunics,0.0043859649122807015,0.2,0.06666666666666667,0.0043859649122807015,0.1,0.03333333333333333
ResNet-18,47000,Kurtas,0.0016277807921866521,0.6,0.2866666666666666,0.0032555615843733042,0.6,0.3414285714285714
ResNet-18,1798,Tshirts,0.0005659309564233164,0.8,0.6433333333333333,0.0005659309564233164,0.4,0.32166666666666666
ResNet-18,48084,Dresses,0.0021598272138228943,0.2,0.04,0.004319654427645789,0.2,0.04857142857142857
ResNet-18,2579,Shorts,0.0018315018315018315,0.2,0.2,0.005494505494505495,0.3,0.155
ResNet-18,31241,Tshirts,0.00042444821731748726,0.6,0.6,0.00042444821731748726,0.3,0.3
ResNet-18,4483,Casual Shoes,0.00070298769771529,0.4,0.4,0.00140597539543058,0.4,0.2828571428571428
ResNet-18,32292,Watches,0.0019677292404565133,1.0,1.0,0.003935458480913027,1.0,1.0
ResNet-18,37142,Shirts,0.0015556938394523958,1.0,1.0,0.0031113876789047915,1.0,1.0
ResNet-18,28996,Tshirts,0.0007074136955291454,1.0,1.0,0.0014148273910582908,1.0,1.0
ResNet-18,51162,Socks,0.0072992700729927005,1.0,1.0,0.014598540145985401,1.0,1.0
ResNet-18,18736,Dresses,0.0021598272138228943,0.2,0.2,0.0021598272138228943,0.1,0.1
ResNet-18,16031,Shirts,0.0015556938394523958,1.0,1.0,0.0031113876789047915,1.0,1.0
ResNet-18,57065,Tops,0.001135718341851221,0.4,0.2,0.0017035775127768314,0.3,0.14285714285714285
ResNet-18,8278,Tshirts,0.0007074136955291454,1.0,1.0,0.0014148273910582908,1.0,1.0
ResNet-18,26234,Tshirts,0.0007074136955291454,1.0,1.0,0.0014148273910582908,1.0,1.0
ResNet-18,17573,Shirts,0.0015556938394523958,1.0,1.0,0.0031113876789047915,1.0,1.0
ResNet-18,30735,Churidar,0.10344827586206896,0.6,0.6,0.10344827586206896,0.3,0.3
ResNet-18,34395,Tshirts,0.0007074136955291454,1.0,1.0,0.0014148273910582908,1.0,1.0
ResNet-18,23914,Casual Shoes,0.00140597539543058,0.8,0.8,0.00281195079086116,0.8,0.745436507936508
ResNet-18,24100,Sandals,0.0033482142857142855,0.6,0.42000000000000004,0.0078125,0.7,0.48476190476190484
ResNet-18,47452,Flats,0.004008016032064128,0.4,0.3,0.006012024048096192,0.3,0.1875
ResNet-18,54879,Necklace and Chains,0.031446540880503145,1.0,1.0,0.06289308176100629,1.0,1.0
ResNet-18,15011,Track Pants,0.013201320132013201,0.8,0.71,0.0231023102310231,0.7,0.5940476190476189
ResNet-18,3663,Sports Shoes,0.0,0.0,0.0,0.0004914004914004914,0.1,0.014285714285714285
ResNet-18,49158,Foundation and Primer,0.05333333333333334,0.8,0.8,0.05333333333333334,0.4,0.4
ResNet-18,19628,Tshirts,0.0007074136955291454,1.0,1.0,0.0014148273910582908,1.0,1.0
ResNet-18,22203,Sweatshirts,0.0035211267605633804,0.2,0.06666666666666667,0.007042253521126761,0.2,0.05333333333333333
ResNet-18,25277,Handbags,0.002844141069397042,1.0,1.0,0.005688282138794084,1.0,1.0
ResNet-18,23180,Shirts,0.0015556938394523958,1.0,1.0,0.0031113876789047915,1.0,1.0
ResNet-18,36036,Handbags,0.0017064846416382253,0.6,0.4533333333333333,0.0034129692832764505,0.6,0.4129761904761905
ResNet-18,6524,Shorts,0.009157509157509158,1.0,1.0,0.018315018315018316,1.0,1.0
ResNet-18,25283,Handbags,0.002844141069397042,1.0,1.0,0.005688282138794084,1.0,1.0
ResNet-18,27349,Tshirts,0.0005659309564233164,0.8,0.6433333333333333,0.0011318619128466328,0.8,0.6484920634920635
ResNet-18,8223,Backpacks,0.006915629322268326,1.0,1.0,0.012448132780082987,0.9,0.866388888888889
ResNet-18,29015,Tshirts,0.0007074136955291454,1.0,1.0,0.0014148273910582908,1.0,1.0
ResNet-18,45361,Heels,0.0030257186081694403,0.8,0.8,0.0037821482602118004,0.5,0.4714285714285714
ResNet-18,17948,Track Pants,0.013201320132013201,0.8,0.8,0.0231023102310231,0.7,0.6080952380952381
ResNet-18,55335,Hair Colour,0.05555555555555555,0.2,0.05,0.05555555555555555,0.1,0.025
ResNet-18,17983,Backpacks,0.006915629322268326,1.0,1.0,0.013831258644536652,1.0,1.0
ResNet-18,58071,Earrings,0.01201923076923077,1.0,1.0,0.019230769230769232,0.8,0.7621031746031746
ResNet-18,6727,Flip Flops,0.002185792349726776,0.4,0.16666666666666666,0.007650273224043716,0.7,0.3896428571428571
ResNet-18,24360,Kurtas,0.0016277807921866521,0.6,0.6,0.0027129679869777536,0.5,0.41666666666666663
ResNet-18,5390,Sports Shoes,0.0009828009828009828,0.4,0.14666666666666667,0.0014742014742014742,0.3,0.1161904761904762
ResNet-18,22894,Sandals,0.005580357142857143,1.0,1.0,0.011160714285714286,1.0,1.0
ResNet-18,12259,Shirts,0.0015556938394523958,1.0,1.0,0.0031113876789047915,1.0,1.0
ResNet-18,14368,Heels,0.0022692889561270802,0.6,0.4533333333333333,0.0022692889561270802,0.3,0.22666666666666666
ResNet-18,25073,Accessory Gift Set,0.045454545454545456,1.0,1.0,0.09090909090909091,1.0,1.0
ResNet-18,17383,Mufflers,0.05405405405405406,0.4,0.3,0.13513513513513514,0.5,0.2873015873015873
ResNet-18,3252,Sports Shoes,0.0,0.0,0.0,0.0004914004914004914,0.1,0.01
ResNet-18,5999,Shirts,0.0015556938394523958,1.0,1.0,0.0031113876789047915,1.0,1.0
ResNet-18,20191,Tshirts,0.0005659309564233164,0.8,0.8,0.0011318619128466328,0.8,0.716111111111111
ResNet-18,52922,Sarees,0.002347417840375587,0.2,0.2,0.007042253521126761,0.3,0.16190476190476188
ResNet-18,36803,Watches,0.0019677292404565133,1.0,1.0,0.003935458480913027,1.0,1.0
ResNet-18,38397,Tshirts,0.0007074136955291454,1.0,1.0,0.0014148273910582908,1.0,1.0
ResNet-18,17778,Belts,0.006157635467980296,1.0,1.0,0.012315270935960592,1.0,1.0
ResNet-18,37971,Heels,0.0022692889561270802,0.6,0.55,0.00529500756429652,0.7,0.5313095238095238
ResNet-18,53408,Kurtas,0.0027129679869777536,1.0,1.0,0.005425935973955507,1.0,1.0
ResNet-18,12804,Tshirts,0.0007074136955291454,1.0,1.0,0.0014148273910582908,1.0,1.0
ResNet-18,13121,Casual Shoes,0.00140597539543058,0.8,0.71,0.003163444639718805,0.9,0.7904365079365079
ResNet-18,25443,Casual Shoes,0.00140597539543058,0.8,0.5433333333333333,0.003163444639718805,0.9,0.7071031746031746
ResNet-18,52949,Sarees,0.011737089201877934,1.0,1.0,0.023474178403755867,1.0,1.0
ResNet-18,21487,Handbags,0.002844141069397042,1.0,1.0,0.005688282138794084,1.0,1.0
ResNet-18,32256,Tunics,0.0,0.0,0.0,0.0,0.0,0.0
ResNet-18,12651,Tshirts,0.0007074136955291454,1.0,1.0,0.0014148273910582908,1.0,1.0
ResNet-18,6122,Flip Flops,0.00546448087431694,1.0,1.0,0.009836065573770493,0.9,0.9
ResNet-18,29414,Watches,0.0019677292404565133,1.0,1.0,0.003935458480913027,1.0,1.0
ResNet-18,12669,Shirts,0.0015556938394523958,1.0,1.0,0.0031113876789047915,1.0,1.0
ResNet-18,38566,Shorts,0.009157509157509158,1.0,1.0,0.018315018315018316,1.0,1.0
ResNet-18,58645,Kurtas,0.0027129679869777536,1.0,1.0,0.004340748779164406,0.8,0.7327777777777778
ResNet-18,27748,Handbags,0.0017064846416382253,0.6,0.2866666666666666,0.0022753128555176336,0.4,0.18777777777777777
ResNet-18,47666,Scarves,0.0,0.0,0.0,0.0,0.0,0.0
ResNet-18,40671,Shirts,0.0009334163036714375,0.6,0.4533333333333333,0.0012445550715619166,0.4,0.29333333333333333
ResNet-18,13542,Flats,0.006012024048096192,0.6,0.42000000000000004,0.008016032064128256,0.4,0.2671428571428572
ResNet-18,36437,Casual Shoes,0.001054481546572935,0.6,0.52,0.0017574692442882249,0.5,0.37964285714285717
ResNet-18,46324,Sports Shoes,0.002457002457002457,1.0,1.0,0.004914004914004914,1.0,1.0
ResNet-18,53439,Flip Flops,0.00546448087431694,1.0,1.0,0.009836065573770493,0.9,0.89
ResNet-18,15021,Jackets,0.007782101167315175,0.4,0.2333333333333333,0.01556420233463035,0.4,0.20396825396825397
ResNet-18,1938,Tshirts,0.0007074136955291454,1.0,1.0,0.0014148273910582908,1.0,1.0
ResNet-18,6113,Tshirts,0.0007074136955291454,1.0,1.0,0.0012733446519524619,0.9,0.89
ResNet-18,5762,Shorts,0.005494505494505495,0.6,0.52,0.01098901098901099,0.6,0.45809523809523806
ResNet-18,34164,Tops,0.0028392958546280523,1.0,1.0,0.004542873367404884,0.8,0.7327777777777778
ResNet-18,5930,Casual Shoes,0.001054481546572935,0.6,0.4533333333333333,0.00140597539543058,0.4,0.26666666666666666
ResNet-18,41759,Dresses,0.0064794816414686825,0.6,0.6,0.01079913606911447,0.5,0.40555555555555556
ResNet-18,52143,Tshirts,0.0007074136955291454,1.0,1.0,0.0014148273910582908,1.0,1.0
ResNet-18,42587,Tshirts,0.0007074136955291454,1.0,1.0,0.0014148273910582908,1.0,1.0
ResNet-18,45332,Heels,0.0037821482602118004,1.0,1.0,0.00529500756429652,0.7,0.6634920634920635
ResNet-18,56233,Night suits,0.03571428571428571,1.0,1.0,0.07142857142857142,1.0,1.0
ResNet-18,51486,Trousers,0.005671077504725898,0.6,0.52,0.007561436672967864,0.4,0.3
ResNet-18,45086,Night suits,0.007142857142857143,0.2,0.1,0.007142857142857143,0.1,0.05
ResNet-18,2855,Tshirts,0.0007074136955291454,1.0,1.0,0.0014148273910582908,1.0,1.0
ResNet-18,5842,Tshirts,0.00042444821731748726,0.6,0.4533333333333333,0.0008488964346349745,0.6,0.4397619047619047
ResNet-18,30684,Sunglasses,0.0046641791044776115,1.0,1.0,0.009328358208955223,1.0,1.0
ResNet-18,55021,Lipstick,0.01592356687898089,1.0,1.0,0.03184713375796178,1.0,1.0
ResNet-18,43978,Perfume and Body Mist,0.008156606851549755,1.0,1.0,0.01468189233278956,0.9,0.9
ResNet-18,56006,Lipstick,0.01592356687898089,1.0,1.0,0.03184713375796178,1.0,1.0
ResNet-18,25190,Handbags,0.002844141069397042,1.0,1.0,0.005688282138794084,1.0,1.0
ResNet-18,48558,Belts,0.006157635467980296,1.0,1.0,0.012315270935960592,1.0,1.0
ResNet-18,23856,Casual Shoes,0.00070298769771529,0.4,0.2,0.002460456942003515,0.7,0.40630952380952373
ResNet-18,55641,Heels,0.0030257186081694403,0.8,0.8,0.0037821482602118004,0.5,0.4625
ResNet-18,51685,Sunglasses,0.0037313432835820895,0.8,0.76,0.008395522388059701,0.9,0.8154365079365078
ResNet-18,24074,Flats,0.002004008016032064,0.2,0.05,0.004008016032064128,0.2,0.045
ResNet-18,50591,Briefs,0.00589622641509434,1.0,1.0,0.01179245283018868,1.0,1.0
ResNet-18,35562,Sandals,0.0,0.0,0.0,0.0,0.0,0.0
ResNet-18,6057,Shirts,0.0015556938394523958,1.0,1.0,0.0031113876789047915,1.0,1.0
ResNet-18,41870,Sandals,0.004464285714285714,0.8,0.76,0.008928571428571428,0.8,0.6842063492063492
ResNet-18,7388,Formal Shoes,0.006289308176100629,0.8,0.76,0.009433962264150943,0.6,0.5233333333333332
ResNet-18,59611,Sarees,0.011737089201877934,1.0,1.0,0.023474178403755867,1.0,1.0
ResNet-18,4955,Shirts,0.0009334163036714375,0.6,0.4533333333333333,0.0015556938394523958,0.5,0.36476190476190473
ResNet-18,53777,Sports Shoes,0.0014742014742014742,0.6,0.52,0.003931203931203931,0.8,0.6308730158730158
ResNet-18,8768,Sunglasses,0.0046641791044776115,1.0,1.0,0.009328358208955223,1.0,1.0
ResNet-18,50750,Casual Shoes,0.0017574692442882249,1.0,1.0,0.0035149384885764497,1.0,1.0
ResNet-18,17097,Wallets,0.0053475935828877,1.0,1.0,0.0106951871657754,1.0,1.0
ResNet-18,19569,Tshirts,0.0007074136955291454,1.0,1.0,0.0014148273910582908,1.0,1.0
ResNet-18,46251,Tunics,0.0,0.0,0.0,0.0,0.0,0.0
ResNet-18,13261,Jeans,0.008237232289950576,1.0,1.0,0.014827018121911038,0.9,0.9
ResNet-18,1844,Tshirts,0.0007074136955291454,1.0,1.0,0.0014148273910582908,1.0,1.0
ResNet-18,39397,Tshirts,0.0002829654782116582,0.4,0.16666666666666666,0.0007074136955291454,0.5,0.2261904761904762
ResNet-18,56498,Nail Polish,0.01524390243902439,1.0,1.0,0.03048780487804878,1.0,1.0
ResNet-18,13408,Shirts,0.0015556938394523958,1.0,1.0,0.0031113876789047915,1.0,1.0
ResNet-18,42038,Sports Shoes,0.002457002457002457,1.0,1.0,0.003931203931203931,0.8,0.7327777777777778
ResNet-18,51883,Wallets,0.0053475935828877,1.0,1.0,0.0106951871657754,1.0,1.0
ResNet-18,59484,Ring,0.042735042735042736,1.0,1.0,0.08547008547008547,1.0,1.0
ResNet-18,23666,Shirts,0.0015556938394523958,1.0,1.0,0.0031113876789047915,1.0,1.0
ResNet-18,54734,Casual Shoes,0.0017574692442882249,1.0,1.0,0.003163444639718805,0.9,0.8788888888888889
ResNet-18,51410,Shirts,0.0012445550715619166,0.8,0.6433333333333333,0.002489110143123833,0.8,0.6258730158730159
ResNet-18,33064,Shirts,0.0015556938394523958,1.0,1.0,0.0031113876789047915,1.0,1.0
ResNet-18,4595,Backpacks,0.006915629322268326,1.0,1.0,0.013831258644536652,1.0,1.0
ResNet-18,4901,Tops,0.0017035775127768314,0.6,0.4533333333333333,0.003975014196479273,0.7,0.5175396825396825
ResNet-18,58797,Shirts,0.0012445550715619166,0.8,0.8,0.0028002489110143126,0.9,0.8354365079365079
ResNet-18,39901,Sports Shoes,0.0009828009828009828,0.4,0.18,0.0019656019656019656,0.4,0.19714285714285712
ResNet-18,19962,Sweaters,0.014492753623188406,0.8,0.8,0.018115942028985508,0.5,0.4625
ResNet-18,12770,Tops,0.0,0.0,0.0,0.0005678591709256105,0.1,0.016666666666666666
ResNet-18,40565,Kurtas,0.002170374389582203,0.8,0.71,0.004340748779164406,0.8,0.7004365079365078
ResNet-18,31196,Wallets,0.0032085561497326204,0.6,0.6,0.0042780748663101605,0.4,0.36666666666666664
ResNet-18,13835,Jackets,0.0038910505836575876,0.2,0.05,0.011673151750972763,0.3,0.08833333333333333
ResNet-18,59819,Shirts,0.0015556938394523958,1.0,1.0,0.0031113876789047915,1.0,1.0
ResNet-18,40108,Track Pants,0.0165016501650165,1.0,1.0,0.0297029702970297,0.9,0.89
ResNet-18,43322,Tops,0.002271436683702442,0.8,0.5433333333333333,0.003975014196479273,0.7,0.4916666666666667
ResNet-18,33293,Shirts,0.0015556938394523958,1.0,1.0,0.0031113876789047915,1.0,1.0
ResNet-18,38227,Sunglasses,0.0046641791044776115,1.0,1.0,0.009328358208955223,1.0,1.0
ResNet-18,47588,Flats,0.004008016032064128,0.4,0.4,0.006012024048096192,0.3,0.2375
ResNet-18,44903,Tshirts,0.0007074136955291454,1.0,1.0,0.0014148273910582908,1.0,1.0
ResNet-18,8351,Tshirts,0.0007074136955291454,1.0,1.0,0.0014148273910582908,1.0,1.0
ResNet-18,15564,Heels,0.0007564296520423601,0.2,0.2,0.0022692889561270802,0.3,0.16666666666666666
ResNet-18,10472,Tshirts,0.0005659309564233164,0.8,0.5433333333333333,0.0012733446519524619,0.9,0.7071031746031746
ResNet-18,57187,Tunics,0.0,0.0,0.0,0.0,0.0,0.0
ResNet-18,46001,Sarees,0.011737089201877934,1.0,1.0,0.023474178403755867,1.0,1.0
ResNet-18,50356,Kurtas,0.0016277807921866521,0.6,0.52,0.0027129679869777536,0.5,0.38916666666666666
ResNet-18,7721,Sports Shoes,0.002457002457002457,1.0,1.0,0.004914004914004914,1.0,1.0
ResNet-18,53782,Tshirts,0.0005659309564233164,0.8,0.6433333333333333,0.0012733446519524619,0.9,0.7571031746031747
ResNet-18,14045,Shirts,0.0015556938394523958,1.0,1.0,0.0028002489110143126,0.9,0.866388888888889
ResNet-18,55475,Lip Liner,0.10638297872340426,1.0,1.0,0.1276595744680851,0.6,0.5857142857142856
ResNet-18,33455,Handbags,0.0022753128555176336,0.8,0.6433333333333333,0.003981797497155859,0.7,0.55
ResNet-18,4534,Tshirts,0.0007074136955291454,1.0,1.0,0.0014148273910582908,1.0,1.0
ResNet-18,10623,Flip Flops,0.0,0.0,0.0,0.0,0.0,0.0
ResNet-18,45045,Watches,0.0019677292404565133,1.0,1.0,0.003935458480913027,1.0,1.0
ResNet-18,47349,Handbags,0.002844141069397042,1.0,1.0,0.005688282138794084,1.0,1.0
ResNet-18,3140,Heels,0.0022692889561270802,0.6,0.42000000000000004,0.0030257186081694403,0.4,0.2671428571428572
ResNet-18,50332,Kurtas,0.0016277807921866521,0.6,0.35333333333333333,0.0032555615843733042,0.6,0.3493650793650793
ResNet-18,52465,Camisoles,0.0,0.0,0.0,0.0,0.0,0.0
ResNet-18,33660,Sandals,0.0033482142857142855,0.6,0.55,0.004464285714285714,0.4,0.3194444444444445
ResNet-18,25705,Tops,0.001135718341851221,0.4,0.2,0.0034071550255536627,0.6,0.32269841269841265
ResNet-18,44732,Flip Flops,0.00546448087431694,1.0,1.0,0.01092896174863388,1.0,1.0
ResNet-18,5071,Watches,0.0019677292404565133,1.0,1.0,0.003935458480913027,1.0,1.0
ResNet-18,39533,Bra,0.01050420168067227,1.0,1.0,0.02100840336134454,1.0,1.0
ResNet-18,50903,Sarees,0.011737089201877934,1.0,1.0,0.02112676056338028,0.9,0.89
ResNet-18,25191,Handbags,0.002844141069397042,1.0,1.0,0.005688282138794084,1.0,1.0
ResNet-18,20625,Wallets,0.0053475935828877,1.0,1.0,0.0106951871657754,1.0,1.0
ResNet-18,26384,Trousers,0.00945179584120983,1.0,1.0,0.01890359168241966,1.0,1.0
ResNet-18,38423,Wallets,0.0053475935828877,1.0,1.0,0.009625668449197862,0.9,0.8788888888888889
ResNet-18,45883,Watches,0.0019677292404565133,1.0,1.0,0.003935458480913027,1.0,1.0
ResNet-18,33463,Belts,0.006157635467980296,1.0,1.0,0.012315270935960592,1.0,1.0
ResNet-18,2265,Tshirts,0.0007074136955291454,1.0,1.0,0.0014148273910582908,1.0,1.0
ResNet-18,25350,Briefs,0.00589622641509434,1.0,1.0,0.01179245283018868,1.0,1.0
ResNet-18,54565,Kurtas,0.0016277807921866521,0.6,0.4533333333333333,0.0037981551817688553,0.7,0.5014285714285714
ResNet-18,29931,Watches,0.0019677292404565133,1.0,1.0,0.0035419126328217238,0.9,0.8788888888888889
ResNet-18,21152,Tshirts,0.0,0.0,0.0,0.00042444821731748726,0.3,0.07523809523809524
ResNet-18,8760,Track Pants,0.0165016501650165,1.0,1.0,0.0297029702970297,0.9,0.8788888888888889
ResNet-18,28828,Briefs,0.00589622641509434,1.0,1.0,0.01179245283018868,1.0,1.0
ResNet-18,17259,Tshirts,0.0007074136955291454,1.0,1.0,0.0014148273910582908,1.0,1.0
ResNet-18,16119,Sandals,0.002232142857142857,0.4,0.4,0.002232142857142857,0.2,0.2
ResNet-18,13659,Shirts,0.0015556938394523958,1.0,1.0,0.0031113876789047915,1.0,1.0
ResNet-18,28888,Briefs,0.00589622641509434,1.0,1.0,0.01179245283018868,1.0,1.0
ResNet-18,44101,Perfume and Body Mist,0.0032626427406199023,0.4,0.4,0.0032626427406199023,0.2,0.2
ResNet-18,3919,Track Pants,0.009900990099009901,0.6,0.32,0.0165016501650165,0.5,0.26
ResNet-18,56054,Lip Gloss,0.03496503496503497,1.0,1.0,0.06993006993006994,1.0,1.0
ResNet-18,16784,Watches,0.0019677292404565133,1.0,1.0,0.003935458480913027,1.0,1.0
ResNet-18,34088,Casual Shoes,0.00140597539543058,0.8,0.71,0.00281195079086116,0.8,0.7004365079365078
ResNet-18,9427,Shirts,0.0015556938394523958,1.0,1.0,0.0031113876789047915,1.0,1.0
ResNet-18,56098,Lip Gloss,0.03496503496503497,1.0,1.0,0.06293706293706294,0.9,0.9
ResNet-18,31358,Tshirts,0.0007074136955291454,1.0,1.0,0.0014148273910582908,1.0,1.0
ResNet-18,31956,Sports Shoes,0.0019656019656019656,0.8,0.6433333333333333,0.003931203931203931,0.8,0.6258730158730159
ResNet-18,44905,Track Pants,0.0033003300330033004,0.2,0.04,0.006600660066006601,0.2,0.05333333333333333
ResNet-18,26324,Tracksuits,0.07142857142857142,0.4,0.3,0.10714285714285714,0.3,0.18
ResNet-18,14682,Tshirts,0.0007074136955291454,1.0,1.0,0.0014148273910582908,1.0,1.0
ResNet-18,13205,Sports Shoes,0.002457002457002457,1.0,1.0,0.004914004914004914,1.0,1.0
ResNet-18,31155,Tshirts,0.0005659309564233164,0.8,0.8,0.0012733446519524619,0.9,0.8354365079365079
ResNet-18,34081,Casual Shoes,0.00140597539543058,0.8,0.8,0.00281195079086116,0.8,0.7268253968253967
ResNet-18,8950,Trousers,0.005671077504725898,0.6,0.55,0.011342155009451797,0.6,0.4708333333333333
ResNet-18,28618,Tshirts,0.0002829654782116582,0.4,0.3333333333333333,0.00042444821731748726,0.3,0.19999999999999998
ResNet-18,46667,Deodorant,0.014450867052023121,1.0,1.0,0.028901734104046242,1.0,1.0
ResNet-18,5479,Sports Shoes,0.0004914004914004914,0.2,0.2,0.0019656019656019656,0.4,0.20666666666666664
ResNet-18,52052,Tshirts,0.0002829654782116582,0.4,0.14666666666666667,0.0008488964346349745,0.6,0.3096428571428571
ResNet-18,11335,Jeans,0.008237232289950576,1.0,1.0,0.016474464579901153,1.0,1.0
ResNet-18,2035,Tshirts,0.0007074136955291454,1.0,1.0,0.0011318619128466328,0.8,0.788888888888889
ResNet-18,13462,Tshirts,0.0007074136955291454,1.0,1.0,0.0014148273910582908,1.0,1.0
ResNet-18,28049,Briefs,0.00589622641509434,1.0,1.0,0.01179245283018868,1.0,1.0
ResNet-18,24442,Innerwear Vests,0.016597510373443983,0.8,0.71,0.024896265560165973,0.6,0.5014285714285714
ResNet-18,25590,Kurta Sets,0.053763440860215055,1.0,1.0,0.10752688172043011,1.0,1.0
ResNet-18,47574,Heels,0.0030257186081694403,0.8,0.6433333333333333,0.0037821482602118004,0.5,0.37722222222222224
ResNet-50,28032,Briefs,0.00589622641509434,1.0,1.0,0.01179245283018868,1.0,1.0
ResNet-50,35322,Earrings,0.01201923076923077,1.0,1.0,0.021634615384615384,0.9,0.89
ResNet-50,13284,Shorts,0.009157509157509158,1.0,1.0,0.016483516483516484,0.9,0.8788888888888889
ResNet-50,26197,Perfume and Body Mist,0.0016313213703099511,0.2,0.2,0.0032626427406199023,0.2,0.13333333333333333
ResNet-50,3391,Handbags,0.002844141069397042,1.0,1.0,0.005688282138794084,1.0,1.0
ResNet-50,22361,Sports Sandals,0.0,0.0,0.0,0.0,0.0,0.0
ResNet-50,55233,Foundation and Primer,0.04,0.6,0.35333333333333333,0.08,0.6,0.3814285714285714
ResNet-50,39147,Kurta Sets,0.021505376344086023,0.4,0.16666666666666666,0.03225806451612903,0.3,0.11333333333333333
ResNet-50,15983,Shirts,0.0012445550715619166,0.8,0.8,0.002489110143123833,0.8,0.7042063492063492
ResNet-50,59290,Watches,0.0019677292404565133,1.0,1.0,0.003935458480913027,1.0,1.0
ResNet-50,18459,Deodorant,0.011560693641618497,0.8,0.76,0.023121387283236993,0.8,0.716547619047619
ResNet-50,25385,Briefs,0.00589622641509434,1.0,1.0,0.01179245283018868,1.0,1.0
ResNet-50,34038,Shirts,0.0015556938394523958,1.0,1.0,0.0031113876789047915,1.0,1.0
ResNet-50,7169,Shirts,0.0015556938394523958,1.0,1.0,0.0028002489110143126,0.9,0.9
ResNet-50,23249,Formal Shoes,0.007861635220125786,1.0,1.0,0.015723270440251572,1.0,1.0
ResNet-50,2040,Tshirts,0.0007074136955291454,1.0,1.0,0.0012733446519524619,0.9,0.8788888888888889
ResNet-50,25949,Scarves,0.025423728813559324,0.6,0.35333333333333333,0.0423728813559322,0.5,0.29888888888888887
ResNet-50,46285,Dresses,0.0021598272138228943,0.2,0.2,0.0021598272138228943,0.1,0.1
ResNet-50,25985,Perfume and Body Mist,0.0065252854812398045,0.8,0.5433333333333333,0.01468189233278956,0.9,0.7071031746031746
ResNet-50,21189,Backpacks,0.006915629322268326,1.0,1.0,0.013831258644536652,1.0,1.0
ResNet-50,37488,Watches,0.0019677292404565133,1.0,1.0,0.003935458480913027,1.0,1.0
ResNet-50,3398,Handbags,0.002844141069397042,1.0,1.0,0.004550625711035267,0.8,0.8
ResNet-50,3505,Casual Shoes,0.00070298769771529,0.4,0.3,0.00210896309314587,0.6,0.37269841269841264
ResNet-50,42410,Briefs,0.00589622641509434,1.0,1.0,0.01179245283018868,1.0,1.0
ResNet-50,24868,Wallets,0.0053475935828877,1.0,1.0,0.0106951871657754,1.0,1.0
ResNet-50,33225,Dresses,0.0021598272138228943,0.2,0.2,0.0064794816414686825,0.3,0.15833333333333333
ResNet-50,34000,Tops,0.001135718341851221,0.4,0.3333333333333333,0.002271436683702442,0.4,0.24952380952380948
ResNet-50,47196,Sandals,0.0033482142857142855,0.6,0.6,0.005580357142857143,0.5,0.40714285714285714
ResNet-50,26333,Watches,0.0019677292404565133,1.0,1.0,0.003935458480913027,1.0,1.0
ResNet-50,37625,Tshirts,0.0007074136955291454,1.0,1.0,0.0014148273910582908,1.0,1.0
ResNet-50,32357,Watches,0.0019677292404565133,1.0,1.0,0.003935458480913027,1.0,1.0
ResNet-50,44747,Casual Shoes,0.0017574692442882249,1.0,1.0,0.0035149384885764497,1.0,1.0
ResNet-50,38652,Casual Shoes,0.000351493848857645,0.2,0.05,0.001054481546572935,0.3,0.08833333333333333
ResNet-50,38460,Mobile Pouch,0.043478260869565216,0.4,0.18,0.06521739130434782,0.3,0.13999999999999999
ResNet-50,47109,Casual Shoes,0.00070298769771529,0.4,0.16666666666666666,0.001054481546572935,0.3,0.12083333333333332
ResNet-50,8172,Heels,0.0030257186081694403,0.8,0.71,0.0045385779122541605,0.6,0.49833333333333324
ResNet-50,25777,Suspenders,0.1282051282051282,1.0,1.0,0.2564102564102564,1.0,1.0
ResNet-50,26334,Watches,0.0019677292404565133,1.0,1.0,0.0035419126328217238,0.9,0.8788888888888889
ResNet-50,12333,Jeans,0.008237232289950576,1.0,1.0,0.016474464579901153,1.0,1.0
ResNet-50,45659,Innerwear Vests,0.02074688796680498,1.0,1.0,0.04149377593360996,1.0,1.0
ResNet-50,21778,Belts,0.006157635467980296,1.0,1.0,0.012315270935960592,1.0,1.0
ResNet-50,2210,Tshirts,0.0007074136955291454,1.0,1.0,0.0012733446519524619,0.9,0.8521031746031745
ResNet-50,41036,Watches,0.0019677292404565133,1.0,1.0,0.003935458480913027,1.0,1.0
ResNet-50,12137,Kurtas,0.0027129679869777536,1.0,1.0,0.005425935973955507,1.0,1.0
ResNet-50,56849,Jeans,0.004942339373970346,0.6,0.52,0.006589785831960461,0.4,0.31
ResNet-50,38836,Dresses,0.0064794816414686825,0.6,0.2866666666666666,0.008639308855291577,0.4,0.20999999999999996
ResNet-50,25587,Kurta Sets,0.043010752688172046,0.8,0.76,0.07526881720430108,0.7,0.616111111111111
ResNet-50,10204,Handbags,0.002844141069397042,1.0,1.0,0.005688282138794084,1.0,1.0
ResNet-50,27815,Belts,0.006157635467980296,1.0,1.0,0.012315270935960592,1.0,1.0
ResNet-50,42812,Briefs,0.0011792452830188679,0.2,0.2,0.0023584905660377358,0.2,0.12857142857142856
ResNet-50,54977,Lounge Pants,0.0,0.0,0.0,0.0,0.0,0.0
ResNet-50,15923,Backpacks,0.006915629322268326,1.0,1.0,0.013831258644536652,1.0,1.0
ResNet-50,47332,Wallets,0.0053475935828877,1.0,1.0,0.009625668449197862,0.9,0.9
ResNet-50,57154,Tshirts,0.0001414827391058291,0.2,0.2,0.0002829654782116582,0.2,0.13333333333333333
ResNet-50,44127,Deodorant,0.008670520231213872,0.6,0.6,0.02023121387283237,0.7,0.5908730158730158
ResNet-50,25110,Belts,0.006157635467980296,1.0,1.0,0.012315270935960592,1.0,1.0
ResNet-50,44588,Shirts,0.0015556938394523958,1.0,1.0,0.0031113876789047915,1.0,1.0
ResNet-50,18051,Wallets,0.0032085561497326204,0.6,0.55,0.0074866310160427805,0.7,0.5408333333333333
ResNet-50,25779,Suspenders,0.1282051282051282,1.0,1.0,0.2564102564102564,1.0,1.0
ResNet-50,57108,Tops,0.001135718341851221,0.4,0.13,0.0017035775127768314,0.3,0.09833333333333334
ResNet-50,49664,Sunglasses,0.0046641791044776115,1.0,1.0,0.009328358208955223,1.0,1.0
ResNet-50,17248,Tshirts,0.0007074136955291454,1.0,1.0,0.0014148273910582908,1.0,1.0
ResNet-50,44978,Watches,0.0015741833923652105,0.8,0.6433333333333333,0.0035419126328217238,0.9,0.7571031746031747
ResNet-50,5435,Tshirts,0.0007074136955291454,1.0,1.0,0.0014148273910582908,1.0,1.0
ResNet-50,13075,Casual Shoes,0.0017574692442882249,1.0,1.0,0.003163444639718805,0.9,0.8521031746031745
ResNet-50,20065,Belts,0.0049261083743842365,0.8,0.5433333333333333,0.008620689655172414,0.7,0.4708333333333334
ResNet-50,3160,Sports Shoes,0.002457002457002457,1.0,1.0,0.004914004914004914,1.0,1.0
ResNet-50,48113,Belts,0.006157635467980296,1.0,1.0,0.012315270935960592,1.0,1.0
ResNet-50,51668,Sunglasses,0.0037313432835820895,0.8,0.8,0.008395522388059701,0.9,0.8354365079365079
ResNet-50,29786,Tshirts,0.0007074136955291454,1.0,1.0,0.0014148273910582908,1.0,1.0
ResNet-50,18697,Briefs,0.00589622641509434,1.0,1.0,0.01179245283018868,1.0,1.0
ResNet-50,12702,Casual Shoes,0.001054481546572935,0.6,0.52,0.00210896309314587,0.6,0.45583333333333337
ResNet-50,12968,Sports Shoes,0.002457002457002457,1.0,1.0,0.004422604422604423,0.9,0.8521031746031745
ResNet-50,53590,Watches,0.0015741833923652105,0.8,0.76,0.0035419126328217238,0.9,0.8154365079365078
ResNet-50,46426,Watches,0.0019677292404565133,1.0,1.0,0.003935458480913027,1.0,1.0
ResNet-50,10293,Sandals,0.004464285714285714,0.8,0.76,0.0078125,0.7,0.619047619047619
ResNet-50,39380,Jeans,0.008237232289950576,1.0,1.0,0.016474464579901153,1.0,1.0
ResNet-50,9202,Casual Shoes,0.00140597539543058,0.8,0.76,0.00281195079086116,0.8,0.696111111111111
ResNet-50,47199,Formal Shoes,0.006289308176100629,0.8,0.71,0.012578616352201259,0.8,0.6592063492063491
ResNet-50,19317,Backpacks,0.006915629322268326,1.0,1.0,0.013831258644536652,1.0,1.0
ResNet-50,21172,Tunics,0.0,0.0,0.0,0.0,0.0,0.0
ResNet-50,17848,Tshirts,0.0007074136955291454,1.0,1.0,0.0012733446519524619,0.9,0.866388888888889
ResNet-50,50575,Trunk,0.02158273381294964,0.6,0.55,0.05755395683453238,0.8,0.6458730158730158
ResNet-50,57562,Lipstick,0.01592356687898089,1.0,1.0,0.03184713375796178,1.0,1.0
ResNet-50,44511,Sandals,0.005580357142857143,1.0,1.0,0.011160714285714286,1.0,1.0
ResNet-50,11521,Tshirts,0.0001414827391058291,0.2,0.05,0.0001414827391058291,0.1,0.025
ResNet-50,33649,Sandals,0.005580357142857143,1.0,1.0,0.010044642857142858,0.9,0.866388888888889
ResNet-50,49838,Flip Flops,0.004371584699453552,0.8,0.6433333333333333,0.006557377049180328,0.6,0.45083333333333336
ResNet-50,15724,Sports Shoes,0.0014742014742014742,0.6,0.4533333333333333,0.0034398034398034397,0.7,0.4925
ResNet-50,47367,Handbags,0.002844141069397042,1.0,1.0,0.005688282138794084,1.0,1.0
ResNet-50,34635,Casual Shoes,0.001054481546572935,0.6,0.6,0.00210896309314587,0.6,0.5047619047619047
ResNet-50,41030,Watches,0.0015741833923652105,0.8,0.76,0.003148366784730421,0.8,0.6842063492063492
ResNet-50,8348,Tshirts,0.0007074136955291454,1.0,1.0,0.0014148273910582908,1.0,1.0
ResNet-50,35383,Casual Shoes,0.00140597539543058,0.8,0.8,0.002460456942003515,0.7,0.639047619047619
ResNet-50,23676,Sandals,0.005580357142857143,1.0,1.0,0.011160714285714286,1.0,1.0
ResNet-50,47101,Sandals,0.0011160714285714285,0.2,0.04,0.0033482142857142855,0.3,0.07857142857142857
ResNet-50,19344,Wallets,0.0053475935828877,1.0,1.0,0.0106951871657754,1.0,1.0
ResNet-50,37847,Wallets,0.0042780748663101605,0.8,0.76,0.009625668449197862,0.9,0.8154365079365078
ResNet-50,44783,Sports Shoes,0.002457002457002457,1.0,1.0,0.004914004914004914,1.0,1.0
ResNet-50,9269,Shirts,0.0015556938394523958,1.0,1.0,0.0028002489110143126,0.9,0.89
ResNet-50,53506,Bra,0.01050420168067227,1.0,1.0,0.02100840336134454,1.0,1.0
ResNet-50,6477,Jackets,0.0,0.0,0.0,0.0,0.0,0.0
ResNet-50,59458,Ring,0.042735042735042736,1.0,1.0,0.07692307692307693,0.9,0.8521031746031745
ResNet-50,28252,Deodorant,0.011560693641618497,0.8,0.76,0.02601156069364162,0.9,0.8154365079365078
ResNet-50,34294,Dupatta,0.034782608695652174,0.8,0.8,0.05217391304347826,0.6,0.5583333333333333
ResNet-50,9409,Sunglasses,0.0046641791044776115,1.0,1.0,0.009328358208955223,1.0,1.0
ResNet-50,19944,Backpacks,0.006915629322268326,1.0,1.0,0.012448132780082987,0.9,0.9
ResNet-50,57732,Lip Care,0.3333333333333333,1.0,1.0,0.5333333333333333,0.8,0.8
ResNet-50,15587,Shirts,0.0015556938394523958,1.0,1.0,0.0031113876789047915,1.0,1.0
ResNet-50,55062,Lipstick,0.01592356687898089,1.0,1.0,0.03184713375796178,1.0,1.0
ResNet-50,11312,Trousers,0.007561436672967864,0.8,0.6433333333333333,0.015122873345935728,0.8,0.6258730158730159
ResNet-50,32190,Sports Shoes,0.002457002457002457,1.0,1.0,0.004914004914004914,1.0,1.0
ResNet-50,31715,Earrings,0.007211538461538462,0.6,0.55,0.016826923076923076,0.7,0.5580952380952381
ResNet-50,56277,Bra,0.01050420168067227,1.0,1.0,0.02100840336134454,1.0,1.0
ResNet-50,37240,Casual Shoes,0.0017574692442882249,1.0,1.0,0.00281195079086116,0.8,0.7763888888888889
ResNet-50,37624,Tshirts,0.0007074136955291454,1.0,1.0,0.0014148273910582908,1.0,1.0
ResNet-50,16108,Sunglasses,0.0046641791044776115,1.0,1.0,0.009328358208955223,1.0,1.0
ResNet-50,59690,Bra,0.01050420168067227,1.0,1.0,0.02100840336134454,1.0,1.0
ResNet-50,24668,Casual Shoes,0.0017574692442882249,1.0,1.0,0.0035149384885764497,1.0,1.0
ResNet-50,18402,Casual Shoes,0.001054481546572935,0.6,0.3833333333333333,0.00281195079086116,0.8,0.5625396825396825
ResNet-50,5980,Shirts,0.0015556938394523958,1.0,1.0,0.002489110143123833,0.8,0.7675
ResNet-50,5974,Shirts,0.0015556938394523958,1.0,1.0,0.0031113876789047915,1.0,1.0
ResNet-50,20940,Flip Flops,0.004371584699453552,0.8,0.71,0.007650273224043716,0.7,0.611547619047619
ResNet-50,44096,Deodorant,0.011560693641618497,0.8,0.71,0.023121387283236993,0.8,0.6592063492063491
ResNet-50,53021,Sarees,0.002347417840375587,0.2,0.1,0.004694835680751174,0.2,0.06999999999999999
ResNet-50,21091,Casual Shoes,0.00140597539543058,0.8,0.8,0.00281195079086116,0.8,0.7268253968253967
ResNet-50,57475,Sandals,0.0033482142857142855,0.6,0.52,0.0078125,0.7,0.5258333333333334
ResNet-50,49321,Watches,0.0019677292404565133,1.0,1.0,0.003935458480913027,1.0,1.0
ResNet-50,34749,Casual Shoes,0.001054481546572935,0.6,0.4833333333333333,0.00210896309314587,0.6,0.4143650793650793
ResNet-50,42957,Belts,0.006157635467980296,1.0,1.0,0.012315270935960592,1.0,1.0
ResNet-50,36445,Sports Shoes,0.0019656019656019656,0.8,0.6433333333333333,0.003931203931203931,0.8,0.6582142857142856
ResNet-50,14715,Shirts,0.0006222775357809583,0.4,0.2333333333333333,0.0012445550715619166,0.4,0.22380952380952382
ResNet-50,11267,Trousers,0.00945179584120983,1.0,1.0,0.01890359168241966,1.0,1.0
ResNet-50,31452,Tshirts,0.0,0.0,0.0,0.0,0.0,0.0
ResNet-50,11293,Jeans,0.008237232289950576,1.0,1.0,0.016474464579901153,1.0,1.0
ResNet-50,17164,Shirts,0.0015556938394523958,1.0,1.0,0.0031113876789047915,1.0,1.0
ResNet-50,37751,Shirts,0.0015556938394523958,1.0,1.0,0.0031113876789047915,1.0,1.0
ResNet-50,32223,Kurtas,0.002170374389582203,0.8,0.71,0.0048833423765599565,0.9,0.7904365079365079
ResNet-50,36814,Kurtas,0.002170374389582203,0.8,0.6433333333333333,0.004340748779164406,0.8,0.6484920634920635
ResNet-50,44098,Perfume and Body Mist,0.0016313213703099511,0.2,0.04,0.004893964110929853,0.3,0.07857142857142857
ResNet-50,48655,Earrings,0.009615384615384616,0.8,0.8,0.019230769230769232,0.8,0.7042063492063492
ResNet-50,13350,Jeans,0.008237232289950576,1.0,1.0,0.016474464579901153,1.0,1.0
ResNet-50,41979,Tshirts,0.0007074136955291454,1.0,1.0,0.0009903791737408036,0.7,0.6777777777777778
ResNet-50,59986,Dresses,0.004319654427645789,0.4,0.4,0.01511879049676026,0.7,0.5063095238095239
ResNet-50,22883,Sandals,0.005580357142857143,1.0,1.0,0.011160714285714286,1.0,1.0
ResNet-50,26282,Tshirts,0.0007074136955291454,1.0,1.0,0.0012733446519524619,0.9,0.8788888888888889
ResNet-50,59981,Dresses,0.0021598272138228943,0.2,0.1,0.008639308855291577,0.4,0.1519047619047619
ResNet-50,5327,Casual Shoes,0.00140597539543058,0.8,0.5433333333333333,0.00210896309314587,0.6,0.41809523809523813
ResNet-50,9713,Tshirts,0.0005659309564233164,0.8,0.76,0.0009903791737408036,0.7,0.6268253968253967
ResNet-50,46768,Perfume and Body Mist,0.0016313213703099511,0.2,0.2,0.0016313213703099511,0.1,0.1
ResNet-50,52506,Bath Robe,0.0,0.0,0.0,0.05263157894736842,0.1,0.01111111111111111
ResNet-50,37191,Tshirts,0.0007074136955291454,1.0,1.0,0.0014148273910582908,1.0,1.0
ResNet-50,25030,Shorts,0.009157509157509158,1.0,1.0,0.018315018315018316,1.0,1.0
ResNet-50,32417,Tshirts,0.0007074136955291454,1.0,1.0,0.0014148273910582908,1.0,1.0
ResNet-50,31292,Tops,0.001135718341851221,0.4,0.13,0.0028392958546280523,0.5,0.215
ResNet-50,32625,Tshirts,0.0007074136955291454,1.0,1.0,0.0014148273910582908,1.0,1.0
ResNet-50,5582,Sports Shoes,0.0,0.0,0.0,0.0,0.0,0.0
ResNet-50,15038,Sweaters,0.007246376811594203,0.4,0.16666666666666666,0.014492753623188406,0.4,0.15666666666666665
ResNet-50,21669,Watches,0.0019677292404565133,1.0,1.0,0.003935458480913027,1.0,1.0
ResNet-50,33351,Formal Shoes,0.007861635220125786,1.0,1.0,0.015723270440251572,1.0,1.0
ResNet-50,33735,Clutches,0.006920415224913495,0.4,0.2333333333333333,0.010380622837370242,0.3,0.14999999999999997
ResNet-50,13332,Shirts,0.0015556938394523958,1.0,1.0,0.0028002489110143126,0.9,0.89
ResNet-50,15031,Sweaters,0.0036231884057971015,0.2,0.05,0.007246376811594203,0.2,0.05833333333333333
ResNet-50,27904,Trousers,0.007561436672967864,0.8,0.8,0.013232514177693762,0.7,0.639047619047619
ResNet-50,48095,Tops,0.0005678591709256105,0.2,0.05,0.002271436683702442,0.4,0.13583333333333333
ResNet-50,33538,Jeans,0.006589785831960461,0.8,0.5433333333333333,0.008237232289950576,0.5,0.35500000000000004
ResNet-50,49711,Ties,0.019083969465648856,1.0,1.0,0.03816793893129771,1.0,1.0
ResNet-50,38540,Casual Shoes,0.00140597539543058,0.8,0.6433333333333333,0.003163444639718805,0.9,0.7571031746031747
ResNet-50,59745,Nightdress,0.005319148936170213,0.2,0.06666666666666667,0.02127659574468085,0.4,0.15396825396825395
ResNet-50,38316,Handbags,0.002844141069397042,1.0,1.0,0.005688282138794084,1.0,1.0
ResNet-50,4237,Tshirts,0.0007074136955291454,1.0,1.0,0.0014148273910582908,1.0,1.0
ResNet-50,23766,Sunglasses,0.0046641791044776115,1.0,1.0,0.009328358208955223,1.0,1.0
ResNet-50,25491,Sandals,0.005580357142857143,1.0,1.0,0.006696428571428571,0.6,0.5857142857142856
ResNet-50,11234,Jeans,0.008237232289950576,1.0,1.0,0.016474464579901153,1.0,1.0
ResNet-50,42138,Sports Shoes,0.0014742014742014742,0.6,0.3833333333333333,0.0034398034398034397,0.7,0.4825396825396825
ResNet-50,48653,Earrings,0.01201923076923077,1.0,1.0,0.019230769230769232,0.8,0.7675
ResNet-50,58899,Ties,0.019083969465648856,1.0,1.0,0.03816793893129771,1.0,1.0
ResNet-50,15258,Casual Shoes,0.000351493848857645,0.2,0.04,0.00070298769771529,0.2,0.04
ResNet-50,7617,Caps,0.01773049645390071,1.0,1.0,0.03546099290780142,1.0,1.0
ResNet-50,51587,Jeans,0.0032948929159802307,0.4,0.14666666666666667,0.006589785831960461,0.4,0.16777777777777778
ResNet-50,24712,Casual Shoes,0.00140597539543058,0.8,0.76,0.0017574692442882249,0.5,0.4425
ResNet-50,9913,Handbags,0.0022753128555176336,0.8,0.71,0.005119453924914676,0.9,0.7904365079365079
ResNet-50,48230,Sunglasses,0.0046641791044776115,1.0,1.0,0.009328358208955223,1.0,1.0
ResNet-50,16876,Sunglasses,0.0046641791044776115,1.0,1.0,0.009328358208955223,1.0,1.0
ResNet-50,3620,Flip Flops,0.00546448087431694,1.0,1.0,0.01092896174863388,1.0,1.0
ResNet-50,43613,Tshirts,0.0007074136955291454,1.0,1.0,0.0014148273910582908,1.0,1.0
ResNet-50,33756,Tops,0.0028392958546280523,1.0,1.0,0.0056785917092561046,1.0,1.0
ResNet-50,13351,Jeans,0.006589785831960461,0.8,0.6433333333333333,0.011532125205930808,0.7,0.5684920634920634
ResNet-50,25257,Handbags,0.002844141069397042,1.0,1.0,0.005688282138794084,1.0,1.0
ResNet-50,13735,Shirts,0.0015556938394523958,1.0,1.0,0.0031113876789047915,1.0,1.0
ResNet-50,1942,Tshirts,0.0007074136955291454,1.0,1.0,0.0014148273910582908,1.0,1.0
ResNet-50,26883,Tshirts,0.0,0.0,0.0,0.0001414827391058291,0.1,0.01111111111111111
ResNet-50,41529,Belts,0.006157635467980296,1.0,1.0,0.012315270935960592,1.0,1.0
ResNet-50,55915,Nail Polish,0.01524390243902439,1.0,1.0,0.03048780487804878,1.0,1.0
ResNet-50,19033,Flats,0.004008016032064128,0.4,0.3333333333333333,0.01002004008016032,0.5,0.3238095238095238
ResNet-50,25857,Casual Shoes,0.001054481546572935,0.6,0.32,0.00210896309314587,0.6,0.3396428571428572
ResNet-50,7880,Formal Shoes,0.006289308176100629,0.8,0.8,0.0110062893081761,0.7,0.62
ResNet-50,21269,Backpacks,0.004149377593360996,0.6,0.2866666666666666,0.008298755186721992,0.6,0.3414285714285714
ResNet-50,14713,Trousers,0.00945179584120983,1.0,1.0,0.017013232514177693,0.9,0.89
ResNet-50,13536,Sports Sandals,0.045454545454545456,0.6,0.4533333333333333,0.045454545454545456,0.3,0.22666666666666666
ResNet-50,2353,Sports Shoes,0.0019656019656019656,0.8,0.71,0.004422604422604423,0.9,0.7904365079365079
ResNet-50,23165,Tshirts,0.0007074136955291454,1.0,1.0,0.0014148273910582908,1.0,1.0
ResNet-50,36073,Duffel Bag,0.05747126436781609,1.0,1.0,0.10344827586206896,0.9,0.9
ResNet-50,43020,Briefs,0.00589622641509434,1.0,1.0,0.01179245283018868,1.0,1.0
ResNet-50,14747,Shirts,0.0015556938394523958,1.0,1.0,0.0031113876789047915,1.0,1.0
ResNet-50,34186,Tshirts,0.0007074136955291454,1.0,1.0,0.0011318619128466328,0.8,0.7327777777777778
ResNet-50,54635,Watches,0.0019677292404565133,1.0,1.0,0.003935458480913027,1.0,1.0
ResNet-50,39236,Tops,0.0017035775127768314,0.6,0.2866666666666666,0.0028392958546280523,0.5,0.2655555555555555
ResNet-50,58691,Kurtas,0.002170374389582203,0.8,0.76,0.0048833423765599565,0.9,0.8154365079365078
ResNet-50,28388,Sunglasses,0.0046641791044776115,1.0,1.0,0.009328358208955223,1.0,1.0
ResNet-50,23304,Kurtas,0.0,0.0,0.0,0.0,0.0,0.0
ResNet-50,32044,Socks,0.0072992700729927005,1.0,1.0,0.014598540145985401,1.0,1.0
ResNet-50,24121,Casual Shoes,0.00140597539543058,0.8,0.71,0.00210896309314587,0.6,0.49833333333333324
ResNet-50,16017,Scarves,0.03389830508474576,0.8,0.71,0.07627118644067797,0.9,0.7904365079365079
ResNet-50,29608,Shirts,0.0015556938394523958,1.0,1.0,0.0031113876789047915,1.0,1.0
ResNet-50,23100,Accessory Gift Set,0.045454545454545456,1.0,1.0,0.09090909090909091,1.0,1.0
ResNet-50,24741,Handbags,0.002844141069397042,1.0,1.0,0.005119453924914676,0.9,0.9
ResNet-50,54604,Briefs,0.00589622641509434,1.0,1.0,0.01179245283018868,1.0,1.0
ResNet-50,36089,Caps,0.01773049645390071,1.0,1.0,0.03546099290780142,1.0,1.0
ResNet-50,29061,Tshirts,0.0007074136955291454,1.0,1.0,0.0014148273910582908,1.0,1.0
ResNet-50,49726,Ties,0.019083969465648856,1.0,1.0,0.03816793893129771,1.0,1.0
ResNet-50,28711,Kurtas,0.0027129679869777536,1.0,1.0,0.004340748779164406,0.8,0.7577777777777778
ResNet-50,42598,Shirts,0.0015556938394523958,1.0,1.0,0.0031113876789047915,1.0,1.0
ResNet-50,28147,Innerwear Vests,0.012448132780082987,0.6,0.52,0.024896265560165973,0.6,0.4647619047619048
ResNet-50,9382,Casual Shoes,0.00070298769771529,0.4,0.3333333333333333,0.001054481546572935,0.3,0.19666666666666666
ResNet-50,8406,Shorts,0.007326007326007326,0.8,0.71,0.014652014652014652,0.8,0.691547619047619
ResNet-50,5917,Casual Shoes,0.001054481546572935,0.6,0.2866666666666666,0.0017574692442882249,0.5,0.24333333333333332
ResNet-50,13759,Shirts,0.0015556938394523958,1.0,1.0,0.0031113876789047915,1.0,1.0
ResNet-50,45118,Watches,0.0019677292404565133,1.0,1.0,0.003935458480913027,1.0,1.0
ResNet-50,5109,Tops,0.001135718341851221,0.4,0.2,0.0017035775127768314,0.3,0.13333333333333333
ResNet-50,11448,Tops,0.001135718341851221,0.4,0.2,0.002271436683702442,0.4,0.19
ResNet-50,56975,Flats,0.006012024048096192,0.6,0.4533333333333333,0.006012024048096192,0.3,0.22666666666666666
ResNet-50,33388,Wallets,0.0053475935828877,1.0,1.0,0.009625668449197862,0.9,0.8521031746031745
ResNet-50,18969,Sweaters,0.014492753623188406,0.8,0.5433333333333333,0.025362318840579712,0.7,0.48809523809523814
ResNet-50,40483,Sports Shoes,0.002457002457002457,1.0,1.0,0.004422604422604423,0.9,0.8521031746031745
ResNet-50,34354,Tshirts,0.0007074136955291454,1.0,1.0,0.0014148273910582908,1.0,1.0
ResNet-50,22231,Formal Shoes,0.006289308176100629,0.8,0.8,0.0110062893081761,0.7,0.6361111111111111
ResNet-50,10135,Watches,0.0019677292404565133,1.0,1.0,0.003935458480913027,1.0,1.0
ResNet-50,3651,Sports Shoes,0.0009828009828009828,0.4,0.2333333333333333,0.002457002457002457,0.5,0.26666666666666666
ResNet-50,57898,Tops,0.0028392958546280523,1.0,1.0,0.003975014196479273,0.7,0.645
ResNet-50,18704,Briefs,0.0023584905660377358,0.4,0.18,0.007075471698113208,0.6,0.3126984126984127
ResNet-50,43468,Night suits,0.03571428571428571,1.0,1.0,0.05714285714285714,0.8,0.7327777777777778
ResNet-50,28733,Kurtas,0.0027129679869777536,1.0,1.0,0.004340748779164406,0.8,0.7675
ResNet-50,40689,Formal Shoes,0.0031446540880503146,0.4,0.2333333333333333,0.009433962264150943,0.6,0.35297619047619044
ResNet-50,22838,Casual Shoes,0.00140597539543058,0.8,0.8,0.003163444639718805,0.9,0.8354365079365079
ResNet-50,14330,Sports Shoes,0.0014742014742014742,0.6,0.42000000000000004,0.0034398034398034397,0.7,0.48476190476190484
ResNet-50,46317,Watches,0.0019677292404565133,1.0,1.0,0.003935458480913027,1.0,1.0
ResNet-50,38335,Tops,0.0,0.0,0.0,0.0,0.0,0.0
ResNet-50,52148,Tshirts,0.0007074136955291454,1.0,1.0,0.0012733446519524619,0.9,0.8788888888888889
ResNet-50,28705,Kurtas,0.0016277807921866521,0.6,0.4833333333333333,0.002170374389582203,0.4,0.2988095238095238
ResNet-50,5904,Casual Shoes,0.000351493848857645,0.2,0.06666666666666667,0.000351493848857645,0.1,0.03333333333333333
ResNet-50,41907,Fragrance Gift Set,0.05357142857142857,0.6,0.52,0.07142857142857142,0.4,0.32666666666666666
ResNet-50,55194,Nail Polish,0.012195121951219513,0.8,0.71,0.024390243902439025,0.8,0.6818253968253967
ResNet-50,6776,Tshirts,0.0007074136955291454,1.0,1.0,0.0014148273910582908,1.0,1.0
ResNet-50,19089,Kurtas,0.0027129679869777536,1.0,1.0,0.004340748779164406,0.8,0.7621031746031746
ResNet-50,27786,Wallets,0.0053475935828877,1.0,1.0,0.009625668449197862,0.9,0.8788888888888889
ResNet-50,31273,Tshirts,0.0007074136955291454,1.0,1.0,0.0014148273910582908,1.0,1.0
ResNet-50,2746,Tshirts,0.0,0.0,0.0,0.0005659309564233164,0.4,0.11499999999999999
ResNet-50,28968,Kurta Sets,0.021505376344086023,0.4,0.4,0.053763440860215055,0.5,0.35
ResNet-50,16032,Shirts,0.0015556938394523958,1.0,1.0,0.0031113876789047915,1.0,1.0
ResNet-50,41331,Dupatta,0.0,0.0,0.0,0.0,0.0,0.0
ResNet-50,22663,Backpacks,0.006915629322268326,1.0,1.0,0.013831258644536652,1.0,1.0
ResNet-50,39019,Watches,0.0019677292404565133,1.0,1.0,0.003935458480913027,1.0,1.0
ResNet-50,56140,Eyeshadow,0.024390243902439025,0.2,0.2,0.04878048780487805,0.2,0.12
ResNet-50,53056,Sarees,0.011737089201877934,1.0,1.0,0.023474178403755867,1.0,1.0
ResNet-50,19678,Tops,0.001135718341851221,0.4,0.14666666666666667,0.002271436683702442,0.4,0.15083333333333332
ResNet-50,21274,Sunglasses,0.0046641791044776115,1.0,1.0,0.009328358208955223,1.0,1.0
ResNet-50,3065,Tshirts,0.0005659309564233164,0.8,0.71,0.0012733446519524619,0.9,0.7904365079365079
ResNet-50,43290,Handbags,0.002844141069397042,1.0,1.0,0.005119453924914676,0.9,0.9
ResNet-50,32238,Kurtas,0.0027129679869777536,1.0,1.0,0.0048833423765599565,0.9,0.866388888888889
ResNet-50,56917,Heels,0.0022692889561270802,0.6,0.2866666666666666,0.0030257186081694403,0.4,0.1833333333333333
ResNet-50,38968,Rucksacks,0.3,0.6,0.6,0.6,0.6,0.4958333333333333
ResNet-50,5395,Sports Shoes,0.0014742014742014742,0.6,0.4833333333333333,0.0029484029484029483,0.6,0.4213095238095238
ResNet-50,45160,Watches,0.0019677292404565133,1.0,1.0,0.003935458480913027,1.0,1.0
ResNet-50,30557,Sunglasses,0.0046641791044776115,1.0,1.0,0.009328358208955223,1.0,1.0
ResNet-50,55796,Night suits,0.03571428571428571,1.0,1.0,0.05,0.7,0.6527777777777778
ResNet-50,11620,Kurtas,0.0016277807921866521,0.6,0.35333333333333333,0.0027129679869777536,0.5,0.27666666666666667
ResNet-50,33570,Tshirts,0.0007074136955291454,1.0,1.0,0.0012733446519524619,0.9,0.866388888888889
ResNet-50,21628,Bra,0.01050420168067227,1.0,1.0,0.02100840336134454,1.0,1.0
ResNet-50,22891,Sandals,0.002232142857142857,0.4,0.16666666666666666,0.004464285714285714,0.4,0.17063492063492064
ResNet-50,2947,Tops,0.0028392958546280523,1.0,1.0,0.005110732538330494,0.9,0.8788888888888889
ResNet-50,16862,Sunglasses,0.0046641791044776115,1.0,1.0,0.009328358208955223,1.0,1.0
ResNet-50,40272,Tshirts,0.0007074136955291454,1.0,1.0,0.0014148273910582908,1.0,1.0
ResNet-50,53457,Heels,0.0015128593040847202,0.4,0.27999999999999997,0.0045385779122541605,0.6,0.3763095238095238
ResNet-50,32236,Kurtas,0.0016277807921866521,0.6,0.4533333333333333,0.0037981551817688553,0.7,0.5014285714285714
ResNet-50,50828,Wallets,0.0053475935828877,1.0,1.0,0.0106951871657754,1.0,1.0
ResNet-50,11616,Kurtas,0.0027129679869777536,1.0,1.0,0.005425935973955507,1.0,1.0
ResNet-50,32209,Kurtas,0.0027129679869777536,1.0,1.0,0.005425935973955507,1.0,1.0
ResNet-50,58246,Wallets,0.0053475935828877,1.0,1.0,0.009625668449197862,0.9,0.866388888888889
ResNet-50,31216,Casual Shoes,0.000351493848857645,0.2,0.1,0.001054481546572935,0.3,0.11666666666666665
ResNet-50,7251,Casual Shoes,0.001054481546572935,0.6,0.4833333333333333,0.0017574692442882249,0.5,0.3472222222222222
ResNet-50,17182,Shirts,0.0015556938394523958,1.0,1.0,0.0031113876789047915,1.0,1.0
ResNet-50,53808,Kurtas,0.0,0.0,0.0,0.0,0.0,0.0
ResNet-50,9931,Tshirts,0.0007074136955291454,1.0,1.0,0.0014148273910582908,1.0,1.0
ResNet-50,50448,Briefs,0.00589622641509434,1.0,1.0,0.01179245283018868,1.0,1.0
ResNet-50,33328,Shirts,0.0009334163036714375,0.6,0.55,0.0021779713752333543,0.7,0.5580952380952381
ResNet-50,1951,Sports Shoes,0.0009828009828009828,0.4,0.3333333333333333,0.0014742014742014742,0.3,0.20416666666666666
ResNet-50,56921,Heels,0.0007564296520423601,0.2,0.06666666666666667,0.0030257186081694403,0.4,0.13166666666666665
ResNet-50,6946,Tshirts,0.0007074136955291454,1.0,1.0,0.0014148273910582908,1.0,1.0
ResNet-50,4488,Sports Shoes,0.0019656019656019656,0.8,0.8,0.0034398034398034397,0.7,0.639047619047619
ResNet-50,39027,Watches,0.0019677292404565133,1.0,1.0,0.0035419126328217238,0.9,0.8788888888888889
ResNet-50,38591,Tshirts,0.0001414827391058291,0.2,0.2,0.0002829654782116582,0.2,0.125
ResNet-50,47033,Kurtas,0.0016277807921866521,0.6,0.3833333333333333,0.0032555615843733042,0.6,0.3713095238095238
ResNet-50,26838,Trousers,0.007561436672967864,0.8,0.8,0.017013232514177693,0.9,0.8354365079365079
ResNet-50,17929,Track Pants,0.0165016501650165,1.0,1.0,0.033003300330033,1.0,1.0
ResNet-50,34535,Formal Shoes,0.007861635220125786,1.0,1.0,0.015723270440251572,1.0,1.0
ResNet-50,46549,Watches,0.0019677292404565133,1.0,1.0,0.003935458480913027,1.0,1.0
ResNet-50,1599,Handbags,0.002844141069397042,1.0,1.0,0.005688282138794084,1.0,1.0
ResNet-50,30159,Wallets,0.0053475935828877,1.0,1.0,0.0106951871657754,1.0,1.0
ResNet-50,57299,Heels,0.0015128593040847202,0.4,0.14666666666666667,0.0022692889561270802,0.3,0.11083333333333334
ResNet-50,6748,Sports Shoes,0.002457002457002457,1.0,1.0,0.003931203931203931,0.8,0.7327777777777778
ResNet-50,59767,Earrings,0.01201923076923077,1.0,1.0,0.021634615384615384,0.9,0.9
ResNet-50,26493,Tshirts,0.0005659309564233164,0.8,0.76,0.0011318619128466328,0.8,0.7254365079365078
ResNet-50,15477,Tshirts,0.0007074136955291454,1.0,1.0,0.0014148273910582908,1.0,1.0
ResNet-50,21014,Wallets,0.0,0.0,0.0,0.0,0.0,0.0
ResNet-50,15228,Casual Shoes,0.00140597539543058,0.8,0.76,0.00210896309314587,0.6,0.5180952380952382
ResNet-50,36298,Kurtas,0.0016277807921866521,0.6,0.6,0.0016277807921866521,0.3,0.3
ResNet-50,14755,Shirts,0.0015556938394523958,1.0,1.0,0.0031113876789047915,1.0,1.0
ResNet-50,25644,Watches,0.0019677292404565133,1.0,1.0,0.003935458480913027,1.0,1.0
ResNet-50,16466,Shirts,0.0015556938394523958,1.0,1.0,0.0031113876789047915,1.0,1.0
ResNet-50,26809,Trousers,0.00945179584120983,1.0,1.0,0.01890359168241966,1.0,1.0
ResNet-50,26207,Perfume and Body Mist,0.0065252854812398045,0.8,0.76,0.0065252854812398045,0.4,0.38
ResNet-50,33183,Tunics,0.0043859649122807015,0.2,0.2,0.008771929824561403,0.2,0.12
ResNet-50,40643,Kurtas,0.0027129679869777536,1.0,1.0,0.004340748779164406,0.8,0.78
ResNet-50,45331,Heels,0.0037821482602118004,1.0,1.0,0.00680786686838124,0.9,0.89
ResNet-50,53608,Watches,0.0015741833923652105,0.8,0.6433333333333333,0.0035419126328217238,0.9,0.7571031746031747
ResNet-50,54049,Jeggings,0.0,0.0,0.0,0.030303030303030304,0.1,0.014285714285714285
ResNet-50,41796,Tunics,0.0,0.0,0.0,0.0,0.0,0.0
ResNet-50,10306,Casual Shoes,0.0017574692442882249,1.0,1.0,0.0035149384885764497,1.0,1.0
ResNet-50,33184,Tops,0.002271436683702442,0.8,0.76,0.003975014196479273,0.7,0.5880952380952381
ResNet-50,3496,Sports Shoes,0.0004914004914004914,0.2,0.2,0.0019656019656019656,0.4,0.21051587301587302
ResNet-50,42583,Waistcoat,0.07142857142857142,0.2,0.05,0.07142857142857142,0.1,0.025
ResNet-50,57435,Tshirts,0.0005659309564233164,0.8,0.71,0.0011318619128466328,0.8,0.671111111111111
ResNet-50,7452,Tshirts,0.0007074136955291454,1.0,1.0,0.0008488964346349745,0.6,0.6
ResNet-50,43207,Watches,0.0015741833923652105,0.8,0.76,0.0035419126328217238,0.9,0.8154365079365078
ResNet-50,3604,Casual Shoes,0.0017574692442882249,1.0,1.0,0.0035149384885764497,1.0,1.0
ResNet-50,54674,Watches,0.0019677292404565133,1.0,1.0,0.003935458480913027,1.0,1.0
ResNet-50,31217,Casual Shoes,0.0017574692442882249,1.0,1.0,0.00210896309314587,0.6,0.6
ResNet-50,13523,Tops,0.0005678591709256105,0.2,0.05,0.001135718341851221,0.2,0.04722222222222222
ResNet-50,46721,Perfume and Body Mist,0.008156606851549755,1.0,1.0,0.01468189233278956,0.9,0.89
ResNet-50,8643,Sunglasses,0.0046641791044776115,1.0,1.0,0.009328358208955223,1.0,1.0
ResNet-50,17980,Casual Shoes,0.0017574692442882249,1.0,1.0,0.0035149384885764497,1.0,1.0
ResNet-50,28305,Sunglasses,0.0046641791044776115,1.0,1.0,0.009328358208955223,1.0,1.0
ResNet-50,55331,Hair Colour,0.2777777777777778,1.0,1.0,0.5555555555555556,1.0,1.0
ResNet-50,52114,Tops,0.002271436683702442,0.8,0.6433333333333333,0.003975014196479273,0.7,0.5607142857142857
ResNet-50,52928,Sarees,0.0,0.0,0.0,0.0,0.0,0.0
ResNet-50,32495,Casual Shoes,0.0017574692442882249,1.0,1.0,0.0035149384885764497,1.0,1.0
ResNet-50,43402,Socks,0.0072992700729927005,1.0,1.0,0.014598540145985401,1.0,1.0
ResNet-50,43059,Tshirts,0.0007074136955291454,1.0,1.0,0.0014148273910582908,1.0,1.0
ResNet-50,50688,Trunk,0.02877697841726619,0.8,0.71,0.050359712230215826,0.7,0.575
ResNet-50,23989,Shirts,0.0015556938394523958,1.0,1.0,0.0031113876789047915,1.0,1.0
ResNet-50,17710,Casual Shoes,0.0017574692442882249,1.0,1.0,0.003163444639718805,0.9,0.9
ResNet-50,27718,Handbags,0.002844141069397042,1.0,1.0,0.005688282138794084,1.0,1.0
ResNet-50,51754,Casual Shoes,0.00070298769771529,0.4,0.3333333333333333,0.00210896309314587,0.6,0.375079365079365
ResNet-50,21611,Bra,0.01050420168067227,1.0,1.0,0.02100840336134454,1.0,1.0
ResNet-50,17989,Belts,0.006157635467980296,1.0,1.0,0.012315270935960592,1.0,1.0
ResNet-50,44272,Wallets,0.0053475935828877,1.0,1.0,0.0106951871657754,1.0,1.0
ResNet-50,53493,Bra,0.01050420168067227,1.0,1.0,0.02100840336134454,1.0,1.0
ResNet-50,30338,Tshirts,0.0007074136955291454,1.0,1.0,0.0014148273910582908,1.0,1.0
ResNet-50,53458,Heels,0.0030257186081694403,0.8,0.6433333333333333,0.00529500756429652,0.7,0.5577777777777777
ResNet-50,58612,Earrings,0.009615384615384616,0.8,0.71,0.019230769230769232,0.8,0.6818253968253967
ResNet-50,4884,Tops,0.002271436683702442,0.8,0.8,0.004542873367404884,0.8,0.745436507936508
ResNet-50,3893,Tshirts,0.0007074136955291454,1.0,1.0,0.0014148273910582908,1.0,1.0
ResNet-50,58304,Socks,0.0072992700729927005,1.0,1.0,0.014598540145985401,1.0,1.0
ResNet-50,27807,Belts,0.006157635467980296,1.0,1.0,0.012315270935960592,1.0,1.0
ResNet-50,19734,Shirts,0.0006222775357809583,0.4,0.27999999999999997,0.0006222775357809583,0.2,0.13999999999999999
ResNet-50,59646,Sarees,0.011737089201877934,1.0,1.0,0.023474178403755867,1.0,1.0
ResNet-50,24820,Casual Shoes,0.0017574692442882249,1.0,1.0,0.0035149384885764497,1.0,1.0
ResNet-50,27004,Jeggings,0.0,0.0,0.0,0.0,0.0,0.0
ResNet-50,9880,Shirts,0.0015556938394523958,1.0,1.0,0.0031113876789047915,1.0,1.0
ResNet-50,40592,Kurtas,0.0010851871947911015,0.4,0.18,0.0032555615843733042,0.6,0.3055555555555556
ResNet-50,16929,Sweatshirts,0.0035211267605633804,0.2,0.06666666666666667,0.0035211267605633804,0.1,0.03333333333333333
ResNet-50,16327,Shirts,0.0015556938394523958,1.0,1.0,0.0031113876789047915,1.0,1.0
ResNet-50,43919,Dresses,0.01079913606911447,1.0,1.0,0.017278617710583154,0.8,0.7675
ResNet-50,46691,Perfume and Body Mist,0.0065252854812398045,0.8,0.8,0.01468189233278956,0.9,0.8354365079365079
ResNet-50,59017,Flip Flops,0.0,0.0,0.0,0.0,0.0,0.0
ResNet-50,9084,Track Pants,0.013201320132013201,0.8,0.71,0.0297029702970297,0.9,0.7904365079365079
ResNet-50,42699,Flats,0.006012024048096192,0.6,0.6,0.01002004008016032,0.5,0.43809523809523804
ResNet-50,21132,Tops,0.002271436683702442,0.8,0.8,0.004542873367404884,0.8,0.7042063492063492
ResNet-50,30040,Watches,0.0019677292404565133,1.0,1.0,0.003935458480913027,1.0,1.0
ResNet-50,57380,Briefs,0.00589622641509434,1.0,1.0,0.01179245283018868,1.0,1.0
ResNet-50,41681,Heels,0.0037821482602118004,1.0,1.0,0.007564296520423601,1.0,1.0
ResNet-50,21556,Handbags,0.002844141069397042,1.0,1.0,0.005688282138794084,1.0,1.0
ResNet-50,6463,Flip Flops,0.004371584699453552,0.8,0.71,0.008743169398907104,0.8,0.671111111111111
ResNet-50,18411,Sports Shoes,0.0014742014742014742,0.6,0.6,0.0019656019656019656,0.4,0.36666666666666664
ResNet-50,43789,Earrings,0.01201923076923077,1.0,1.0,0.02403846153846154,1.0,1.0
ResNet-50,40568,Kurtas,0.0,0.0,0.0,0.0,0.0,0.0
ResNet-50,49849,Watches,0.0019677292404565133,1.0,1.0,0.003935458480913027,1.0,1.0
ResNet-50,50158,Heels,0.0037821482602118004,1.0,1.0,0.00680786686838124,0.9,0.9
ResNet-50,45217,Watches,0.0019677292404565133,1.0,1.0,0.003935458480913027,1.0,1.0
ResNet-50,40557,Watches,0.0019677292404565133,1.0,1.0,0.003935458480913027,1.0,1.0
ResNet-50,21938,Handbags,0.002844141069397042,1.0,1.0,0.005688282138794084,1.0,1.0
ResNet-50,22311,Heels,0.0022692889561270802,0.6,0.42000000000000004,0.00529500756429652,0.7,0.4758333333333334
ResNet-50,8731,Shirts,0.0009334163036714375,0.6,0.52,0.0015556938394523958,0.5,0.38916666666666666
ResNet-50,44907,Tshirts,0.0007074136955291454,1.0,1.0,0.0014148273910582908,1.0,1.0
ResNet-50,18240,Tshirts,0.0007074136955291454,1.0,1.0,0.0014148273910582908,1.0,1.0
ResNet-50,36716,Tshirts,0.0007074136955291454,1.0,1.0,0.0014148273910582908,1.0,1.0
ResNet-50,11550,Kurtas,0.0027129679869777536,1.0,1.0,0.0048833423765599565,0.9,0.866388888888889
ResNet-50,6036,Tshirts,0.0002829654782116582,0.4,0.16666666666666666,0.0008488964346349745,0.6,0.29888888888888887
ResNet-50,17005,Flats,0.004008016032064128,0.4,0.2333333333333333,0.004008016032064128,0.2,0.11666666666666665
ResNet-50,3120,Tshirts,0.0007074136955291454,1.0,1.0,0.0014148273910582908,1.0,1.0
ResNet-50,9628,Shirts,0.0012445550715619166,0.8,0.5433333333333333,0.002489110143123833,0.8,0.5984920634920635
ResNet-50,50550,Boxers,0.0,0.0,0.0,0.0,0.0,0.0
ResNet-50,5879,Tshirts,0.0005659309564233164,0.8,0.8,0.0008488964346349745,0.6,0.5433333333333332
ResNet-50,16513,Jeans,0.008237232289950576,1.0,1.0,0.016474464579901153,1.0,1.0
ResNet-50,34471,Sports Sandals,0.045454545454545456,0.6,0.42000000000000004,0.09090909090909091,0.6,0.3826984126984127
ResNet-50,12147,Kurtis,0.004291845493562232,0.2,0.05,0.004291845493562232,0.1,0.025
ResNet-50,9218,Casual Shoes,0.0017574692442882249,1.0,1.0,0.003163444639718805,0.9,0.8788888888888889
ResNet-50,37200,Jeans,0.008237232289950576,1.0,1.0,0.016474464579901153,1.0,1.0
ResNet-50,54104,Flats,0.0,0.0,0.0,0.0,0.0,0.0
ResNet-50,49489,Casual Shoes,0.0017574692442882249,1.0,1.0,0.0035149384885764497,1.0,1.0
ResNet-50,30673,Sunglasses,0.0046641791044776115,1.0,1.0,0.009328358208955223,1.0,1.0
ResNet-50,43381,Flip Flops,0.00546448087431694,1.0,1.0,0.009836065573770493,0.9,0.8788888888888889
ResNet-50,26716,Tshirts,0.0007074136955291454,1.0,1.0,0.0014148273910582908,1.0,1.0
ResNet-50,43178,Watches,0.0019677292404565133,1.0,1.0,0.003935458480913027,1.0,1.0
ResNet-50,32329,Watches,0.0019677292404565133,1.0,1.0,0.003935458480913027,1.0,1.0
ResNet-50,53114,Tshirts,0.0007074136955291454,1.0,1.0,0.0014148273910582908,1.0,1.0
ResNet-50,12372,Shirts,0.0015556938394523958,1.0,1.0,0.0031113876789047915,1.0,1.0
ResNet-50,36321,Tshirts,0.0007074136955291454,1.0,1.0,0.0014148273910582908,1.0,1.0
ResNet-50,25736,Wallets,0.0053475935828877,1.0,1.0,0.0106951871657754,1.0,1.0
ResNet-50,14627,Tops,0.0017035775127768314,0.6,0.4533333333333333,0.003975014196479273,0.7,0.5097619047619047
ResNet-50,1871,Tshirts,0.0007074136955291454,1.0,1.0,0.0014148273910582908,1.0,1.0
ResNet-50,15954,Ties,0.019083969465648856,1.0,1.0,0.03816793893129771,1.0,1.0
ResNet-50,29130,Sunglasses,0.0046641791044776115,1.0,1.0,0.009328358208955223,1.0,1.0
ResNet-50,45872,Watches,0.0019677292404565133,1.0,1.0,0.003935458480913027,1.0,1.0
ResNet-50,57582,Lipstick,0.01592356687898089,1.0,1.0,0.028662420382165606,0.9,0.9
ResNet-50,41245,Belts,0.006157635467980296,1.0,1.0,0.012315270935960592,1.0,1.0
ResNet-50,54936,Tshirts,0.00042444821731748726,0.6,0.4833333333333333,0.0007074136955291454,0.5,0.37976190476190474
ResNet-50,46897,Deodorant,0.005780346820809248,0.4,0.3333333333333333,0.008670520231213872,0.3,0.20416666666666666
ResNet-50,47179,Sandals,0.004464285714285714,0.8,0.6433333333333333,0.0078125,0.7,0.5208333333333334
ResNet-50,56239,Night suits,0.02857142857142857,0.8,0.76,0.04285714285714286,0.6,0.49555555555555547
ResNet-50,58961,Perfume and Body Mist,0.0065252854812398045,0.8,0.6433333333333333,0.009787928221859706,0.6,0.4372222222222222
ResNet-50,57743,Foundation and Primer,0.06666666666666667,1.0,1.0,0.09333333333333334,0.7,0.6366666666666667
ResNet-50,31551,Casual Shoes,0.001054481546572935,0.6,0.35333333333333333,0.0017574692442882249,0.5,0.29333333333333333
ResNet-50,2256,Tshirts,0.0007074136955291454,1.0,1.0,0.0014148273910582908,1.0,1.0
ResNet-50,26720,Tshirts,0.0007074136955291454,1.0,1.0,0.0014148273910582908,1.0,1.0
ResNet-50,25952,Scarves,0.0423728813559322,1.0,1.0,0.06779661016949153,0.8,0.7577777777777778
ResNet-50,53328,Boxers,0.09803921568627451,1.0,1.0,0.19607843137254902,1.0,1.0
ResNet-50,21559,Handbags,0.002844141069397042,1.0,1.0,0.005688282138794084,1.0,1.0
ResNet-50,32972,Tshirts,0.0007074136955291454,1.0,1.0,0.0014148273910582908,1.0,1.0
ResNet-50,51047,Bra,0.01050420168067227,1.0,1.0,0.02100840336134454,1.0,1.0
ResNet-50,20686,Casual Shoes,0.001054481546572935,0.6,0.6,0.0017574692442882249,0.5,0.4
ResNet-50,44939,Formal Shoes,0.007861635220125786,1.0,1.0,0.015723270440251572,1.0,1.0
ResNet-50,57344,Bra,0.01050420168067227,1.0,1.0,0.02100840336134454,1.0,1.0
ResNet-50,25764,Suspenders,0.1282051282051282,1.0,1.0,0.2564102564102564,1.0,1.0
ResNet-50,8505,Socks,0.0072992700729927005,1.0,1.0,0.014598540145985401,1.0,1.0
ResNet-50,49074,Nail Polish,0.01524390243902439,1.0,1.0,0.03048780487804878,1.0,1.0
ResNet-50,56854,Shirts,0.0015556938394523958,1.0,1.0,0.0031113876789047915,1.0,1.0
ResNet-50,4758,Tshirts,0.0007074136955291454,1.0,1.0,0.0014148273910582908,1.0,1.0
ResNet-50,9611,Shirts,0.0015556938394523958,1.0,1.0,0.0031113876789047915,1.0,1.0
ResNet-50,29733,Handbags,0.002844141069397042,1.0,1.0,0.005688282138794084,1.0,1.0
ResNet-50,23494,Casual Shoes,0.001054481546572935,0.6,0.4533333333333333,0.0017574692442882249,0.5,0.3393650793650793
ResNet-50,18883,Shirts,0.0015556938394523958,1.0,1.0,0.0031113876789047915,1.0,1.0
ResNet-50,6666,Flip Flops,0.004371584699453552,0.8,0.71,0.009836065573770493,0.9,0.7904365079365079
ResNet-50,9071,Shirts,0.0015556938394523958,1.0,1.0,0.0031113876789047915,1.0,1.0
ResNet-50,36987,Clutches,0.0034602076124567475,0.2,0.2,0.010380622837370242,0.3,0.17083333333333334
ResNet-50,7776,Casual Shoes,0.0017574692442882249,1.0,1.0,0.0035149384885764497,1.0,1.0
ResNet-50,17697,Casual Shoes,0.0017574692442882249,1.0,1.0,0.003163444639718805,0.9,0.9
ResNet-50,56061,Lip Gloss,0.03496503496503497,1.0,1.0,0.06993006993006994,1.0,1.0
ResNet-50,23035,Shirts,0.0015556938394523958,1.0,1.0,0.0031113876789047915,1.0,1.0
ResNet-50,4332,Sports Shoes,0.002457002457002457,1.0,1.0,0.004422604422604423,0.9,0.866388888888889
ResNet-50,5684,Casual Shoes,0.00140597539543058,0.8,0.6433333333333333,0.003163444639718805,0.9,0.7571031746031747
ResNet-50,48994,Ring,0.042735042735042736,1.0,1.0,0.07692307692307693,0.9,0.9
ResNet-50,35938,Sports Shoes,0.0019656019656019656,0.8,0.5433333333333333,0.003931203931203931,0.8,0.6171031746031745
ResNet-50,43184,Watches,0.0019677292404565133,1.0,1.0,0.003935458480913027,1.0,1.0
ResNet-50,46066,Belts,0.006157635467980296,1.0,1.0,0.012315270935960592,1.0,1.0
ResNet-50,13264,Skirts,0.007874015748031496,0.2,0.2,0.007874015748031496,0.1,0.1
ResNet-50,50755,Sandals,0.004464285714285714,0.8,0.76,0.0078125,0.7,0.616111111111111
ResNet-50,9022,Flip Flops,0.001092896174863388,0.2,0.05,0.001092896174863388,0.1,0.025
ResNet-50,3518,Tshirts,0.0007074136955291454,1.0,1.0,0.0014148273910582908,1.0,1.0
ResNet-50,54568,Kurtas,0.0027129679869777536,1.0,1.0,0.004340748779164406,0.8,0.78
ResNet-50,38416,Belts,0.006157635467980296,1.0,1.0,0.012315270935960592,1.0,1.0
ResNet-50,43389,Wallets,0.0053475935828877,1.0,1.0,0.0106951871657754,1.0,1.0
ResNet-50,39530,Bra,0.01050420168067227,1.0,1.0,0.02100840336134454,1.0,1.0
ResNet-50,39968,Casual Shoes,0.00140597539543058,0.8,0.6433333333333333,0.002460456942003515,0.7,0.5684920634920634
ResNet-50,42899,Belts,0.006157635467980296,1.0,1.0,0.011083743842364532,0.9,0.866388888888889
ResNet-50,34217,Tshirts,0.00042444821731748726,0.6,0.2866666666666666,0.0011318619128466328,0.8,0.5142063492063491
ResNet-50,48933,Ring,0.042735042735042736,1.0,1.0,0.08547008547008547,1.0,1.0
ResNet-50,3712,Tshirts,0.0005659309564233164,0.8,0.76,0.0012733446519524619,0.9,0.8154365079365078
ResNet-50,4361,Tshirts,0.0007074136955291454,1.0,1.0,0.0012733446519524619,0.9,0.866388888888889
ResNet-50,2895,Heels,0.0022692889561270802,0.6,0.32,0.0022692889561270802,0.3,0.16
ResNet-50,31337,Jeans,0.008237232289950576,1.0,1.0,0.016474464579901153,1.0,1.0
ResNet-50,32780,Tshirts,0.0007074136955291454,1.0,1.0,0.0014148273910582908,1.0,1.0
ResNet-50,22176,Sports Sandals,0.0,0.0,0.0,0.0,0.0,0.0
ResNet-50,6064,Tshirts,0.0007074136955291454,1.0,1.0,0.0014148273910582908,1.0,1.0
ResNet-50,17433,Watches,0.0019677292404565133,1.0,1.0,0.0035419126328217238,0.9,0.9
ResNet-50,37206,Jeans,0.008237232289950576,1.0,1.0,0.016474464579901153,1.0,1.0
ResNet-50,45289,Watches,0.0019677292404565133,1.0,1.0,0.003935458480913027,1.0,1.0
ResNet-50,42890,Handbags,0.0011376564277588168,0.4,0.4,0.0017064846416382253,0.3,0.23333333333333334
ResNet-50,40991,Tops,0.0028392958546280523,1.0,1.0,0.005110732538330494,0.9,0.866388888888889
ResNet-50,48902,Pendant,0.02857142857142857,1.0,1.0,0.045714285714285714,0.8,0.7675
ResNet-50,42636,Bracelet,0.07692307692307693,1.0,1.0,0.15384615384615385,1.0,1.0
ResNet-50,17262,Tshirts,0.0005659309564233164,0.8,0.71,0.0012733446519524619,0.9,0.7904365079365079
ResNet-50,22171,Sandals,0.0033482142857142855,0.6,0.55,0.0078125,0.7,0.5497619047619048
ResNet-50,13252,Shirts,0.0012445550715619166,0.8,0.8,0.0028002489110143126,0.9,0.8354365079365079
ResNet-50,41275,Wallets,0.0053475935828877,1.0,1.0,0.0106951871657754,1.0,1.0
ResNet-50,44535,Sandals,0.005580357142857143,1.0,1.0,0.011160714285714286,1.0,1.0
ResNet-50,28480,Tshirts,0.0007074136955291454,1.0,1.0,0.0014148273910582908,1.0,1.0
ResNet-50,18894,Dresses,0.0,0.0,0.0,0.0021598272138228943,0.1,0.016666666666666666
ResNet-50,18860,Tshirts,0.0007074136955291454,1.0,1.0,0.0011318619128466328,0.8,0.788888888888889
ResNet-50,15327,Tshirts,0.0007074136955291454,1.0,1.0,0.0014148273910582908,1.0,1.0
ResNet-50,10458,Tshirts,0.0007074136955291454,1.0,1.0,0.0011318619128466328,0.8,0.7763888888888889
ResNet-50,49097,Compact,0.0625,0.6,0.6,0.0625,0.3,0.3
ResNet-50,30067,Watches,0.0019677292404565133,1.0,1.0,0.003935458480913027,1.0,1.0
ResNet-50,24655,Socks,0.004379562043795621,0.6,0.42000000000000004,0.0072992700729927005,0.5,0.3296428571428572
ResNet-50,56611,Compact,0.10416666666666667,1.0,1.0,0.20833333333333334,1.0,1.0
ResNet-50,14696,Trousers,0.007561436672967864,0.8,0.71,0.013232514177693762,0.7,0.5833333333333333
ResNet-50,39922,Laptop Bag,0.012345679012345678,0.2,0.1,0.07407407407407407,0.6,0.29174603174603175
ResNet-50,32159,Socks,0.0072992700729927005,1.0,1.0,0.014598540145985401,1.0,1.0
ResNet-50,7139,Shirts,0.0,0.0,0.0,0.0,0.0,0.0
ResNet-50,37887,Socks,0.00583941605839416,0.8,0.8,0.013138686131386862,0.9,0.8354365079365079
ResNet-50,5804,Jeans,0.0016474464579901153,0.2,0.2,0.0016474464579901153,0.1,0.1
ResNet-50,33082,Tshirts,0.0007074136955291454,1.0,1.0,0.0014148273910582908,1.0,1.0
ResNet-50,40570,Kurtas,0.0016277807921866521,0.6,0.6,0.0037981551817688553,0.7,0.5908730158730158
ResNet-50,23446,Kurtis,0.0,0.0,0.0,0.0,0.0,0.0
ResNet-50,2677,Tshirts,0.0007074136955291454,1.0,1.0,0.0014148273910582908,1.0,1.0
ResNet-50,44781,Casual Shoes,0.00140597539543058,0.8,0.71,0.00281195079086116,0.8,0.671111111111111
ResNet-50,17674,Flats,0.006012024048096192,0.6,0.52,0.008016032064128256,0.4,0.31
ResNet-50,10035,Sports Shoes,0.002457002457002457,1.0,1.0,0.004914004914004914,1.0,1.0
ResNet-50,19517,Sweaters,0.0036231884057971015,0.2,0.2,0.0036231884057971015,0.1,0.1
ResNet-50,11910,Formal Shoes,0.0047169811320754715,0.6,0.52,0.0110062893081761,0.7,0.5347619047619048
ResNet-50,49603,Heels,0.0007564296520423601,0.2,0.06666666666666667,0.0015128593040847202,0.2,0.06190476190476191
ResNet-50,48341,Necklace and Chains,0.031446540880503145,1.0,1.0,0.06289308176100629,1.0,1.0
ResNet-50,59293,Watches,0.0019677292404565133,1.0,1.0,0.003935458480913027,1.0,1.0
ResNet-50,41608,Shirts,0.0015556938394523958,1.0,1.0,0.0031113876789047915,1.0,1.0
ResNet-50,40381,Tops,0.0,0.0,0.0,0.0005678591709256105,0.1,0.01111111111111111
ResNet-50,12160,Leggings,0.011363636363636364,0.4,0.3333333333333333,0.03409090909090909,0.6,0.38222222222222224
ResNet-50,51809,Nightdress,0.0,0.0,0.0,0.005319148936170213,0.1,0.016666666666666666
ResNet-50,4144,Sports Shoes,0.002457002457002457,1.0,1.0,0.004422604422604423,0.9,0.8521031746031745
ResNet-50,17618,Leggings,0.0,0.0,0.0,0.0,0.0,0.0
ResNet-50,6089,Tshirts,0.0001414827391058291,0.2,0.2,0.00042444821731748726,0.3,0.16666666666666666
ResNet-50,7369,Casual Shoes,0.00140597539543058,0.8,0.5433333333333333,0.00281195079086116,0.8,0.6171031746031745
ResNet-50,40524,Watches,0.0019677292404565133,1.0,1.0,0.003935458480913027,1.0,1.0
ResNet-50,24637,Sports Shoes,0.002457002457002457,1.0,1.0,0.004914004914004914,1.0,1.0
ResNet-50,47365,Mobile Pouch,0.043478260869565216,0.4,0.4,0.043478260869565216,0.2,0.2
ResNet-50,11716,Shirts,0.0015556938394523958,1.0,1.0,0.0028002489110143126,0.9,0.89
ResNet-50,59099,Briefs,0.00589622641509434,1.0,1.0,0.01179245283018868,1.0,1.0
ResNet-50,50570,Trunk,0.03597122302158273,1.0,1.0,0.05755395683453238,0.8,0.78
ResNet-50,42889,Clutches,0.0034602076124567475,0.2,0.04,0.0034602076124567475,0.1,0.02
ResNet-50,10092,Sports Shoes,0.002457002457002457,1.0,1.0,0.004914004914004914,1.0,1.0
ResNet-50,33210,Tops,0.0005678591709256105,0.2,0.2,0.001135718341851221,0.2,0.12222222222222223
ResNet-50,19324,Sweatshirts,0.0035211267605633804,0.2,0.06666666666666667,0.0035211267605633804,0.1,0.03333333333333333
ResNet-50,8773,Shirts,0.0015556938394523958,1.0,1.0,0.0031113876789047915,1.0,1.0
ResNet-50,44945,Trousers,0.001890359168241966,0.2,0.04,0.003780718336483932,0.2,0.04
ResNet-50,52820,Earrings,0.009615384615384616,0.8,0.8,0.016826923076923076,0.7,0.6283333333333333
ResNet-50,34493,Skirts,0.023622047244094488,0.6,0.6,0.03937007874015748,0.5,0.4
ResNet-50,26364,Skirts,0.015748031496062992,0.4,0.3333333333333333,0.023622047244094488,0.3,0.19999999999999998
ResNet-50,37672,Backpacks,0.006915629322268326,1.0,1.0,0.013831258644536652,1.0,1.0
ResNet-50,22192,Casual Shoes,0.00140597539543058,0.8,0.76,0.0017574692442882249,0.5,0.46333333333333326
ResNet-50,19915,Waist Pouch,0.0625,0.2,0.06666666666666667,0.0625,0.1,0.03333333333333333
ResNet-50,5605,Flip Flops,0.003278688524590164,0.6,0.35333333333333333,0.00546448087431694,0.5,0.2963095238095238
ResNet-50,52827,Earrings,0.01201923076923077,1.0,1.0,0.02403846153846154,1.0,1.0
ResNet-50,28464,Capris,0.011494252873563218,0.4,0.18,0.011494252873563218,0.2,0.09
ResNet-50,4985,Sports Shoes,0.002457002457002457,1.0,1.0,0.004914004914004914,1.0,1.0
ResNet-50,20863,Wallets,0.0053475935828877,1.0,1.0,0.0106951871657754,1.0,1.0
ResNet-50,29314,Backpacks,0.006915629322268326,1.0,1.0,0.013831258644536652,1.0,1.0
ResNet-50,42873,Handbags,0.0022753128555176336,0.8,0.6433333333333333,0.005119453924914676,0.9,0.7571031746031747
ResNet-50,14067,Tshirts,0.0007074136955291454,1.0,1.0,0.0014148273910582908,1.0,1.0
ResNet-50,31112,Capris,0.022988505747126436,0.8,0.76,0.022988505747126436,0.4,0.38
ResNet-50,5054,Sports Shoes,0.0019656019656019656,0.8,0.8,0.004422604422604423,0.9,0.8354365079365079
ResNet-50,34004,Tops,0.001135718341851221,0.4,0.4,0.0028392958546280523,0.5,0.3319444444444445
ResNet-50,56226,Night suits,0.03571428571428571,1.0,1.0,0.07142857142857142,1.0,1.0
ResNet-50,24606,Sweatshirts,0.014084507042253521,0.8,0.71,0.028169014084507043,0.8,0.6592063492063491
ResNet-50,51003,Bra,0.01050420168067227,1.0,1.0,0.02100840336134454,1.0,1.0
ResNet-50,10662,Tshirts,0.0007074136955291454,1.0,1.0,0.0014148273910582908,1.0,1.0
ResNet-50,11582,Kurtis,0.004291845493562232,0.2,0.2,0.004291845493562232,0.1,0.1
ResNet-50,44780,Casual Shoes,0.0017574692442882249,1.0,1.0,0.0035149384885764497,1.0,1.0
ResNet-50,17675,Flats,0.01002004008016032,1.0,1.0,0.01002004008016032,0.5,0.5
ResNet-50,45236,Watches,0.0019677292404565133,1.0,1.0,0.003935458480913027,1.0,1.0
ResNet-50,48529,Flip Flops,0.003278688524590164,0.6,0.4533333333333333,0.00546448087431694,0.5,0.3338095238095238
ResNet-50,59464,Ring,0.042735042735042736,1.0,1.0,0.08547008547008547,1.0,1.0
ResNet-50,21926,Kurtas,0.002170374389582203,0.8,0.6433333333333333,0.0032555615843733042,0.6,0.4372222222222222
ResNet-50,19172,Tshirts,0.0002829654782116582,0.4,0.16666666666666666,0.0002829654782116582,0.2,0.08333333333333333
ResNet-50,3565,Casual Shoes,0.001054481546572935,0.6,0.35333333333333333,0.002460456942003515,0.7,0.4597619047619047
ResNet-50,38692,Handbags,0.0017064846416382253,0.6,0.6,0.0017064846416382253,0.3,0.3
ResNet-50,49605,Heels,0.0030257186081694403,0.8,0.5433333333333333,0.006051437216338881,0.8,0.6082142857142857
ResNet-50,13210,Sports Shoes,0.002457002457002457,1.0,1.0,0.004914004914004914,1.0,1.0
ResNet-50,24654,Handbags,0.002844141069397042,1.0,1.0,0.005688282138794084,1.0,1.0
ResNet-50,37243,Casual Shoes,0.000351493848857645,0.2,0.2,0.00070298769771529,0.2,0.13333333333333333
ResNet-50,42674,Kurtas,0.0016277807921866521,0.6,0.35333333333333333,0.0032555615843733042,0.6,0.36583333333333334
ResNet-50,19715,Shirts,0.0015556938394523958,1.0,1.0,0.0031113876789047915,1.0,1.0
ResNet-50,22930,Watches,0.0019677292404565133,1.0,1.0,0.003935458480913027,1.0,1.0
ResNet-50,13479,Flats,0.008016032064128256,0.8,0.6433333333333333,0.01002004008016032,0.5,0.3716666666666667
ResNet-50,45238,Watches,0.0019677292404565133,1.0,1.0,0.003935458480913027,1.0,1.0
ResNet-50,18859,Tshirts,0.0005659309564233164,0.8,0.5433333333333333,0.0009903791737408036,0.7,0.5282142857142857
ResNet-50,32158,Socks,0.0072992700729927005,1.0,1.0,0.014598540145985401,1.0,1.0
ResNet-50,26560,Casual Shoes,0.00070298769771529,0.4,0.16666666666666666,0.001054481546572935,0.3,0.1261904761904762
ResNet-50,37082,Handbags,0.002844141069397042,1.0,1.0,0.005688282138794084,1.0,1.0
ResNet-50,7332,Casual Shoes,0.0017574692442882249,1.0,1.0,0.0035149384885764497,1.0,1.0
ResNet-50,26594,Sports Shoes,0.0009828009828009828,0.4,0.3333333333333333,0.0014742014742014742,0.3,0.20416666666666666
ResNet-50,14664,Shirts,0.0015556938394523958,1.0,1.0,0.0031113876789047915,1.0,1.0
ResNet-50,50726,Formal Shoes,0.007861635220125786,1.0,1.0,0.014150943396226415,0.9,0.8521031746031745
ResNet-50,29187,Tops,0.0028392958546280523,1.0,1.0,0.0034071550255536627,0.6,0.6
ResNet-50,53900,Handbags,0.002844141069397042,1.0,1.0,0.005688282138794084,1.0,1.0
ResNet-50,54319,Briefs,0.00589622641509434,1.0,1.0,0.01179245283018868,1.0,1.0
ResNet-50,11719,Shirts,0.0015556938394523958,1.0,1.0,0.0031113876789047915,1.0,1.0
ResNet-50,22709,Sports Shoes,0.002457002457002457,1.0,1.0,0.004914004914004914,1.0,1.0
ResNet-50,26396,Shirts,0.0015556938394523958,1.0,1.0,0.0031113876789047915,1.0,1.0
ResNet-50,50316,Ties,0.019083969465648856,1.0,1.0,0.03816793893129771,1.0,1.0
ResNet-50,36938,Perfume and Body Mist,0.008156606851549755,1.0,1.0,0.01631321370309951,1.0,1.0
ResNet-50,59895,Dresses,0.0021598272138228943,0.2,0.04,0.004319654427645789,0.2,0.05333333333333333
ResNet-50,7950,Tshirts,0.0007074136955291454,1.0,1.0,0.0014148273910582908,1.0,1.0
ResNet-50,20891,Casual Shoes,0.0017574692442882249,1.0,1.0,0.003163444639718805,0.9,0.9
ResNet-50,27415,Capris,0.005747126436781609,0.2,0.1,0.017241379310344827,0.3,0.10222222222222221
ResNet-50,31114,Capris,0.017241379310344827,0.6,0.52,0.028735632183908046,0.5,0.37964285714285717
ResNet-50,57796,Face Wash and Cleanser,0.0,0.0,0.0,0.0,0.0,0.0
ResNet-50,35918,Handbags,0.002844141069397042,1.0,1.0,0.005688282138794084,1.0,1.0
ResNet-50,23273,Watches,0.0019677292404565133,1.0,1.0,0.003935458480913027,1.0,1.0
ResNet-50,41864,Sandals,0.0011160714285714285,0.2,0.04,0.004464285714285714,0.4,0.1406349206349206
ResNet-50,39384,Jeans,0.008237232289950576,1.0,1.0,0.016474464579901153,1.0,1.0
ResNet-50,37810,Shirts,0.0015556938394523958,1.0,1.0,0.0031113876789047915,1.0,1.0
ResNet-50,57566,Lipstick,0.01592356687898089,1.0,1.0,0.03184713375796178,1.0,1.0
ResNet-50,54125,Heels,0.0030257186081694403,0.8,0.6433333333333333,0.00529500756429652,0.7,0.5458730158730158
ResNet-50,44185,Perfume and Body Mist,0.008156606851549755,1.0,1.0,0.01631321370309951,1.0,1.0
ResNet-50,10863,Tshirts,0.0007074136955291454,1.0,1.0,0.0014148273910582908,1.0,1.0
ResNet-50,6249,Tshirts,0.0005659309564233164,0.8,0.5433333333333333,0.0012733446519524619,0.9,0.7071031746031746
ResNet-50,9691,Tshirts,0.0007074136955291454,1.0,1.0,0.0014148273910582908,1.0,1.0
ResNet-50,19589,Tops,0.0017035775127768314,0.6,0.32,0.0017035775127768314,0.3,0.16
ResNet-50,36790,Watches,0.0019677292404565133,1.0,1.0,0.003935458480913027,1.0,1.0
ResNet-50,14606,Socks,0.0072992700729927005,1.0,1.0,0.014598540145985401,1.0,1.0
ResNet-50,19119,Flip Flops,0.00546448087431694,1.0,1.0,0.008743169398907104,0.8,0.788888888888889
ResNet-50,2848,Tshirts,0.0007074136955291454,1.0,1.0,0.0014148273910582908,1.0,1.0
ResNet-50,34033,Shirts,0.0015556938394523958,1.0,1.0,0.0031113876789047915,1.0,1.0
ResNet-50,16363,Shirts,0.0015556938394523958,1.0,1.0,0.0028002489110143126,0.9,0.8788888888888889
ResNet-50,25717,Handbags,0.0011376564277588168,0.4,0.16666666666666666,0.0034129692832764505,0.6,0.29174603174603175
ResNet-50,4695,Watches,0.0019677292404565133,1.0,1.0,0.003935458480913027,1.0,1.0
ResNet-50,51380,Shorts,0.007326007326007326,0.8,0.76,0.01282051282051282,0.7,0.619047619047619
ResNet-50,33955,Tshirts,0.0007074136955291454,1.0,1.0,0.0008488964346349745,0.6,0.5666666666666667
ResNet-50,32619,Tshirts,0.0002829654782116582,0.4,0.3333333333333333,0.0007074136955291454,0.5,0.32222222222222224
ResNet-50,52398,Nightdress,0.015957446808510637,0.6,0.2866666666666666,0.031914893617021274,0.6,0.34809523809523807
ResNet-50,49982,Briefs,0.00589622641509434,1.0,1.0,0.01179245283018868,1.0,1.0
ResNet-50,3215,Sports Shoes,0.0014742014742014742,0.6,0.35333333333333333,0.0019656019656019656,0.4,0.23380952380952377
ResNet-50,15467,Shorts,0.009157509157509158,1.0,1.0,0.016483516483516484,0.9,0.8788888888888889
ResNet-50,57414,Briefs,0.00589622641509434,1.0,1.0,0.01179245283018868,1.0,1.0
ResNet-50,52166,Pendant,0.005714285714285714,0.2,0.04,0.017142857142857144,0.3,0.0819047619047619
ResNet-50,31262,Tshirts,0.0007074136955291454,1.0,1.0,0.0014148273910582908,1.0,1.0
ResNet-50,23906,Casual Shoes,0.00070298769771529,0.4,0.13,0.00140597539543058,0.4,0.15944444444444444
ResNet-50,9380,Sports Shoes,0.0004914004914004914,0.2,0.05,0.0014742014742014742,0.3,0.09107142857142857
ResNet-50,28977,Kurta Sets,0.010752688172043012,0.2,0.2,0.03225806451612903,0.3,0.17619047619047618
ResNet-50,31891,Stoles,0.056179775280898875,1.0,1.0,0.11235955056179775,1.0,1.0
ResNet-50,18715,Tops,0.0028392958546280523,1.0,1.0,0.004542873367404884,0.8,0.7532142857142856
ResNet-50,56963,Heels,0.0022692889561270802,0.6,0.4833333333333333,0.0030257186081694403,0.4,0.2816666666666666
ResNet-50,15238,Casual Shoes,0.00140597539543058,0.8,0.71,0.00210896309314587,0.6,0.49833333333333324
ResNet-50,42309,Sarees,0.011737089201877934,1.0,1.0,0.018779342723004695,0.8,0.7621031746031746
ResNet-50,43821,Earrings,0.01201923076923077,1.0,1.0,0.02403846153846154,1.0,1.0
ResNet-50,58667,Kurtas,0.0016277807921866521,0.6,0.52,0.0032555615843733042,0.6,0.4396428571428571
ResNet-50,49143,Lip Gloss,0.03496503496503497,1.0,1.0,0.04195804195804196,0.6,0.5599999999999999
ResNet-50,22220,Tshirts,0.0005659309564233164,0.8,0.8,0.0011318619128466328,0.8,0.736547619047619
ResNet-50,22644,Shorts,0.009157509157509158,1.0,1.0,0.018315018315018316,1.0,1.0
ResNet-50,24311,Shorts,0.007326007326007326,0.8,0.71,0.01282051282051282,0.7,0.6018253968253967
ResNet-50,55943,Nail Polish,0.01524390243902439,1.0,1.0,0.03048780487804878,1.0,1.0
ResNet-50,57628,Sunscreen,0.20833333333333334,1.0,1.0,0.375,0.9,0.9
ResNet-50,33997,Dresses,0.004319654427645789,0.4,0.2333333333333333,0.008639308855291577,0.4,0.19
ResNet-50,20944,Flip Flops,0.00546448087431694,1.0,1.0,0.01092896174863388,1.0,1.0
ResNet-50,48694,Earrings,0.01201923076923077,1.0,1.0,0.019230769230769232,0.8,0.7675
ResNet-50,37907,Perfume and Body Mist,0.008156606851549755,1.0,1.0,0.013050570962479609,0.8,0.788888888888889
ResNet-50,41726,Heels,0.0030257186081694403,0.8,0.8,0.00529500756429652,0.7,0.62
ResNet-50,47041,Salwar,0.0967741935483871,0.6,0.55,0.1935483870967742,0.6,0.46130952380952384
ResNet-50,26412,Shirts,0.0015556938394523958,1.0,1.0,0.0031113876789047915,1.0,1.0
ResNet-50,51540,Watches,0.0019677292404565133,1.0,1.0,0.003935458480913027,1.0,1.0
ResNet-50,29650,Shirts,0.0015556938394523958,1.0,1.0,0.0031113876789047915,1.0,1.0
ResNet-50,20729,Casual Shoes,0.00140597539543058,0.8,0.5433333333333333,0.0017574692442882249,0.5,0.33416666666666667
ResNet-50,28544,Shorts,0.009157509157509158,1.0,1.0,0.018315018315018316,1.0,1.0
ResNet-50,40435,Tops,0.001135718341851221,0.4,0.27999999999999997,0.0017035775127768314,0.3,0.1733333333333333
ResNet-50,6705,Socks,0.0072992700729927005,1.0,1.0,0.013138686131386862,0.9,0.9
ResNet-50,50839,Belts,0.006157635467980296,1.0,1.0,0.012315270935960592,1.0,1.0
ResNet-50,6395,Sandals,0.005580357142857143,1.0,1.0,0.011160714285714286,1.0,1.0
ResNet-50,46160,Necklace and Chains,0.006289308176100629,0.2,0.2,0.006289308176100629,0.1,0.1
ResNet-50,33557,Tshirts,0.0,0.0,0.0,0.0,0.0,0.0
ResNet-50,22617,Tshirts,0.0007074136955291454,1.0,1.0,0.0014148273910582908,1.0,1.0
ResNet-50,52938,Sarees,0.011737089201877934,1.0,1.0,0.02112676056338028,0.9,0.866388888888889
ResNet-50,23193,Shirts,0.0015556938394523958,1.0,1.0,0.0031113876789047915,1.0,1.0
ResNet-50,44253,Wallets,0.0032085561497326204,0.6,0.55,0.008556149732620321,0.8,0.6458730158730158
ResNet-50,38142,Backpacks,0.006915629322268326,1.0,1.0,0.012448132780082987,0.9,0.8788888888888889
ResNet-50,48007,Watches,0.0019677292404565133,1.0,1.0,0.003935458480913027,1.0,1.0
ResNet-50,59181,Formal Shoes,0.006289308176100629,0.8,0.8,0.012578616352201259,0.8,0.736547619047619
ResNet-50,39064,Tshirts,0.0007074136955291454,1.0,1.0,0.0014148273910582908,1.0,1.0
ResNet-50,5941,Shirts,0.0015556938394523958,1.0,1.0,0.0031113876789047915,1.0,1.0
ResNet-50,40255,Shirts,0.0015556938394523958,1.0,1.0,0.0031113876789047915,1.0,1.0
ResNet-50,41387,Tops,0.001135718341851221,0.4,0.14666666666666667,0.002271436683702442,0.4,0.1661904761904762
ResNet-50,18748,Tops,0.002271436683702442,0.8,0.76,0.004542873367404884,0.8,0.696111111111111
ResNet-50,6357,Flip Flops,0.003278688524590164,0.6,0.55,0.006557377049180328,0.6,0.4405555555555555
ResNet-50,24374,Kurtas,0.0005425935973955507,0.2,0.05,0.002170374389582203,0.4,0.12333333333333334
ResNet-50,35808,Heels,0.0015128593040847202,0.4,0.13,0.0030257186081694403,0.4,0.15944444444444444
ResNet-50,14515,Shirts,0.0015556938394523958,1.0,1.0,0.0031113876789047915,1.0,1.0
ResNet-50,2367,Formal Shoes,0.0015723270440251573,0.2,0.04,0.0047169811320754715,0.3,0.08607142857142858
ResNet-50,5348,Sports Shoes,0.0014742014742014742,0.6,0.2866666666666666,0.002457002457002457,0.5,0.2814285714285714
ResNet-50,33559,Tshirts,0.0005659309564233164,0.8,0.8,0.0011318619128466328,0.8,0.745436507936508
ResNet-50,54699,Kurtas,0.0027129679869777536,1.0,1.0,0.004340748779164406,0.8,0.788888888888889
ResNet-50,38377,Belts,0.006157635467980296,1.0,1.0,0.012315270935960592,1.0,1.0
ResNet-50,53448,Flip Flops,0.00546448087431694,1.0,1.0,0.008743169398907104,0.8,0.7675
ResNet-50,12078,Kurtas,0.0016277807921866521,0.6,0.2866666666666666,0.004340748779164406,0.8,0.5142063492063491
ResNet-50,11636,Watches,0.0019677292404565133,1.0,1.0,0.003935458480913027,1.0,1.0
ResNet-50,26888,Tops,0.0005678591709256105,0.2,0.04,0.0017035775127768314,0.3,0.07222222222222222
ResNet-50,46151,Necklace and Chains,0.025157232704402517,0.8,0.76,0.03773584905660377,0.6,0.53
ResNet-50,10146,Formal Shoes,0.007861635220125786,1.0,1.0,0.015723270440251572,1.0,1.0
ResNet-50,6734,Sports Shoes,0.0019656019656019656,0.8,0.71,0.0029484029484029483,0.6,0.49833333333333324
ResNet-50,46397,Shirts,0.0015556938394523958,1.0,1.0,0.0031113876789047915,1.0,1.0
ResNet-50,57888,Mask and Peel,0.0,0.0,0.0,0.09090909090909091,0.1,0.014285714285714285
ResNet-50,3641,Casual Shoes,0.00140597539543058,0.8,0.6433333333333333,0.00210896309314587,0.6,0.4716666666666667
ResNet-50,35434,Dresses,0.01079913606911447,1.0,1.0,0.02159827213822894,1.0,1.0
ResNet-50,12672,Shorts,0.009157509157509158,1.0,1.0,0.018315018315018316,1.0,1.0
ResNet-50,29292,Shirts,0.0012445550715619166,0.8,0.71,0.002489110143123833,0.8,0.671111111111111
ResNet-50,16645,Tshirts,0.0007074136955291454,1.0,1.0,0.0012733446519524619,0.9,0.89
ResNet-50,16221,Track Pants,0.006600660066006601,0.4,0.2333333333333333,0.006600660066006601,0.2,0.11666666666666665
ResNet-50,35265,Tops,0.001135718341851221,0.4,0.3333333333333333,0.0028392958546280523,0.5,0.315079365079365
ResNet-50,20585,Wallets,0.0053475935828877,1.0,1.0,0.0106951871657754,1.0,1.0
ResNet-50,3646,Casual Shoes,0.0017574692442882249,1.0,1.0,0.0035149384885764497,1.0,1.0
ResNet-50,50853,Sarees,0.011737089201877934,1.0,1.0,0.02112676056338028,0.9,0.866388888888889
ResNet-50,38121,Trousers,0.007561436672967864,0.8,0.76,0.017013232514177693,0.9,0.8154365079365078
ResNet-50,53287,Jeans,0.008237232289950576,1.0,1.0,0.014827018121911038,0.9,0.89
ResNet-50,47025,Kurtas,0.002170374389582203,0.8,0.8,0.004340748779164406,0.8,0.7268253968253967
ResNet-50,51372,Tshirts,0.00042444821731748726,0.6,0.55,0.0011318619128466328,0.8,0.6458730158730158
ResNet-50,30721,Kurtas,0.0016277807921866521,0.6,0.6,0.0037981551817688553,0.7,0.5908730158730158
ResNet-50,48436,Tshirts,0.0007074136955291454,1.0,1.0,0.0014148273910582908,1.0,1.0
ResNet-50,12218,Trousers,0.00945179584120983,1.0,1.0,0.01890359168241966,1.0,1.0
ResNet-50,1544,Casual Shoes,0.001054481546572935,0.6,0.55,0.00281195079086116,0.8,0.6458730158730158
ResNet-50,24928,Tops,0.001135718341851221,0.4,0.4,0.002271436683702442,0.4,0.2928571428571428
ResNet-50,6553,Backpacks,0.006915629322268326,1.0,1.0,0.013831258644536652,1.0,1.0
ResNet-50,30342,Tshirts,0.0007074136955291454,1.0,1.0,0.0014148273910582908,1.0,1.0
ResNet-50,15005,Jackets,0.0038910505836575876,0.2,0.2,0.0038910505836575876,0.1,0.1
ResNet-50,31855,Watches,0.0019677292404565133,1.0,1.0,0.003935458480913027,1.0,1.0
ResNet-50,46309,Watches,0.0019677292404565133,1.0,1.0,0.003935458480913027,1.0,1.0
ResNet-50,23168,Tshirts,0.0007074136955291454,1.0,1.0,0.0014148273910582908,1.0,1.0
ResNet-50,18924,Tshirts,0.0007074136955291454,1.0,1.0,0.0014148273910582908,1.0,1.0
ResNet-50,43280,Handbags,0.002844141069397042,1.0,1.0,0.005688282138794084,1.0,1.0
ResNet-50,37765,Shirts,0.0012445550715619166,0.8,0.76,0.0015556938394523958,0.5,0.46333333333333326
ResNet-50,35690,Casual Shoes,0.00140597539543058,0.8,0.8,0.00210896309314587,0.6,0.5464285714285715
ResNet-50,44051,Perfume and Body Mist,0.008156606851549755,1.0,1.0,0.01468189233278956,0.9,0.9
ResNet-50,34114,Dresses,0.0064794816414686825,0.6,0.52,0.01079913606911447,0.5,0.3822222222222222
ResNet-50,8809,Shirts,0.0015556938394523958,1.0,1.0,0.0031113876789047915,1.0,1.0
ResNet-50,22875,Casual Shoes,0.0017574692442882249,1.0,1.0,0.00281195079086116,0.8,0.7327777777777778
ResNet-50,43273,Handbags,0.002844141069397042,1.0,1.0,0.005688282138794084,1.0,1.0
ResNet-50,5527,Tshirts,0.0007074136955291454,1.0,1.0,0.0014148273910582908,1.0,1.0
ResNet-50,24711,Casual Shoes,0.001054481546572935,0.6,0.3833333333333333,0.002460456942003515,0.7,0.4747619047619048
ResNet-50,21263,Backpacks,0.006915629322268326,1.0,1.0,0.013831258644536652,1.0,1.0
ResNet-50,30775,Kurtas,0.0,0.0,0.0,0.0,0.0,0.0
ResNet-50,21435,Backpacks,0.006915629322268326,1.0,1.0,0.012448132780082987,0.9,0.9
ResNet-50,48692,Earrings,0.007211538461538462,0.6,0.55,0.01201923076923077,0.5,0.4041666666666666
ResNet-50,55549,Kajal and Eyeliner,0.039603960396039604,0.8,0.8,0.0594059405940594,0.6,0.5314285714285714
ResNet-50,39295,Sandals,0.0033482142857142855,0.6,0.6,0.005580357142857143,0.5,0.4291666666666666
ResNet-50,24972,Tshirts,0.0005659309564233164,0.8,0.76,0.0011318619128466328,0.8,0.7254365079365078
ResNet-50,10149,Formal Shoes,0.0047169811320754715,0.6,0.55,0.0110062893081761,0.7,0.5408333333333333
ResNet-50,14374,Heels,0.0037821482602118004,1.0,1.0,0.0045385779122541605,0.6,0.5666666666666667
ResNet-50,33764,Casual Shoes,0.000351493848857645,0.2,0.06666666666666667,0.00140597539543058,0.4,0.1394047619047619
ResNet-50,44252,Handbags,0.0022753128555176336,0.8,0.76,0.003981797497155859,0.7,0.6
ResNet-50,54808,Handbags,0.0005688282138794084,0.2,0.2,0.0017064846416382253,0.3,0.15857142857142856
ResNet-50,40606,Kurtas,0.0027129679869777536,1.0,1.0,0.0048833423765599565,0.9,0.8788888888888889
ResNet-50,30743,Kurtas,0.0027129679869777536,1.0,1.0,0.004340748779164406,0.8,0.7577777777777778
ResNet-50,7080,Backpacks,0.006915629322268326,1.0,1.0,0.013831258644536652,1.0,1.0
ResNet-50,30911,Kurtis,0.004291845493562232,0.2,0.2,0.012875536480686695,0.3,0.16607142857142856
ResNet-50,26874,Tshirts,0.00042444821731748726,0.6,0.3833333333333333,0.0009903791737408036,0.7,0.4825396825396825
ResNet-50,41972,Tops,0.0028392958546280523,1.0,1.0,0.005110732538330494,0.9,0.8521031746031745
ResNet-50,46965,Handbags,0.002844141069397042,1.0,1.0,0.005688282138794084,1.0,1.0
ResNet-50,53440,Sports Shoes,0.002457002457002457,1.0,1.0,0.004914004914004914,1.0,1.0
ResNet-50,15631,Track Pants,0.0,0.0,0.0,0.013201320132013201,0.4,0.11261904761904762
ResNet-50,54475,Handbags,0.002844141069397042,1.0,1.0,0.005688282138794084,1.0,1.0
ResNet-50,55137,Nail Polish,0.01524390243902439,1.0,1.0,0.03048780487804878,1.0,1.0
ResNet-50,26258,Track Pants,0.009900990099009901,0.6,0.3833333333333333,0.019801980198019802,0.6,0.3964285714285714
ResNet-50,35019,Stoles,0.056179775280898875,1.0,1.0,0.07865168539325842,0.7,0.6527777777777778
ResNet-50,49765,Kurtas,0.0016277807921866521,0.6,0.6,0.004340748779164406,0.8,0.6708730158730158
ResNet-50,34769,Handbags,0.002844141069397042,1.0,1.0,0.004550625711035267,0.8,0.8
ResNet-50,34335,Tshirts,0.0007074136955291454,1.0,1.0,0.0014148273910582908,1.0,1.0
ResNet-50,34107,Tops,0.0028392958546280523,1.0,1.0,0.0056785917092561046,1.0,1.0
ResNet-50,5157,Tshirts,0.0007074136955291454,1.0,1.0,0.0014148273910582908,1.0,1.0
ResNet-50,48476,Dresses,0.0021598272138228943,0.2,0.04,0.0021598272138228943,0.1,0.02
ResNet-50,46723,Perfume and Body Mist,0.0032626427406199023,0.4,0.14666666666666667,0.0065252854812398045,0.4,0.1561904761904762
ResNet-50,22266,Heels,0.0007564296520423601,0.2,0.04,0.0007564296520423601,0.1,0.02
ResNet-50,57463,Belts,0.006157635467980296,1.0,1.0,0.012315270935960592,1.0,1.0
ResNet-50,20531,Wallets,0.0032085561497326204,0.6,0.55,0.0074866310160427805,0.7,0.5580952380952381
ResNet-50,37324,Watches,0.0019677292404565133,1.0,1.0,0.003935458480913027,1.0,1.0
ResNet-50,27384,Night suits,0.03571428571428571,1.0,1.0,0.07142857142857142,1.0,1.0
ResNet-50,10734,Handbags,0.002844141069397042,1.0,1.0,0.005688282138794084,1.0,1.0
ResNet-50,51599,Jeggings,0.030303030303030304,0.2,0.2,0.030303030303030304,0.1,0.1
ResNet-50,44877,Tshirts,0.0007074136955291454,1.0,1.0,0.0014148273910582908,1.0,1.0
ResNet-50,29221,Socks,0.0072992700729927005,1.0,1.0,0.014598540145985401,1.0,1.0
ResNet-50,2981,Tshirts,0.0007074136955291454,1.0,1.0,0.0014148273910582908,1.0,1.0
ResNet-50,23181,Shirts,0.0015556938394523958,1.0,1.0,0.0031113876789047915,1.0,1.0
ResNet-50,43064,Tshirts,0.0007074136955291454,1.0,1.0,0.0014148273910582908,1.0,1.0
ResNet-50,31212,Sports Shoes,0.0014742014742014742,0.6,0.35333333333333333,0.0029484029484029483,0.6,0.3563095238095238
ResNet-50,43400,Socks,0.0072992700729927005,1.0,1.0,0.014598540145985401,1.0,1.0
ResNet-50,18798,Handbags,0.0011376564277588168,0.4,0.16666666666666666,0.0011376564277588168,0.2,0.08333333333333333
ResNet-50,29642,Shirts,0.0015556938394523958,1.0,1.0,0.0028002489110143126,0.9,0.9
ResNet-50,11088,Shirts,0.0015556938394523958,1.0,1.0,0.0031113876789047915,1.0,1.0
ResNet-50,47857,Handbags,0.002844141069397042,1.0,1.0,0.005688282138794084,1.0,1.0
ResNet-50,7890,Track Pants,0.013201320132013201,0.8,0.71,0.019801980198019802,0.6,0.4774999999999999
ResNet-50,33922,Watches,0.0019677292404565133,1.0,1.0,0.003935458480913027,1.0,1.0
ResNet-50,28556,Tshirts,0.0007074136955291454,1.0,1.0,0.0014148273910582908,1.0,1.0
ResNet-50,34539,Formal Shoes,0.007861635220125786,1.0,1.0,0.014150943396226415,0.9,0.8521031746031745
ResNet-50,11028,Tunics,0.0,0.0,0.0,0.0,0.0,0.0
ResNet-50,47000,Kurtas,0.0016277807921866521,0.6,0.3833333333333333,0.0032555615843733042,0.6,0.3808333333333333
ResNet-50,1798,Tshirts,0.00042444821731748726,0.6,0.6,0.0005659309564233164,0.4,0.33999999999999997
ResNet-50,48084,Dresses,0.0021598272138228943,0.2,0.1,0.004319654427645789,0.2,0.075
ResNet-50,2579,Shorts,0.003663003663003663,0.4,0.27999999999999997,0.009157509157509158,0.5,0.29
ResNet-50,31241,Tshirts,0.0001414827391058291,0.2,0.2,0.0002829654782116582,0.2,0.125
ResNet-50,4483,Casual Shoes,0.00070298769771529,0.4,0.2,0.00140597539543058,0.4,0.19
ResNet-50,32292,Watches,0.0019677292404565133,1.0,1.0,0.003935458480913027,1.0,1.0
ResNet-50,37142,Shirts,0.0015556938394523958,1.0,1.0,0.0031113876789047915,1.0,1.0
ResNet-50,28996,Tshirts,0.0007074136955291454,1.0,1.0,0.0014148273910582908,1.0,1.0
ResNet-50,51162,Socks,0.0072992700729927005,1.0,1.0,0.014598540145985401,1.0,1.0
ResNet-50,18736,Dresses,0.004319654427645789,0.4,0.4,0.004319654427645789,0.2,0.2
ResNet-50,16031,Shirts,0.0015556938394523958,1.0,1.0,0.0031113876789047915,1.0,1.0
ResNet-50,57065,Tops,0.001135718341851221,0.4,0.2333333333333333,0.0017035775127768314,0.3,0.16666666666666666
ResNet-50,8278,Tshirts,0.0007074136955291454,1.0,1.0,0.0014148273910582908,1.0,1.0
ResNet-50,26234,Tshirts,0.0007074136955291454,1.0,1.0,0.0014148273910582908,1.0,1.0
ResNet-50,17573,Shirts,0.0015556938394523958,1.0,1.0,0.0031113876789047915,1.0,1.0
ResNet-50,30735,Churidar,0.10344827586206896,0.6,0.6,0.10344827586206896,0.3,0.3
ResNet-50,34395,Tshirts,0.0007074136955291454,1.0,1.0,0.0014148273910582908,1.0,1.0
ResNet-50,23914,Casual Shoes,0.001054481546572935,0.6,0.6,0.00210896309314587,0.6,0.5047619047619047
ResNet-50,24100,Sandals,0.0033482142857142855,0.6,0.55,0.005580357142857143,0.5,0.39722222222222225
ResNet-50,47452,Flats,0.002004008016032064,0.2,0.1,0.002004008016032064,0.1,0.05
ResNet-50,54879,Necklace and Chains,0.025157232704402517,0.8,0.76,0.05660377358490566,0.9,0.8154365079365078
ResNet-50,15011,Track Pants,0.013201320132013201,0.8,0.6433333333333333,0.026402640264026403,0.8,0.6484920634920635
ResNet-50,3663,Sports Shoes,0.0004914004914004914,0.2,0.1,0.0009828009828009828,0.2,0.07857142857142857
ResNet-50,49158,Foundation and Primer,0.05333333333333334,0.8,0.8,0.05333333333333334,0.4,0.4
ResNet-50,19628,Tshirts,0.0007074136955291454,1.0,1.0,0.0014148273910582908,1.0,1.0
ResNet-50,22203,Sweatshirts,0.01056338028169014,0.6,0.52,0.014084507042253521,0.4,0.31
ResNet-50,25277,Handbags,0.002844141069397042,1.0,1.0,0.005688282138794084,1.0,1.0
ResNet-50,23180,Shirts,0.0015556938394523958,1.0,1.0,0.0031113876789047915,1.0,1.0
ResNet-50,36036,Handbags,0.0011376564277588168,0.4,0.3333333333333333,0.002844141069397042,0.5,0.315079365079365
ResNet-50,6524,Shorts,0.009157509157509158,1.0,1.0,0.018315018315018316,1.0,1.0
ResNet-50,25283,Handbags,0.002844141069397042,1.0,1.0,0.005688282138794084,1.0,1.0
ResNet-50,27349,Tshirts,0.0007074136955291454,1.0,1.0,0.0014148273910582908,1.0,1.0
ResNet-50,8223,Backpacks,0.005532503457814661,0.8,0.71,0.006915629322268326,0.5,0.42642857142857143
ResNet-50,29015,Tshirts,0.0007074136955291454,1.0,1.0,0.0014148273910582908,1.0,1.0
ResNet-50,45361,Heels,0.0022692889561270802,0.6,0.4833333333333333,0.0037821482602118004,0.5,0.37976190476190474
ResNet-50,17948,Track Pants,0.0165016501650165,1.0,1.0,0.026402640264026403,0.8,0.7577777777777778
ResNet-50,55335,Hair Colour,0.1111111111111111,0.4,0.27999999999999997,0.1111111111111111,0.2,0.13999999999999999
ResNet-50,17983,Backpacks,0.006915629322268326,1.0,1.0,0.013831258644536652,1.0,1.0
ResNet-50,58071,Earrings,0.01201923076923077,1.0,1.0,0.02403846153846154,1.0,1.0
ResNet-50,6727,Flip Flops,0.00546448087431694,1.0,1.0,0.01092896174863388,1.0,1.0
ResNet-50,24360,Kurtas,0.0010851871947911015,0.4,0.27999999999999997,0.0016277807921866521,0.3,0.1733333333333333
ResNet-50,5390,Sports Shoes,0.0019656019656019656,0.8,0.71,0.0034398034398034397,0.7,0.5792063492063492
ResNet-50,22894,Sandals,0.004464285714285714,0.8,0.71,0.008928571428571428,0.8,0.7004365079365078
ResNet-50,12259,Shirts,0.0015556938394523958,1.0,1.0,0.0031113876789047915,1.0,1.0
ResNet-50,14368,Heels,0.0007564296520423601,0.2,0.2,0.0007564296520423601,0.1,0.1
ResNet-50,25073,Accessory Gift Set,0.045454545454545456,1.0,1.0,0.09090909090909091,1.0,1.0
ResNet-50,17383,Mufflers,0.10810810810810811,0.8,0.71,0.13513513513513514,0.5,0.40499999999999997
ResNet-50,3252,Sports Shoes,0.0004914004914004914,0.2,0.06666666666666667,0.0009828009828009828,0.2,0.05333333333333333
ResNet-50,5999,Shirts,0.0015556938394523958,1.0,1.0,0.0031113876789047915,1.0,1.0
ResNet-50,20191,Tshirts,0.0002829654782116582,0.4,0.3,0.0007074136955291454,0.5,0.3196428571428571
ResNet-50,52922,Sarees,0.002347417840375587,0.2,0.2,0.002347417840375587,0.1,0.1
ResNet-50,36803,Watches,0.0019677292404565133,1.0,1.0,0.003935458480913027,1.0,1.0
ResNet-50,38397,Tshirts,0.0007074136955291454,1.0,1.0,0.0014148273910582908,1.0,1.0
ResNet-50,17778,Belts,0.0049261083743842365,0.8,0.5433333333333333,0.011083743842364532,0.9,0.7071031746031746
ResNet-50,37971,Heels,0.0015128593040847202,0.4,0.3,0.0030257186081694403,0.4,0.24
ResNet-50,53408,Kurtas,0.0016277807921866521,0.6,0.55,0.0032555615843733042,0.6,0.4476984126984126
ResNet-50,12804,Tshirts,0.0007074136955291454,1.0,1.0,0.0014148273910582908,1.0,1.0
ResNet-50,13121,Casual Shoes,0.001054481546572935,0.6,0.4533333333333333,0.00281195079086116,0.8,0.5975396825396825
ResNet-50,25443,Casual Shoes,0.00140597539543058,0.8,0.5433333333333333,0.002460456942003515,0.7,0.4708333333333334
ResNet-50,52949,Sarees,0.011737089201877934,1.0,1.0,0.023474178403755867,1.0,1.0
ResNet-50,21487,Handbags,0.002844141069397042,1.0,1.0,0.005688282138794084,1.0,1.0
ResNet-50,32256,Tunics,0.0,0.0,0.0,0.0,0.0,0.0
ResNet-50,12651,Tshirts,0.0007074136955291454,1.0,1.0,0.0014148273910582908,1.0,1.0
ResNet-50,6122,Flip Flops,0.004371584699453552,0.8,0.5433333333333333,0.009836065573770493,0.9,0.7071031746031746
ResNet-50,29414,Watches,0.0019677292404565133,1.0,1.0,0.003935458480913027,1.0,1.0
ResNet-50,12669,Shirts,0.0015556938394523958,1.0,1.0,0.0031113876789047915,1.0,1.0
ResNet-50,38566,Shorts,0.009157509157509158,1.0,1.0,0.018315018315018316,1.0,1.0
ResNet-50,58645,Kurtas,0.002170374389582203,0.8,0.76,0.0037981551817688553,0.7,0.5880952380952381
ResNet-50,27748,Handbags,0.0017064846416382253,0.6,0.42000000000000004,0.004550625711035267,0.8,0.5808730158730159
ResNet-50,47666,Scarves,0.0,0.0,0.0,0.0,0.0,0.0
ResNet-50,40671,Shirts,0.0012445550715619166,0.8,0.8,0.002489110143123833,0.8,0.736547619047619
ResNet-50,13542,Flats,0.0,0.0,0.0,0.002004008016032064,0.1,0.016666666666666666
ResNet-50,36437,Casual Shoes,0.00140597539543058,0.8,0.8,0.00281195079086116,0.8,0.745436507936508
ResNet-50,46324,Sports Shoes,0.002457002457002457,1.0,1.0,0.004914004914004914,1.0,1.0
ResNet-50,53439,Flip Flops,0.00546448087431694,1.0,1.0,0.009836065573770493,0.9,0.89
ResNet-50,15021,Jackets,0.0,0.0,0.0,0.0038910505836575876,0.1,0.01111111111111111
ResNet-50,1938,Tshirts,0.0007074136955291454,1.0,1.0,0.0014148273910582908,1.0,1.0
ResNet-50,6113,Tshirts,0.00042444821731748726,0.6,0.35333333333333333,0.0011318619128466328,0.8,0.5475396825396825
ResNet-50,5762,Shorts,0.005494505494505495,0.6,0.52,0.007326007326007326,0.4,0.32666666666666666
ResNet-50,34164,Tops,0.002271436683702442,0.8,0.76,0.0028392958546280523,0.5,0.4425
ResNet-50,5930,Casual Shoes,0.00140597539543058,0.8,0.6433333333333333,0.003163444639718805,0.9,0.7571031746031747
ResNet-50,41759,Dresses,0.004319654427645789,0.4,0.4,0.01079913606911447,0.5,0.35
ResNet-50,52143,Tshirts,0.0007074136955291454,1.0,1.0,0.0014148273910582908,1.0,1.0
ResNet-50,42587,Tshirts,0.0007074136955291454,1.0,1.0,0.0014148273910582908,1.0,1.0
ResNet-50,45332,Heels,0.0015128593040847202,0.4,0.3333333333333333,0.0022692889561270802,0.3,0.2095238095238095
ResNet-50,56233,Night suits,0.03571428571428571,1.0,1.0,0.07142857142857142,1.0,1.0
ResNet-50,51486,Trousers,0.003780718336483932,0.4,0.18,0.00945179584120983,0.5,0.2596428571428572
ResNet-50,45086,Night suits,0.02142857142857143,0.6,0.4833333333333333,0.02142857142857143,0.3,0.24166666666666664
ResNet-50,2855,Tshirts,0.0007074136955291454,1.0,1.0,0.0014148273910582908,1.0,1.0
ResNet-50,5842,Tshirts,0.0007074136955291454,1.0,1.0,0.0014148273910582908,1.0,1.0
ResNet-50,30684,Sunglasses,0.0046641791044776115,1.0,1.0,0.009328358208955223,1.0,1.0
ResNet-50,55021,Lipstick,0.01592356687898089,1.0,1.0,0.03184713375796178,1.0,1.0
ResNet-50,43978,Perfume and Body Mist,0.0016313213703099511,0.2,0.2,0.0016313213703099511,0.1,0.1
ResNet-50,56006,Lipstick,0.01592356687898089,1.0,1.0,0.03184713375796178,1.0,1.0
ResNet-50,25190,Handbags,0.002844141069397042,1.0,1.0,0.005688282138794084,1.0,1.0
ResNet-50,48558,Belts,0.006157635467980296,1.0,1.0,0.012315270935960592,1.0,1.0
ResNet-50,23856,Casual Shoes,0.00140597539543058,0.8,0.76,0.002460456942003515,0.7,0.6083333333333333
ResNet-50,55641,Heels,0.0015128593040847202,0.4,0.18,0.0022692889561270802,0.3,0.12333333333333334
ResNet-50,51685,Sunglasses,0.0037313432835820895,0.8,0.8,0.008395522388059701,0.9,0.8354365079365079
ResNet-50,24074,Flats,0.002004008016032064,0.2,0.04,0.002004008016032064,0.1,0.02
ResNet-50,50591,Briefs,0.00589622641509434,1.0,1.0,0.01179245283018868,1.0,1.0
ResNet-50,35562,Sandals,0.0,0.0,0.0,0.0,0.0,0.0
ResNet-50,6057,Shirts,0.0009334163036714375,0.6,0.32,0.002489110143123833,0.8,0.5308730158730158
ResNet-50,41870,Sandals,0.0033482142857142855,0.6,0.4533333333333333,0.0078125,0.7,0.4925
ResNet-50,7388,Formal Shoes,0.007861635220125786,1.0,1.0,0.015723270440251572,1.0,1.0
ResNet-50,59611,Sarees,0.011737089201877934,1.0,1.0,0.014084507042253521,0.6,0.5666666666666667
ResNet-50,4955,Shirts,0.00031113876789047915,0.2,0.2,0.00031113876789047915,0.1,0.1
ResNet-50,53777,Sports Shoes,0.0014742014742014742,0.6,0.4533333333333333,0.0034398034398034397,0.7,0.5097619047619047
ResNet-50,8768,Sunglasses,0.0046641791044776115,1.0,1.0,0.009328358208955223,1.0,1.0
ResNet-50,50750,Casual Shoes,0.0017574692442882249,1.0,1.0,0.003163444639718805,0.9,0.89
ResNet-50,17097,Wallets,0.0032085561497326204,0.6,0.35333333333333333,0.008556149732620321,0.8,0.5475396825396825
ResNet-50,19569,Tshirts,0.0007074136955291454,1.0,1.0,0.0014148273910582908,1.0,1.0
ResNet-50,46251,Tunics,0.008771929824561403,0.4,0.27999999999999997,0.013157894736842105,0.3,0.19
ResNet-50,13261,Jeans,0.008237232289950576,1.0,1.0,0.016474464579901153,1.0,1.0
ResNet-50,1844,Tshirts,0.0007074136955291454,1.0,1.0,0.0014148273910582908,1.0,1.0
ResNet-50,39397,Tshirts,0.0,0.0,0.0,0.0002829654782116582,0.2,0.0365079365079365
ResNet-50,56498,Nail Polish,0.01524390243902439,1.0,1.0,0.03048780487804878,1.0,1.0
ResNet-50,13408,Shirts,0.0015556938394523958,1.0,1.0,0.0031113876789047915,1.0,1.0
ResNet-50,42038,Sports Shoes,0.0019656019656019656,0.8,0.6433333333333333,0.003931203931203931,0.8,0.6377777777777778
ResNet-50,51883,Wallets,0.0053475935828877,1.0,1.0,0.009625668449197862,0.9,0.866388888888889
ResNet-50,59484,Ring,0.042735042735042736,1.0,1.0,0.06837606837606838,0.8,0.7577777777777778
ResNet-50,23666,Shirts,0.0015556938394523958,1.0,1.0,0.0031113876789047915,1.0,1.0
ResNet-50,54734,Casual Shoes,0.0017574692442882249,1.0,1.0,0.003163444639718805,0.9,0.8521031746031745
ResNet-50,51410,Shirts,0.0012445550715619166,0.8,0.5433333333333333,0.0021779713752333543,0.7,0.5184920634920636
ResNet-50,33064,Shirts,0.0015556938394523958,1.0,1.0,0.0031113876789047915,1.0,1.0
ResNet-50,4595,Backpacks,0.006915629322268326,1.0,1.0,0.013831258644536652,1.0,1.0
ResNet-50,4901,Tops,0.002271436683702442,0.8,0.8,0.003975014196479273,0.7,0.6242063492063492
ResNet-50,58797,Shirts,0.0015556938394523958,1.0,1.0,0.0031113876789047915,1.0,1.0
ResNet-50,39901,Sports Shoes,0.0014742014742014742,0.6,0.52,0.0029484029484029483,0.6,0.4463095238095239
ResNet-50,19962,Sweaters,0.014492753623188406,0.8,0.8,0.021739130434782608,0.6,0.5583333333333333
ResNet-50,12770,Tops,0.0,0.0,0.0,0.0,0.0,0.0
ResNet-50,40565,Kurtas,0.0027129679869777536,1.0,1.0,0.0048833423765599565,0.9,0.8521031746031745
ResNet-50,31196,Wallets,0.0042780748663101605,0.8,0.76,0.008556149732620321,0.8,0.6842063492063492
ResNet-50,13835,Jackets,0.0038910505836575876,0.2,0.04,0.007782101167315175,0.2,0.045
ResNet-50,59819,Shirts,0.0012445550715619166,0.8,0.76,0.002489110143123833,0.8,0.6842063492063492
ResNet-50,40108,Track Pants,0.009900990099009901,0.6,0.6,0.019801980198019802,0.6,0.4822222222222222
ResNet-50,43322,Tops,0.0017035775127768314,0.6,0.35333333333333333,0.003975014196479273,0.7,0.4514285714285714
ResNet-50,33293,Shirts,0.0012445550715619166,0.8,0.8,0.002489110143123833,0.8,0.716111111111111
ResNet-50,38227,Sunglasses,0.0046641791044776115,1.0,1.0,0.009328358208955223,1.0,1.0
ResNet-50,47588,Flats,0.008016032064128256,0.8,0.6433333333333333,0.008016032064128256,0.4,0.32166666666666666
ResNet-50,44903,Tshirts,0.0007074136955291454,1.0,1.0,0.0014148273910582908,1.0,1.0
ResNet-50,8351,Tshirts,0.0007074136955291454,1.0,1.0,0.0009903791737408036,0.7,0.7
ResNet-50,15564,Heels,0.0007564296520423601,0.2,0.2,0.0015128593040847202,0.2,0.125
ResNet-50,10472,Tshirts,0.0007074136955291454,1.0,1.0,0.0014148273910582908,1.0,1.0
ResNet-50,57187,Tunics,0.0,0.0,0.0,0.0,0.0,0.0
ResNet-50,46001,Sarees,0.011737089201877934,1.0,1.0,0.023474178403755867,1.0,1.0
ResNet-50,50356,Kurtas,0.0027129679869777536,1.0,1.0,0.005425935973955507,1.0,1.0
ResNet-50,7721,Sports Shoes,0.002457002457002457,1.0,1.0,0.004914004914004914,1.0,1.0
ResNet-50,53782,Tshirts,0.0007074136955291454,1.0,1.0,0.0014148273910582908,1.0,1.0
ResNet-50,14045,Shirts,0.0015556938394523958,1.0,1.0,0.0031113876789047915,1.0,1.0
ResNet-50,55475,Lip Liner,0.10638297872340426,1.0,1.0,0.1276595744680851,0.6,0.6
ResNet-50,33455,Handbags,0.002844141069397042,1.0,1.0,0.004550625711035267,0.8,0.7327777777777778
ResNet-50,4534,Tshirts,0.0007074136955291454,1.0,1.0,0.0014148273910582908,1.0,1.0
ResNet-50,10623,Flip Flops,0.0,0.0,0.0,0.002185792349726776,0.2,0.041666666666666664
ResNet-50,45045,Watches,0.0019677292404565133,1.0,1.0,0.003935458480913027,1.0,1.0
ResNet-50,47349,Handbags,0.002844141069397042,1.0,1.0,0.005688282138794084,1.0,1.0
ResNet-50,3140,Heels,0.0015128593040847202,0.4,0.3,0.0037821482602118004,0.5,0.3
ResNet-50,50332,Kurtas,0.002170374389582203,0.8,0.76,0.004340748779164406,0.8,0.716547619047619
ResNet-50,52465,Camisoles,0.02631578947368421,0.2,0.05,0.02631578947368421,0.1,0.025
ResNet-50,33660,Sandals,0.0033482142857142855,0.6,0.6,0.006696428571428571,0.6,0.4863095238095238
ResNet-50,25705,Tops,0.001135718341851221,0.4,0.3,0.0028392958546280523,0.5,0.29285714285714287
ResNet-50,44732,Flip Flops,0.00546448087431694,1.0,1.0,0.01092896174863388,1.0,1.0
ResNet-50,5071,Watches,0.0019677292404565133,1.0,1.0,0.003935458480913027,1.0,1.0
ResNet-50,39533,Bra,0.01050420168067227,1.0,1.0,0.02100840336134454,1.0,1.0
ResNet-50,50903,Sarees,0.011737089201877934,1.0,1.0,0.023474178403755867,1.0,1.0
ResNet-50,25191,Handbags,0.002844141069397042,1.0,1.0,0.005688282138794084,1.0,1.0
ResNet-50,20625,Wallets,0.0053475935828877,1.0,1.0,0.0106951871657754,1.0,1.0
ResNet-50,26384,Trousers,0.00945179584120983,1.0,1.0,0.01890359168241966,1.0,1.0
ResNet-50,38423,Wallets,0.0053475935828877,1.0,1.0,0.0106951871657754,1.0,1.0
ResNet-50,45883,Watches,0.0019677292404565133,1.0,1.0,0.0035419126328217238,0.9,0.866388888888889
ResNet-50,33463,Belts,0.006157635467980296,1.0,1.0,0.012315270935960592,1.0,1.0
ResNet-50,2265,Tshirts,0.0007074136955291454,1.0,1.0,0.0014148273910582908,1.0,1.0
ResNet-50,25350,Briefs,0.00589622641509434,1.0,1.0,0.01179245283018868,1.0,1.0
ResNet-50,54565,Kurtas,0.002170374389582203,0.8,0.8,0.004340748779164406,0.8,0.745436507936508
ResNet-50,29931,Watches,0.0019677292404565133,1.0,1.0,0.003935458480913027,1.0,1.0
ResNet-50,21152,Tshirts,0.0001414827391058291,0.2,0.06666666666666667,0.00042444821731748726,0.3,0.09523809523809523
ResNet-50,8760,Track Pants,0.0165016501650165,1.0,1.0,0.033003300330033,1.0,1.0
ResNet-50,28828,Briefs,0.00589622641509434,1.0,1.0,0.01061320754716981,0.9,0.866388888888889
ResNet-50,17259,Tshirts,0.0007074136955291454,1.0,1.0,0.0014148273910582908,1.0,1.0
ResNet-50,16119,Sandals,0.002232142857142857,0.4,0.4,0.0033482142857142855,0.3,0.2375
ResNet-50,13659,Shirts,0.0015556938394523958,1.0,1.0,0.0031113876789047915,1.0,1.0
ResNet-50,28888,Briefs,0.00589622641509434,1.0,1.0,0.01179245283018868,1.0,1.0
ResNet-50,44101,Perfume and Body Mist,0.004893964110929853,0.6,0.55,0.0065252854812398045,0.4,0.33214285714285713
ResNet-50,3919,Track Pants,0.013201320132013201,0.8,0.6433333333333333,0.026402640264026403,0.8,0.6671031746031746
ResNet-50,56054,Lip Gloss,0.03496503496503497,1.0,1.0,0.06993006993006994,1.0,1.0
ResNet-50,16784,Watches,0.0019677292404565133,1.0,1.0,0.003935458480913027,1.0,1.0
ResNet-50,34088,Casual Shoes,0.00140597539543058,0.8,0.76,0.002460456942003515,0.7,0.6268253968253967
ResNet-50,9427,Shirts,0.0015556938394523958,1.0,1.0,0.0031113876789047915,1.0,1.0
ResNet-50,56098,Lip Gloss,0.03496503496503497,1.0,1.0,0.06993006993006994,1.0,1.0
ResNet-50,31358,Tshirts,0.0007074136955291454,1.0,1.0,0.0014148273910582908,1.0,1.0
ResNet-50,31956,Sports Shoes,0.002457002457002457,1.0,1.0,0.004422604422604423,0.9,0.8788888888888889
ResNet-50,44905,Track Pants,0.0,0.0,0.0,0.0,0.0,0.0
ResNet-50,26324,Tracksuits,0.03571428571428571,0.2,0.2,0.07142857142857142,0.2,0.13333333333333333
ResNet-50,14682,Tshirts,0.0007074136955291454,1.0,1.0,0.0014148273910582908,1.0,1.0
ResNet-50,13205,Sports Shoes,0.002457002457002457,1.0,1.0,0.004914004914004914,1.0,1.0
ResNet-50,31155,Tshirts,0.0005659309564233164,0.8,0.8,0.0009903791737408036,0.7,0.639047619047619
ResNet-50,34081,Casual Shoes,0.00140597539543058,0.8,0.6433333333333333,0.00281195079086116,0.8,0.6258730158730159
ResNet-50,8950,Trousers,0.007561436672967864,0.8,0.8,0.017013232514177693,0.9,0.8354365079365079
ResNet-50,28618,Tshirts,0.00042444821731748726,0.6,0.52,0.0009903791737408036,0.7,0.5347619047619048
ResNet-50,46667,Deodorant,0.014450867052023121,1.0,1.0,0.02601156069364162,0.9,0.866388888888889
ResNet-50,5479,Sports Shoes,0.0019656019656019656,0.8,0.6433333333333333,0.0029484029484029483,0.6,0.4372222222222222
ResNet-50,52052,Tshirts,0.0002829654782116582,0.4,0.2333333333333333,0.0008488964346349745,0.6,0.34630952380952384
ResNet-50,11335,Jeans,0.008237232289950576,1.0,1.0,0.016474464579901153,1.0,1.0
ResNet-50,2035,Tshirts,0.0007074136955291454,1.0,1.0,0.0014148273910582908,1.0,1.0
ResNet-50,13462,Tshirts,0.0007074136955291454,1.0,1.0,0.0014148273910582908,1.0,1.0
ResNet-50,28049,Briefs,0.00589622641509434,1.0,1.0,0.01179245283018868,1.0,1.0
ResNet-50,24442,Innerwear Vests,0.016597510373443983,0.8,0.76,0.029045643153526972,0.7,0.6365476190476189
ResNet-50,25590,Kurta Sets,0.021505376344086023,0.4,0.4,0.06451612903225806,0.6,0.4363095238095238
ResNet-50,47574,Heels,0.0022692889561270802,0.6,0.52,0.006051437216338881,0.8,0.6308730158730158
EfficientNet-B0,28032,Briefs,0.00589622641509434,1.0,1.0,0.01179245283018868,1.0,1.0
EfficientNet-B0,35322,Earrings,0.01201923076923077,1.0,1.0,0.021634615384615384,0.9,0.8788888888888889
EfficientNet-B0,13284,Shorts,0.009157509157509158,1.0,1.0,0.018315018315018316,1.0,1.0
EfficientNet-B0,26197,Perfume and Body Mist,0.0032626427406199023,0.4,0.27999999999999997,0.008156606851549755,0.5,0.28841269841269834
EfficientNet-B0,3391,Handbags,0.002844141069397042,1.0,1.0,0.005688282138794084,1.0,1.0
EfficientNet-B0,22361,Sports Sandals,0.015151515151515152,0.2,0.05,0.06060606060606061,0.4,0.12333333333333334
EfficientNet-B0,55233,Foundation and Primer,0.06666666666666667,1.0,1.0,0.08,0.6,0.5666666666666667
EfficientNet-B0,39147,Kurta Sets,0.021505376344086023,0.4,0.27999999999999997,0.03225806451612903,0.3,0.16999999999999998
EfficientNet-B0,15983,Shirts,0.0015556938394523958,1.0,1.0,0.0031113876789047915,1.0,1.0
EfficientNet-B0,59290,Watches,0.0019677292404565133,1.0,1.0,0.003935458480913027,1.0,1.0
EfficientNet-B0,18459,Deodorant,0.014450867052023121,1.0,1.0,0.028901734104046242,1.0,1.0
EfficientNet-B0,25385,Briefs,0.00589622641509434,1.0,1.0,0.01179245283018868,1.0,1.0
EfficientNet-B0,34038,Shirts,0.0015556938394523958,1.0,1.0,0.0031113876789047915,1.0,1.0
EfficientNet-B0,7169,Shirts,0.0012445550715619166,0.8,0.71,0.0028002489110143126,0.9,0.7904365079365079
EfficientNet-B0,23249,Formal Shoes,0.007861635220125786,1.0,1.0,0.015723270440251572,1.0,1.0
EfficientNet-B0,2040,Tshirts,0.0007074136955291454,1.0,1.0,0.0012733446519524619,0.9,0.8788888888888889
EfficientNet-B0,25949,Scarves,0.025423728813559324,0.6,0.2866666666666666,0.059322033898305086,0.7,0.42642857142857143
EfficientNet-B0,46285,Dresses,0.0,0.0,0.0,0.0021598272138228943,0.1,0.016666666666666666
EfficientNet-B0,25985,Perfume and Body Mist,0.0065252854812398045,0.8,0.5433333333333333,0.01468189233278956,0.9,0.7071031746031746
EfficientNet-B0,21189,Backpacks,0.006915629322268326,1.0,1.0,0.013831258644536652,1.0,1.0
EfficientNet-B0,37488,Watches,0.0019677292404565133,1.0,1.0,0.0023612750885478157,0.6,0.5857142857142856
EfficientNet-B0,3398,Handbags,0.002844141069397042,1.0,1.0,0.005688282138794084,1.0,1.0
EfficientNet-B0,3505,Casual Shoes,0.00140597539543058,0.8,0.76,0.003163444639718805,0.9,0.8154365079365078
EfficientNet-B0,42410,Briefs,0.00589622641509434,1.0,1.0,0.01179245283018868,1.0,1.0
EfficientNet-B0,24868,Wallets,0.0053475935828877,1.0,1.0,0.0106951871657754,1.0,1.0
EfficientNet-B0,33225,Dresses,0.004319654427645789,0.4,0.3333333333333333,0.004319654427645789,0.2,0.16666666666666666
EfficientNet-B0,34000,Tops,0.0005678591709256105,0.2,0.05,0.001135718341851221,0.2,0.05357142857142857
EfficientNet-B0,47196,Sandals,0.005580357142857143,1.0,1.0,0.008928571428571428,0.8,0.7675
EfficientNet-B0,26333,Watches,0.0019677292404565133,1.0,1.0,0.003935458480913027,1.0,1.0
EfficientNet-B0,37625,Tshirts,0.0007074136955291454,1.0,1.0,0.0014148273910582908,1.0,1.0
EfficientNet-B0,32357,Watches,0.0019677292404565133,1.0,1.0,0.003935458480913027,1.0,1.0
EfficientNet-B0,44747,Casual Shoes,0.001054481546572935,0.6,0.6,0.00210896309314587,0.6,0.4655555555555555
EfficientNet-B0,38652,Casual Shoes,0.00070298769771529,0.4,0.4,0.0017574692442882249,0.5,0.3696428571428571
EfficientNet-B0,38460,Mobile Pouch,0.021739130434782608,0.2,0.06666666666666667,0.043478260869565216,0.2,0.06666666666666667
EfficientNet-B0,47109,Casual Shoes,0.0,0.0,0.0,0.0,0.0,0.0
EfficientNet-B0,8172,Heels,0.0015128593040847202,0.4,0.3333333333333333,0.0045385779122541605,0.6,0.39630952380952383
EfficientNet-B0,25777,Suspenders,0.1282051282051282,1.0,1.0,0.2564102564102564,1.0,1.0
EfficientNet-B0,26334,Watches,0.0019677292404565133,1.0,1.0,0.003935458480913027,1.0,1.0
EfficientNet-B0,12333,Jeans,0.006589785831960461,0.8,0.8,0.014827018121911038,0.9,0.8354365079365079
EfficientNet-B0,45659,Innerwear Vests,0.02074688796680498,1.0,1.0,0.04149377593360996,1.0,1.0
EfficientNet-B0,21778,Belts,0.006157635467980296,1.0,1.0,0.012315270935960592,1.0,1.0
EfficientNet-B0,2210,Tshirts,0.0005659309564233164,0.8,0.71,0.0012733446519524619,0.9,0.7904365079365079
EfficientNet-B0,41036,Watches,0.0019677292404565133,1.0,1.0,0.003935458480913027,1.0,1.0
EfficientNet-B0,12137,Kurtas,0.0027129679869777536,1.0,1.0,0.0048833423765599565,0.9,0.8521031746031745
EfficientNet-B0,56849,Jeans,0.0032948929159802307,0.4,0.16666666666666666,0.006589785831960461,0.4,0.17619047619047618
EfficientNet-B0,38836,Dresses,0.0064794816414686825,0.6,0.52,0.01079913606911447,0.5,0.3726984126984127
EfficientNet-B0,25587,Kurta Sets,0.043010752688172046,0.8,0.8,0.0967741935483871,0.9,0.8354365079365079
EfficientNet-B0,10204,Handbags,0.002844141069397042,1.0,1.0,0.005688282138794084,1.0,1.0
EfficientNet-B0,27815,Belts,0.006157635467980296,1.0,1.0,0.012315270935960592,1.0,1.0
EfficientNet-B0,42812,Briefs,0.0023584905660377358,0.4,0.4,0.0023584905660377358,0.2,0.2
EfficientNet-B0,54977,Lounge Pants,0.0,0.0,0.0,0.0,0.0,0.0
EfficientNet-B0,15923,Backpacks,0.006915629322268326,1.0,1.0,0.013831258644536652,1.0,1.0
EfficientNet-B0,47332,Wallets,0.0053475935828877,1.0,1.0,0.0106951871657754,1.0,1.0
EfficientNet-B0,57154,Tshirts,0.0007074136955291454,1.0,1.0,0.0012733446519524619,0.9,0.8521031746031745
EfficientNet-B0,44127,Deodorant,0.005780346820809248,0.4,0.4,0.014450867052023121,0.5,0.36269841269841263
EfficientNet-B0,25110,Belts,0.006157635467980296,1.0,1.0,0.012315270935960592,1.0,1.0
EfficientNet-B0,44588,Shirts,0.0015556938394523958,1.0,1.0,0.0031113876789047915,1.0,1.0
EfficientNet-B0,18051,Wallets,0.0053475935828877,1.0,1.0,0.009625668449197862,0.9,0.866388888888889
EfficientNet-B0,25779,Suspenders,0.1282051282051282,1.0,1.0,0.2564102564102564,1.0,1.0
EfficientNet-B0,57108,Tops,0.0028392958546280523,1.0,1.0,0.0034071550255536627,0.6,0.5857142857142856
EfficientNet-B0,49664,Sunglasses,0.0046641791044776115,1.0,1.0,0.009328358208955223,1.0,1.0
EfficientNet-B0,17248,Tshirts,0.0007074136955291454,1.0,1.0,0.0014148273910582908,1.0,1.0
EfficientNet-B0,44978,Watches,0.0019677292404565133,1.0,1.0,0.003935458480913027,1.0,1.0
EfficientNet-B0,5435,Tshirts,0.0007074136955291454,1.0,1.0,0.0014148273910582908,1.0,1.0
EfficientNet-B0,13075,Casual Shoes,0.00140597539543058,0.8,0.6433333333333333,0.002460456942003515,0.7,0.5782142857142857
EfficientNet-B0,20065,Belts,0.0049261083743842365,0.8,0.76,0.009852216748768473,0.8,0.716547619047619
EfficientNet-B0,3160,Sports Shoes,0.002457002457002457,1.0,1.0,0.004914004914004914,1.0,1.0
EfficientNet-B0,48113,Belts,0.006157635467980296,1.0,1.0,0.012315270935960592,1.0,1.0
EfficientNet-B0,51668,Sunglasses,0.0046641791044776115,1.0,1.0,0.009328358208955223,1.0,1.0
EfficientNet-B0,29786,Tshirts,0.0007074136955291454,1.0,1.0,0.0014148273910582908,1.0,1.0
EfficientNet-B0,18697,Briefs,0.00589622641509434,1.0,1.0,0.01179245283018868,1.0,1.0
EfficientNet-B0,12702,Casual Shoes,0.000351493848857645,0.2,0.06666666666666667,0.00140597539543058,0.4,0.1394047619047619
EfficientNet-B0,12968,Sports Shoes,0.002457002457002457,1.0,1.0,0.004914004914004914,1.0,1.0
EfficientNet-B0,53590,Watches,0.0019677292404565133,1.0,1.0,0.003935458480913027,1.0,1.0
EfficientNet-B0,46426,Watches,0.0019677292404565133,1.0,1.0,0.003935458480913027,1.0,1.0
EfficientNet-B0,10293,Sandals,0.005580357142857143,1.0,1.0,0.011160714285714286,1.0,1.0
EfficientNet-B0,39380,Jeans,0.008237232289950576,1.0,1.0,0.014827018121911038,0.9,0.9
EfficientNet-B0,9202,Casual Shoes,0.0017574692442882249,1.0,1.0,0.003163444639718805,0.9,0.8788888888888889
EfficientNet-B0,47199,Formal Shoes,0.006289308176100629,0.8,0.6433333333333333,0.014150943396226415,0.9,0.7571031746031747
EfficientNet-B0,19317,Backpacks,0.005532503457814661,0.8,0.6433333333333333,0.012448132780082987,0.9,0.7571031746031747
EfficientNet-B0,21172,Tunics,0.0,0.0,0.0,0.0,0.0,0.0
EfficientNet-B0,17848,Tshirts,0.0005659309564233164,0.8,0.71,0.0008488964346349745,0.6,0.49833333333333324
EfficientNet-B0,50575,Trunk,0.02877697841726619,0.8,0.8,0.06474820143884892,0.9,0.8354365079365079
EfficientNet-B0,57562,Lipstick,0.01592356687898089,1.0,1.0,0.03184713375796178,1.0,1.0
EfficientNet-B0,44511,Sandals,0.005580357142857143,1.0,1.0,0.011160714285714286,1.0,1.0
EfficientNet-B0,11521,Tshirts,0.0001414827391058291,0.2,0.06666666666666667,0.0001414827391058291,0.1,0.03333333333333333
EfficientNet-B0,33649,Sandals,0.005580357142857143,1.0,1.0,0.008928571428571428,0.8,0.7532142857142856
EfficientNet-B0,49838,Flip Flops,0.004371584699453552,0.8,0.71,0.008743169398907104,0.8,0.691547619047619
EfficientNet-B0,15724,Sports Shoes,0.0014742014742014742,0.6,0.52,0.002457002457002457,0.5,0.3822222222222222
EfficientNet-B0,47367,Handbags,0.002844141069397042,1.0,1.0,0.005688282138794084,1.0,1.0
EfficientNet-B0,34635,Casual Shoes,0.001054481546572935,0.6,0.6,0.0017574692442882249,0.5,0.3944444444444445
EfficientNet-B0,41030,Watches,0.0019677292404565133,1.0,1.0,0.0035419126328217238,0.9,0.9
EfficientNet-B0,8348,Tshirts,0.0007074136955291454,1.0,1.0,0.0014148273910582908,1.0,1.0
EfficientNet-B0,35383,Casual Shoes,0.001054481546572935,0.6,0.42000000000000004,0.0017574692442882249,0.5,0.3155555555555556
EfficientNet-B0,23676,Sandals,0.005580357142857143,1.0,1.0,0.011160714285714286,1.0,1.0
EfficientNet-B0,47101,Sandals,0.002232142857142857,0.4,0.14666666666666667,0.002232142857142857,0.2,0.07333333333333333
EfficientNet-B0,19344,Wallets,0.0053475935828877,1.0,1.0,0.0106951871657754,1.0,1.0
EfficientNet-B0,37847,Wallets,0.0053475935828877,1.0,1.0,0.009625668449197862,0.9,0.8521031746031745
EfficientNet-B0,44783,Sports Shoes,0.002457002457002457,1.0,1.0,0.004914004914004914,1.0,1.0
EfficientNet-B0,9269,Shirts,0.0012445550715619166,0.8,0.76,0.001866832607342875,0.6,0.549047619047619
EfficientNet-B0,53506,Bra,0.01050420168067227,1.0,1.0,0.02100840336134454,1.0,1.0
EfficientNet-B0,6477,Jackets,0.0,0.0,0.0,0.0,0.0,0.0
EfficientNet-B0,59458,Ring,0.02564102564102564,0.6,0.42000000000000004,0.05982905982905983,0.7,0.48476190476190484
EfficientNet-B0,28252,Deodorant,0.014450867052023121,1.0,1.0,0.02601156069364162,0.9,0.89
EfficientNet-B0,34294,Dupatta,0.043478260869565216,1.0,1.0,0.06956521739130435,0.8,0.7532142857142856
EfficientNet-B0,9409,Sunglasses,0.0046641791044776115,1.0,1.0,0.009328358208955223,1.0,1.0
EfficientNet-B0,19944,Backpacks,0.006915629322268326,1.0,1.0,0.013831258644536652,1.0,1.0
EfficientNet-B0,57732,Lip Care,0.3333333333333333,1.0,1.0,0.6,0.9,0.9
EfficientNet-B0,15587,Shirts,0.0015556938394523958,1.0,1.0,0.0031113876789047915,1.0,1.0
EfficientNet-B0,55062,Lipstick,0.01592356687898089,1.0,1.0,0.03184713375796178,1.0,1.0
EfficientNet-B0,11312,Trousers,0.00945179584120983,1.0,1.0,0.017013232514177693,0.9,0.8521031746031745
EfficientNet-B0,32190,Sports Shoes,0.002457002457002457,1.0,1.0,0.004914004914004914,1.0,1.0
EfficientNet-B0,31715,Earrings,0.01201923076923077,1.0,1.0,0.021634615384615384,0.9,0.9
EfficientNet-B0,56277,Bra,0.01050420168067227,1.0,1.0,0.02100840336134454,1.0,1.0
EfficientNet-B0,37240,Casual Shoes,0.00140597539543058,0.8,0.8,0.003163444639718805,0.9,0.8354365079365079
EfficientNet-B0,37624,Tshirts,0.0007074136955291454,1.0,1.0,0.0014148273910582908,1.0,1.0
EfficientNet-B0,16108,Sunglasses,0.0046641791044776115,1.0,1.0,0.009328358208955223,1.0,1.0
EfficientNet-B0,59690,Bra,0.01050420168067227,1.0,1.0,0.02100840336134454,1.0,1.0
EfficientNet-B0,24668,Casual Shoes,0.0017574692442882249,1.0,1.0,0.0035149384885764497,1.0,1.0
EfficientNet-B0,18402,Casual Shoes,0.00140597539543058,0.8,0.71,0.003163444639718805,0.9,0.7904365079365079
EfficientNet-B0,5980,Shirts,0.0015556938394523958,1.0,1.0,0.0031113876789047915,1.0,1.0
EfficientNet-B0,5974,Shirts,0.0015556938394523958,1.0,1.0,0.0031113876789047915,1.0,1.0
EfficientNet-B0,20940,Flip Flops,0.003278688524590164,0.6,0.3833333333333333,0.007650273224043716,0.7,0.4479761904761904
EfficientNet-B0,44096,Deodorant,0.014450867052023121,1.0,1.0,0.02601156069364162,0.9,0.89
EfficientNet-B0,53021,Sarees,0.002347417840375587,0.2,0.06666666666666667,0.009389671361502348,0.4,0.1595238095238095
EfficientNet-B0,21091,Casual Shoes,0.00140597539543058,0.8,0.71,0.003163444639718805,0.9,0.7904365079365079
EfficientNet-B0,57475,Sandals,0.0033482142857142855,0.6,0.35333333333333333,0.0033482142857142855,0.3,0.17666666666666667
EfficientNet-B0,49321,Watches,0.0019677292404565133,1.0,1.0,0.003935458480913027,1.0,1.0
EfficientNet-B0,34749,Casual Shoes,0.00070298769771529,0.4,0.18,0.00210896309314587,0.6,0.3263095238095238
EfficientNet-B0,42957,Belts,0.006157635467980296,1.0,1.0,0.012315270935960592,1.0,1.0
EfficientNet-B0,36445,Sports Shoes,0.0009828009828009828,0.4,0.2,0.002457002457002457,0.5,0.23194444444444445
EfficientNet-B0,14715,Shirts,0.0012445550715619166,0.8,0.5433333333333333,0.002489110143123833,0.8,0.6082142857142857
EfficientNet-B0,11267,Trousers,0.00945179584120983,1.0,1.0,0.01890359168241966,1.0,1.0
EfficientNet-B0,31452,Tshirts,0.0,0.0,0.0,0.0,0.0,0.0
EfficientNet-B0,11293,Jeans,0.008237232289950576,1.0,1.0,0.016474464579901153,1.0,1.0
EfficientNet-B0,17164,Shirts,0.0015556938394523958,1.0,1.0,0.0031113876789047915,1.0,1.0
EfficientNet-B0,37751,Shirts,0.0015556938394523958,1.0,1.0,0.0031113876789047915,1.0,1.0
EfficientNet-B0,32223,Kurtas,0.0010851871947911015,0.4,0.27999999999999997,0.0032555615843733042,0.6,0.36964285714285716
EfficientNet-B0,36814,Kurtas,0.002170374389582203,0.8,0.71,0.004340748779164406,0.8,0.6592063492063491
EfficientNet-B0,44098,Perfume and Body Mist,0.004893964110929853,0.6,0.2866666666666666,0.009787928221859706,0.6,0.34809523809523807
EfficientNet-B0,48655,Earrings,0.01201923076923077,1.0,1.0,0.02403846153846154,1.0,1.0
EfficientNet-B0,13350,Jeans,0.008237232289950576,1.0,1.0,0.016474464579901153,1.0,1.0
EfficientNet-B0,41979,Tshirts,0.0007074136955291454,1.0,1.0,0.0014148273910582908,1.0,1.0
EfficientNet-B0,59986,Dresses,0.008639308855291577,0.8,0.5433333333333333,0.01511879049676026,0.7,0.5077777777777779
EfficientNet-B0,22883,Sandals,0.005580357142857143,1.0,1.0,0.008928571428571428,0.8,0.7675
EfficientNet-B0,26282,Tshirts,0.0005659309564233164,0.8,0.8,0.0009903791737408036,0.7,0.5991666666666667
EfficientNet-B0,59981,Dresses,0.008639308855291577,0.8,0.76,0.017278617710583154,0.8,0.716547619047619
EfficientNet-B0,5327,Casual Shoes,0.00140597539543058,0.8,0.6433333333333333,0.00210896309314587,0.6,0.44416666666666665
EfficientNet-B0,9713,Tshirts,0.0007074136955291454,1.0,1.0,0.0014148273910582908,1.0,1.0
EfficientNet-B0,46768,Perfume and Body Mist,0.0065252854812398045,0.8,0.76,0.013050570962479609,0.8,0.716547619047619
EfficientNet-B0,52506,Bath Robe,0.15789473684210525,0.6,0.6,0.15789473684210525,0.3,0.3
EfficientNet-B0,37191,Tshirts,0.0007074136955291454,1.0,1.0,0.0014148273910582908,1.0,1.0
EfficientNet-B0,25030,Shorts,0.009157509157509158,1.0,1.0,0.018315018315018316,1.0,1.0
EfficientNet-B0,32417,Tshirts,0.0007074136955291454,1.0,1.0,0.0014148273910582908,1.0,1.0
EfficientNet-B0,31292,Tops,0.0017035775127768314,0.6,0.6,0.003975014196479273,0.7,0.5658333333333333
EfficientNet-B0,32625,Tshirts,0.0007074136955291454,1.0,1.0,0.0014148273910582908,1.0,1.0
EfficientNet-B0,5582,Sports Shoes,0.0,0.0,0.0,0.0,0.0,0.0
EfficientNet-B0,15038,Sweaters,0.010869565217391304,0.6,0.52,0.014492753623188406,0.4,0.3
EfficientNet-B0,21669,Watches,0.0019677292404565133,1.0,1.0,0.003935458480913027,1.0,1.0
EfficientNet-B0,33351,Formal Shoes,0.007861635220125786,1.0,1.0,0.014150943396226415,0.9,0.8788888888888889
EfficientNet-B0,33735,Clutches,0.0,0.0,0.0,0.0,0.0,0.0
EfficientNet-B0,13332,Shirts,0.0015556938394523958,1.0,1.0,0.0031113876789047915,1.0,1.0
EfficientNet-B0,15031,Sweaters,0.0036231884057971015,0.2,0.04,0.0036231884057971015,0.1,0.02
EfficientNet-B0,27904,Trousers,0.007561436672967864,0.8,0.6433333333333333,0.015122873345935728,0.8,0.6582142857142856
EfficientNet-B0,48095,Tops,0.001135718341851221,0.4,0.4,0.0017035775127768314,0.3,0.24285714285714283
EfficientNet-B0,33538,Jeans,0.006589785831960461,0.8,0.71,0.011532125205930808,0.7,0.5940476190476189
EfficientNet-B0,49711,Ties,0.019083969465648856,1.0,1.0,0.03816793893129771,1.0,1.0
EfficientNet-B0,38540,Casual Shoes,0.00070298769771529,0.4,0.13,0.00070298769771529,0.2,0.065
EfficientNet-B0,59745,Nightdress,0.010638297872340425,0.4,0.2,0.026595744680851064,0.5,0.24444444444444446
EfficientNet-B0,38316,Handbags,0.0011376564277588168,0.4,0.2,0.002844141069397042,0.5,0.24841269841269842
EfficientNet-B0,4237,Tshirts,0.0007074136955291454,1.0,1.0,0.0014148273910582908,1.0,1.0
EfficientNet-B0,23766,Sunglasses,0.0046641791044776115,1.0,1.0,0.009328358208955223,1.0,1.0
EfficientNet-B0,25491,Sandals,0.004464285714285714,0.8,0.76,0.008928571428571428,0.8,0.7068253968253967
EfficientNet-B0,11234,Jeans,0.008237232289950576,1.0,1.0,0.014827018121911038,0.9,0.89
EfficientNet-B0,42138,Sports Shoes,0.002457002457002457,1.0,1.0,0.004914004914004914,1.0,1.0
EfficientNet-B0,48653,Earrings,0.01201923076923077,1.0,1.0,0.02403846153846154,1.0,1.0
EfficientNet-B0,58899,Ties,0.019083969465648856,1.0,1.0,0.03816793893129771,1.0,1.0
EfficientNet-B0,15258,Casual Shoes,0.00140597539543058,0.8,0.8,0.00210896309314587,0.6,0.569047619047619
EfficientNet-B0,7617,Caps,0.01773049645390071,1.0,1.0,0.03546099290780142,1.0,1.0
EfficientNet-B0,51587,Jeans,0.0032948929159802307,0.4,0.2333333333333333,0.008237232289950576,0.5,0.26666666666666666
EfficientNet-B0,24712,Casual Shoes,0.0017574692442882249,1.0,1.0,0.003163444639718805,0.9,0.9
EfficientNet-B0,9913,Handbags,0.002844141069397042,1.0,1.0,0.005688282138794084,1.0,1.0
EfficientNet-B0,48230,Sunglasses,0.0046641791044776115,1.0,1.0,0.009328358208955223,1.0,1.0
EfficientNet-B0,16876,Sunglasses,0.0046641791044776115,1.0,1.0,0.009328358208955223,1.0,1.0
EfficientNet-B0,3620,Flip Flops,0.00546448087431694,1.0,1.0,0.01092896174863388,1.0,1.0
EfficientNet-B0,43613,Tshirts,0.0007074136955291454,1.0,1.0,0.0014148273910582908,1.0,1.0
EfficientNet-B0,33756,Tops,0.0028392958546280523,1.0,1.0,0.005110732538330494,0.9,0.866388888888889
EfficientNet-B0,13351,Jeans,0.008237232289950576,1.0,1.0,0.014827018121911038,0.9,0.9
EfficientNet-B0,25257,Handbags,0.002844141069397042,1.0,1.0,0.005688282138794084,1.0,1.0
EfficientNet-B0,13735,Shirts,0.0015556938394523958,1.0,1.0,0.0031113876789047915,1.0,1.0
EfficientNet-B0,1942,Tshirts,0.0007074136955291454,1.0,1.0,0.0014148273910582908,1.0,1.0
EfficientNet-B0,26883,Tshirts,0.0002829654782116582,0.4,0.4,0.0007074136955291454,0.5,0.3696428571428571
EfficientNet-B0,41529,Belts,0.006157635467980296,1.0,1.0,0.012315270935960592,1.0,1.0
EfficientNet-B0,55915,Nail Polish,0.01524390243902439,1.0,1.0,0.03048780487804878,1.0,1.0
EfficientNet-B0,19033,Flats,0.006012024048096192,0.6,0.52,0.012024048096192385,0.6,0.4255555555555556
EfficientNet-B0,25857,Casual Shoes,0.0017574692442882249,1.0,1.0,0.002460456942003515,0.7,0.6634920634920635
EfficientNet-B0,7880,Formal Shoes,0.006289308176100629,0.8,0.76,0.012578616352201259,0.8,0.7068253968253967
EfficientNet-B0,21269,Backpacks,0.006915629322268326,1.0,1.0,0.013831258644536652,1.0,1.0
EfficientNet-B0,14713,Trousers,0.00945179584120983,1.0,1.0,0.01890359168241966,1.0,1.0
EfficientNet-B0,13536,Sports Sandals,0.030303030303030304,0.4,0.27999999999999997,0.030303030303030304,0.2,0.13999999999999999
EfficientNet-B0,2353,Sports Shoes,0.002457002457002457,1.0,1.0,0.004914004914004914,1.0,1.0
EfficientNet-B0,23165,Tshirts,0.0007074136955291454,1.0,1.0,0.0014148273910582908,1.0,1.0
EfficientNet-B0,36073,Duffel Bag,0.05747126436781609,1.0,1.0,0.10344827586206896,0.9,0.9
EfficientNet-B0,43020,Briefs,0.00589622641509434,1.0,1.0,0.01179245283018868,1.0,1.0
EfficientNet-B0,14747,Shirts,0.0015556938394523958,1.0,1.0,0.0031113876789047915,1.0,1.0
EfficientNet-B0,34186,Tshirts,0.0002829654782116582,0.4,0.3,0.0007074136955291454,0.5,0.3196428571428571
EfficientNet-B0,54635,Watches,0.0019677292404565133,1.0,1.0,0.003935458480913027,1.0,1.0
EfficientNet-B0,39236,Tops,0.0028392958546280523,1.0,1.0,0.0056785917092561046,1.0,1.0
EfficientNet-B0,58691,Kurtas,0.0027129679869777536,1.0,1.0,0.005425935973955507,1.0,1.0
EfficientNet-B0,28388,Sunglasses,0.0046641791044776115,1.0,1.0,0.009328358208955223,1.0,1.0
EfficientNet-B0,23304,Kurtas,0.0005425935973955507,0.2,0.2,0.0010851871947911015,0.2,0.12857142857142856
EfficientNet-B0,32044,Socks,0.0072992700729927005,1.0,1.0,0.014598540145985401,1.0,1.0
EfficientNet-B0,24121,Casual Shoes,0.00070298769771529,0.4,0.3333333333333333,0.00140597539543058,0.4,0.24
EfficientNet-B0,16017,Scarves,0.0423728813559322,1.0,1.0,0.0847457627118644,1.0,1.0
EfficientNet-B0,29608,Shirts,0.0015556938394523958,1.0,1.0,0.0031113876789047915,1.0,1.0
EfficientNet-B0,23100,Accessory Gift Set,0.045454545454545456,1.0,1.0,0.09090909090909091,1.0,1.0
EfficientNet-B0,24741,Handbags,0.002844141069397042,1.0,1.0,0.005688282138794084,1.0,1.0
EfficientNet-B0,54604,Briefs,0.00589622641509434,1.0,1.0,0.01179245283018868,1.0,1.0
EfficientNet-B0,36089,Caps,0.01773049645390071,1.0,1.0,0.03546099290780142,1.0,1.0
EfficientNet-B0,29061,Tshirts,0.0007074136955291454,1.0,1.0,0.0011318619128466328,0.8,0.7621031746031746
EfficientNet-B0,49726,Ties,0.019083969465648856,1.0,1.0,0.03816793893129771,1.0,1.0
EfficientNet-B0,28711,Kurtas,0.002170374389582203,0.8,0.71,0.0048833423765599565,0.9,0.7904365079365079
EfficientNet-B0,42598,Shirts,0.0015556938394523958,1.0,1.0,0.0031113876789047915,1.0,1.0
EfficientNet-B0,28147,Innerwear Vests,0.016597510373443983,0.8,0.5433333333333333,0.024896265560165973,0.6,0.41809523809523813
EfficientNet-B0,9382,Casual Shoes,0.000351493848857645,0.2,0.1,0.00070298769771529,0.2,0.075
EfficientNet-B0,8406,Shorts,0.009157509157509158,1.0,1.0,0.014652014652014652,0.8,0.7675
EfficientNet-B0,5917,Casual Shoes,0.00070298769771529,0.4,0.3,0.00140597539543058,0.4,0.2571428571428571
EfficientNet-B0,13759,Shirts,0.0015556938394523958,1.0,1.0,0.0031113876789047915,1.0,1.0
EfficientNet-B0,45118,Watches,0.0019677292404565133,1.0,1.0,0.003935458480913027,1.0,1.0
EfficientNet-B0,5109,Tops,0.0005678591709256105,0.2,0.04,0.002271436683702442,0.4,0.13083333333333333
EfficientNet-B0,11448,Tops,0.002271436683702442,0.8,0.6433333333333333,0.0034071550255536627,0.6,0.45083333333333336
EfficientNet-B0,56975,Flats,0.006012024048096192,0.6,0.4833333333333333,0.006012024048096192,0.3,0.24166666666666664
EfficientNet-B0,33388,Wallets,0.0042780748663101605,0.8,0.76,0.008556149732620321,0.8,0.7068253968253967
EfficientNet-B0,18969,Sweaters,0.014492753623188406,0.8,0.71,0.025362318840579712,0.7,0.5714285714285714
EfficientNet-B0,40483,Sports Shoes,0.0019656019656019656,0.8,0.5433333333333333,0.0029484029484029483,0.6,0.43000000000000005
EfficientNet-B0,34354,Tshirts,0.0007074136955291454,1.0,1.0,0.0012733446519524619,0.9,0.9
EfficientNet-B0,22231,Formal Shoes,0.006289308176100629,0.8,0.5433333333333333,0.014150943396226415,0.9,0.7071031746031746
EfficientNet-B0,10135,Watches,0.0015741833923652105,0.8,0.6433333333333333,0.0035419126328217238,0.9,0.7571031746031747
EfficientNet-B0,3651,Sports Shoes,0.0009828009828009828,0.4,0.2333333333333333,0.002457002457002457,0.5,0.25396825396825395
EfficientNet-B0,57898,Tops,0.0017035775127768314,0.6,0.6,0.0034071550255536627,0.6,0.4726984126984126
EfficientNet-B0,18704,Briefs,0.0047169811320754715,0.8,0.5433333333333333,0.01061320754716981,0.9,0.7071031746031746
EfficientNet-B0,43468,Night suits,0.02857142857142857,0.8,0.76,0.06428571428571428,0.9,0.8154365079365078
EfficientNet-B0,28733,Kurtas,0.002170374389582203,0.8,0.71,0.004340748779164406,0.8,0.7004365079365078
EfficientNet-B0,40689,Formal Shoes,0.0031446540880503146,0.4,0.14666666666666667,0.007861635220125786,0.5,0.22174603174603175
EfficientNet-B0,22838,Casual Shoes,0.0017574692442882249,1.0,1.0,0.0035149384885764497,1.0,1.0
EfficientNet-B0,14330,Sports Shoes,0.0019656019656019656,0.8,0.5433333333333333,0.0034398034398034397,0.7,0.5000000000000001
EfficientNet-B0,46317,Watches,0.0019677292404565133,1.0,1.0,0.0035419126328217238,0.9,0.8788888888888889
EfficientNet-B0,38335,Tops,0.0,0.0,0.0,0.0005678591709256105,0.1,0.014285714285714285
EfficientNet-B0,52148,Tshirts,0.0007074136955291454,1.0,1.0,0.0014148273910582908,1.0,1.0
EfficientNet-B0,28705,Kurtas,0.0005425935973955507,0.2,0.1,0.0016277807921866521,0.3,0.10500000000000001
EfficientNet-B0,5904,Casual Shoes,0.000351493848857645,0.2,0.04,0.001054481546572935,0.3,0.075
EfficientNet-B0,41907,Fragrance Gift Set,0.05357142857142857,0.6,0.6,0.05357142857142857,0.3,0.3
EfficientNet-B0,55194,Nail Polish,0.009146341463414634,0.6,0.6,0.018292682926829267,0.6,0.4891666666666666
EfficientNet-B0,6776,Tshirts,0.0007074136955291454,1.0,1.0,0.0014148273910582908,1.0,1.0
EfficientNet-B0,19089,Kurtas,0.0010851871947911015,0.4,0.4,0.0027129679869777536,0.5,0.3555555555555555
EfficientNet-B0,27786,Wallets,0.0053475935828877,1.0,1.0,0.0106951871657754,1.0,1.0
EfficientNet-B0,31273,Tshirts,0.0007074136955291454,1.0,1.0,0.0014148273910582908,1.0,1.0
EfficientNet-B0,2746,Tshirts,0.0001414827391058291,0.2,0.1,0.0005659309564233164,0.4,0.16619047619047617
EfficientNet-B0,28968,Kurta Sets,0.03225806451612903,0.6,0.6,0.06451612903225806,0.6,0.4863095238095238
EfficientNet-B0,16032,Shirts,0.0015556938394523958,1.0,1.0,0.0031113876789047915,1.0,1.0
EfficientNet-B0,41331,Dupatta,0.0,0.0,0.0,0.008695652173913044,0.1,0.016666666666666666
EfficientNet-B0,22663,Backpacks,0.006915629322268326,1.0,1.0,0.013831258644536652,1.0,1.0
EfficientNet-B0,39019,Watches,0.0019677292404565133,1.0,1.0,0.003935458480913027,1.0,1.0
EfficientNet-B0,56140,Eyeshadow,0.07317073170731707,0.6,0.6,0.17073170731707318,0.7,0.5908730158730158
EfficientNet-B0,53056,Sarees,0.011737089201877934,1.0,1.0,0.023474178403755867,1.0,1.0
EfficientNet-B0,19678,Tops,0.001135718341851221,0.4,0.3333333333333333,0.002271436683702442,0.4,0.26666666666666666
EfficientNet-B0,21274,Sunglasses,0.0046641791044776115,1.0,1.0,0.009328358208955223,1.0,1.0
EfficientNet-B0,3065,Tshirts,0.0007074136955291454,1.0,1.0,0.0014148273910582908,1.0,1.0
EfficientNet-B0,43290,Handbags,0.002844141069397042,1.0,1.0,0.005688282138794084,1.0,1.0
EfficientNet-B0,32238,Kurtas,0.0027129679869777536,1.0,1.0,0.0048833423765599565,0.9,0.8521031746031745
EfficientNet-B0,56917,Heels,0.0015128593040847202,0.4,0.14666666666666667,0.0030257186081694403,0.4,0.16777777777777778
EfficientNet-B0,38968,Rucksacks,0.3,0.6,0.35333333333333333,0.6,0.6,0.3814285714285714
EfficientNet-B0,5395,Sports Shoes,0.0014742014742014742,0.6,0.2866666666666666,0.002457002457002457,0.5,0.2814285714285714
EfficientNet-B0,45160,Watches,0.0019677292404565133,1.0,1.0,0.003935458480913027,1.0,1.0
EfficientNet-B0,30557,Sunglasses,0.0046641791044776115,1.0,1.0,0.009328358208955223,1.0,1.0
EfficientNet-B0,55796,Night suits,0.02857142857142857,0.8,0.8,0.05714285714285714,0.8,0.7268253968253967
EfficientNet-B0,11620,Kurtas,0.0016277807921866521,0.6,0.4833333333333333,0.0037981551817688553,0.7,0.5075000000000001
EfficientNet-B0,33570,Tshirts,0.0007074136955291454,1.0,1.0,0.0012733446519524619,0.9,0.8788888888888889
EfficientNet-B0,21628,Bra,0.01050420168067227,1.0,1.0,0.02100840336134454,1.0,1.0
EfficientNet-B0,22891,Sandals,0.005580357142857143,1.0,1.0,0.010044642857142858,0.9,0.89
EfficientNet-B0,2947,Tops,0.002271436683702442,0.8,0.6433333333333333,0.003975014196479273,0.7,0.55
EfficientNet-B0,16862,Sunglasses,0.0046641791044776115,1.0,1.0,0.009328358208955223,1.0,1.0
EfficientNet-B0,40272,Tshirts,0.0007074136955291454,1.0,1.0,0.0014148273910582908,1.0,1.0
EfficientNet-B0,53457,Heels,0.0037821482602118004,1.0,1.0,0.00529500756429652,0.7,0.6732142857142857
EfficientNet-B0,32236,Kurtas,0.0016277807921866521,0.6,0.2866666666666666,0.0032555615843733042,0.6,0.3088888888888889
EfficientNet-B0,50828,Wallets,0.0053475935828877,1.0,1.0,0.0106951871657754,1.0,1.0
EfficientNet-B0,11616,Kurtas,0.0027129679869777536,1.0,1.0,0.005425935973955507,1.0,1.0
EfficientNet-B0,32209,Kurtas,0.0027129679869777536,1.0,1.0,0.0048833423765599565,0.9,0.89
EfficientNet-B0,58246,Wallets,0.0053475935828877,1.0,1.0,0.008556149732620321,0.8,0.7675
EfficientNet-B0,31216,Casual Shoes,0.001054481546572935,0.6,0.52,0.0017574692442882249,0.5,0.37666666666666665
EfficientNet-B0,7251,Casual Shoes,0.000351493848857645,0.2,0.06666666666666667,0.00140597539543058,0.4,0.13999999999999999
EfficientNet-B0,17182,Shirts,0.0015556938394523958,1.0,1.0,0.0031113876789047915,1.0,1.0
EfficientNet-B0,53808,Kurtas,0.0016277807921866521,0.6,0.3833333333333333,0.0037981551817688553,0.7,0.4825396825396825
EfficientNet-B0,9931,Tshirts,0.0007074136955291454,1.0,1.0,0.0014148273910582908,1.0,1.0
EfficientNet-B0,50448,Briefs,0.00589622641509434,1.0,1.0,0.01179245283018868,1.0,1.0
EfficientNet-B0,33328,Shirts,0.0015556938394523958,1.0,1.0,0.0031113876789047915,1.0,1.0
EfficientNet-B0,1951,Sports Shoes,0.0009828009828009828,0.4,0.2,0.0014742014742014742,0.3,0.14285714285714285
EfficientNet-B0,56921,Heels,0.0007564296520423601,0.2,0.1,0.0007564296520423601,0.1,0.05
EfficientNet-B0,6946,Tshirts,0.0007074136955291454,1.0,1.0,0.0014148273910582908,1.0,1.0
EfficientNet-B0,4488,Sports Shoes,0.0009828009828009828,0.4,0.2333333333333333,0.0014742014742014742,0.3,0.14999999999999997
EfficientNet-B0,39027,Watches,0.0019677292404565133,1.0,1.0,0.003935458480913027,1.0,1.0
EfficientNet-B0,38591,Tshirts,0.0005659309564233164,0.8,0.71,0.0011318619128466328,0.8,0.671111111111111
EfficientNet-B0,47033,Kurtas,0.0016277807921866521,0.6,0.35333333333333333,0.002170374389582203,0.4,0.22666666666666666
EfficientNet-B0,26838,Trousers,0.00945179584120983,1.0,1.0,0.017013232514177693,0.9,0.8521031746031745
EfficientNet-B0,17929,Track Pants,0.0165016501650165,1.0,1.0,0.033003300330033,1.0,1.0
EfficientNet-B0,34535,Formal Shoes,0.007861635220125786,1.0,1.0,0.014150943396226415,0.9,0.9
EfficientNet-B0,46549,Watches,0.0019677292404565133,1.0,1.0,0.003935458480913027,1.0,1.0
EfficientNet-B0,1599,Handbags,0.002844141069397042,1.0,1.0,0.005688282138794084,1.0,1.0
EfficientNet-B0,30159,Wallets,0.0053475935828877,1.0,1.0,0.0106951871657754,1.0,1.0
EfficientNet-B0,57299,Heels,0.0,0.0,0.0,0.0007564296520423601,0.1,0.0125
EfficientNet-B0,6748,Sports Shoes,0.0009828009828009828,0.4,0.3333333333333333,0.0034398034398034397,0.7,0.47297619047619055
EfficientNet-B0,59767,Earrings,0.009615384615384616,0.8,0.8,0.016826923076923076,0.7,0.6283333333333333
EfficientNet-B0,26493,Tshirts,0.0007074136955291454,1.0,1.0,0.0014148273910582908,1.0,1.0
EfficientNet-B0,15477,Tshirts,0.0007074136955291454,1.0,1.0,0.0014148273910582908,1.0,1.0
EfficientNet-B0,21014,Wallets,0.0,0.0,0.0,0.0021390374331550803,0.2,0.03888888888888888
EfficientNet-B0,15228,Casual Shoes,0.001054481546572935,0.6,0.52,0.00140597539543058,0.4,0.32666666666666666
EfficientNet-B0,36298,Kurtas,0.0005425935973955507,0.2,0.2,0.0027129679869777536,0.5,0.26051587301587303
EfficientNet-B0,14755,Shirts,0.0015556938394523958,1.0,1.0,0.0031113876789047915,1.0,1.0
EfficientNet-B0,25644,Watches,0.0019677292404565133,1.0,1.0,0.003935458480913027,1.0,1.0
EfficientNet-B0,16466,Shirts,0.0015556938394523958,1.0,1.0,0.0031113876789047915,1.0,1.0
EfficientNet-B0,26809,Trousers,0.00945179584120983,1.0,1.0,0.01890359168241966,1.0,1.0
EfficientNet-B0,26207,Perfume and Body Mist,0.0032626427406199023,0.4,0.4,0.0065252854812398045,0.4,0.29444444444444445
EfficientNet-B0,33183,Tunics,0.0,0.0,0.0,0.0043859649122807015,0.1,0.0125
EfficientNet-B0,40643,Kurtas,0.0016277807921866521,0.6,0.4833333333333333,0.002170374389582203,0.4,0.2861111111111111
EfficientNet-B0,45331,Heels,0.0030257186081694403,0.8,0.76,0.00529500756429652,0.7,0.619047619047619
EfficientNet-B0,53608,Watches,0.0019677292404565133,1.0,1.0,0.0035419126328217238,0.9,0.8521031746031745
EfficientNet-B0,54049,Jeggings,0.030303030303030304,0.2,0.1,0.06060606060606061,0.2,0.07857142857142857
EfficientNet-B0,41796,Tunics,0.0,0.0,0.0,0.0,0.0,0.0
EfficientNet-B0,10306,Casual Shoes,0.001054481546572935,0.6,0.52,0.00210896309314587,0.6,0.4647619047619048
EfficientNet-B0,33184,Tops,0.002271436683702442,0.8,0.76,0.0034071550255536627,0.6,0.5383333333333333
EfficientNet-B0,3496,Sports Shoes,0.0004914004914004914,0.2,0.2,0.0014742014742014742,0.3,0.15833333333333333
EfficientNet-B0,42583,Waistcoat,0.0,0.0,0.0,0.0,0.0,0.0
EfficientNet-B0,57435,Tshirts,0.0007074136955291454,1.0,1.0,0.0012733446519524619,0.9,0.866388888888889
EfficientNet-B0,7452,Tshirts,0.0007074136955291454,1.0,1.0,0.0014148273910582908,1.0,1.0
EfficientNet-B0,43207,Watches,0.0019677292404565133,1.0,1.0,0.003935458480913027,1.0,1.0
EfficientNet-B0,3604,Casual Shoes,0.0017574692442882249,1.0,1.0,0.0035149384885764497,1.0,1.0
EfficientNet-B0,54674,Watches,0.0019677292404565133,1.0,1.0,0.0035419126328217238,0.9,0.9
EfficientNet-B0,31217,Casual Shoes,0.0017574692442882249,1.0,1.0,0.003163444639718805,0.9,0.866388888888889
EfficientNet-B0,13523,Tops,0.0005678591709256105,0.2,0.05,0.001135718341851221,0.2,0.05833333333333333
EfficientNet-B0,46721,Perfume and Body Mist,0.008156606851549755,1.0,1.0,0.01468189233278956,0.9,0.8788888888888889
EfficientNet-B0,8643,Sunglasses,0.0046641791044776115,1.0,1.0,0.009328358208955223,1.0,1.0
EfficientNet-B0,17980,Casual Shoes,0.0017574692442882249,1.0,1.0,0.003163444639718805,0.9,0.89
EfficientNet-B0,28305,Sunglasses,0.0046641791044776115,1.0,1.0,0.009328358208955223,1.0,1.0
EfficientNet-B0,55331,Hair Colour,0.2777777777777778,1.0,1.0,0.5555555555555556,1.0,1.0
EfficientNet-B0,52114,Tops,0.0028392958546280523,1.0,1.0,0.004542873367404884,0.8,0.7675
EfficientNet-B0,52928,Sarees,0.009389671361502348,0.8,0.71,0.014084507042253521,0.6,0.4841666666666667
EfficientNet-B0,32495,Casual Shoes,0.00140597539543058,0.8,0.76,0.003163444639718805,0.9,0.8154365079365078
EfficientNet-B0,43402,Socks,0.0072992700729927005,1.0,1.0,0.014598540145985401,1.0,1.0
EfficientNet-B0,43059,Tshirts,0.0007074136955291454,1.0,1.0,0.0014148273910582908,1.0,1.0
EfficientNet-B0,50688,Trunk,0.02877697841726619,0.8,0.71,0.02877697841726619,0.4,0.355
EfficientNet-B0,23989,Shirts,0.0015556938394523958,1.0,1.0,0.0031113876789047915,1.0,1.0
EfficientNet-B0,17710,Casual Shoes,0.0017574692442882249,1.0,1.0,0.003163444639718805,0.9,0.9
EfficientNet-B0,27718,Handbags,0.002844141069397042,1.0,1.0,0.005688282138794084,1.0,1.0
EfficientNet-B0,51754,Casual Shoes,0.001054481546572935,0.6,0.6,0.0017574692442882249,0.5,0.4
EfficientNet-B0,21611,Bra,0.01050420168067227,1.0,1.0,0.02100840336134454,1.0,1.0
EfficientNet-B0,17989,Belts,0.006157635467980296,1.0,1.0,0.012315270935960592,1.0,1.0
EfficientNet-B0,44272,Wallets,0.0053475935828877,1.0,1.0,0.0106951871657754,1.0,1.0
EfficientNet-B0,53493,Bra,0.01050420168067227,1.0,1.0,0.02100840336134454,1.0,1.0
EfficientNet-B0,30338,Tshirts,0.0007074136955291454,1.0,1.0,0.0014148273910582908,1.0,1.0
EfficientNet-B0,53458,Heels,0.0022692889561270802,0.6,0.6,0.0030257186081694403,0.4,0.3571428571428571
EfficientNet-B0,58612,Earrings,0.01201923076923077,1.0,1.0,0.021634615384615384,0.9,0.866388888888889
EfficientNet-B0,4884,Tops,0.0017035775127768314,0.6,0.6,0.002271436683702442,0.4,0.36666666666666664
EfficientNet-B0,3893,Tshirts,0.0007074136955291454,1.0,1.0,0.0014148273910582908,1.0,1.0
EfficientNet-B0,58304,Socks,0.0072992700729927005,1.0,1.0,0.014598540145985401,1.0,1.0
EfficientNet-B0,27807,Belts,0.006157635467980296,1.0,1.0,0.012315270935960592,1.0,1.0
EfficientNet-B0,19734,Shirts,0.00031113876789047915,0.2,0.04,0.00031113876789047915,0.1,0.02
EfficientNet-B0,59646,Sarees,0.007042253521126761,0.6,0.35333333333333333,0.011737089201877934,0.5,0.2963095238095238
EfficientNet-B0,24820,Casual Shoes,0.0017574692442882249,1.0,1.0,0.0035149384885764497,1.0,1.0
EfficientNet-B0,27004,Jeggings,0.0,0.0,0.0,0.0,0.0,0.0
EfficientNet-B0,9880,Shirts,0.0015556938394523958,1.0,1.0,0.0031113876789047915,1.0,1.0
EfficientNet-B0,40592,Kurtas,0.002170374389582203,0.8,0.5433333333333333,0.0037981551817688553,0.7,0.47976190476190483
EfficientNet-B0,16929,Sweatshirts,0.0035211267605633804,0.2,0.04,0.01056338028169014,0.3,0.0819047619047619
EfficientNet-B0,16327,Shirts,0.0015556938394523958,1.0,1.0,0.0031113876789047915,1.0,1.0
EfficientNet-B0,43919,Dresses,0.0021598272138228943,0.2,0.1,0.008639308855291577,0.4,0.15607142857142856
EfficientNet-B0,46691,Perfume and Body Mist,0.0032626427406199023,0.4,0.3333333333333333,0.008156606851549755,0.5,0.32936507936507936
EfficientNet-B0,59017,Flip Flops,0.002185792349726776,0.4,0.3333333333333333,0.004371584699453552,0.4,0.2595238095238095
EfficientNet-B0,9084,Track Pants,0.0165016501650165,1.0,1.0,0.026402640264026403,0.8,0.7763888888888889
EfficientNet-B0,42699,Flats,0.004008016032064128,0.4,0.27999999999999997,0.006012024048096192,0.3,0.1733333333333333
EfficientNet-B0,21132,Tops,0.002271436683702442,0.8,0.5433333333333333,0.003975014196479273,0.7,0.5184920634920636
EfficientNet-B0,30040,Watches,0.0019677292404565133,1.0,1.0,0.003935458480913027,1.0,1.0
EfficientNet-B0,57380,Briefs,0.00589622641509434,1.0,1.0,0.01061320754716981,0.9,0.89
EfficientNet-B0,41681,Heels,0.0037821482602118004,1.0,1.0,0.00680786686838124,0.9,0.8788888888888889
EfficientNet-B0,21556,Handbags,0.002844141069397042,1.0,1.0,0.005688282138794084,1.0,1.0
EfficientNet-B0,6463,Flip Flops,0.00546448087431694,1.0,1.0,0.01092896174863388,1.0,1.0
EfficientNet-B0,18411,Sports Shoes,0.0009828009828009828,0.4,0.4,0.0029484029484029483,0.6,0.4296428571428571
EfficientNet-B0,43789,Earrings,0.01201923076923077,1.0,1.0,0.02403846153846154,1.0,1.0
EfficientNet-B0,40568,Kurtas,0.002170374389582203,0.8,0.5433333333333333,0.0037981551817688553,0.7,0.5282142857142857
EfficientNet-B0,49849,Watches,0.0019677292404565133,1.0,1.0,0.003935458480913027,1.0,1.0
EfficientNet-B0,50158,Heels,0.0037821482602118004,1.0,1.0,0.006051437216338881,0.8,0.7434920634920634
EfficientNet-B0,45217,Watches,0.0019677292404565133,1.0,1.0,0.003935458480913027,1.0,1.0
EfficientNet-B0,40557,Watches,0.0019677292404565133,1.0,1.0,0.003935458480913027,1.0,1.0
EfficientNet-B0,21938,Handbags,0.002844141069397042,1.0,1.0,0.005688282138794084,1.0,1.0
EfficientNet-B0,22311,Heels,0.0037821482602118004,1.0,1.0,0.006051437216338881,0.8,0.8
EfficientNet-B0,8731,Shirts,0.0012445550715619166,0.8,0.8,0.0021779713752333543,0.7,0.6283333333333333
EfficientNet-B0,44907,Tshirts,0.0007074136955291454,1.0,1.0,0.0014148273910582908,1.0,1.0
EfficientNet-B0,18240,Tshirts,0.0007074136955291454,1.0,1.0,0.0014148273910582908,1.0,1.0
EfficientNet-B0,36716,Tshirts,0.0007074136955291454,1.0,1.0,0.0014148273910582908,1.0,1.0
EfficientNet-B0,11550,Kurtas,0.0027129679869777536,1.0,1.0,0.005425935973955507,1.0,1.0
EfficientNet-B0,6036,Tshirts,0.0005659309564233164,0.8,0.76,0.0009903791737408036,0.7,0.6042063492063492
EfficientNet-B0,17005,Flats,0.004008016032064128,0.4,0.3,0.006012024048096192,0.3,0.1875
EfficientNet-B0,3120,Tshirts,0.0007074136955291454,1.0,1.0,0.0014148273910582908,1.0,1.0
EfficientNet-B0,9628,Shirts,0.0015556938394523958,1.0,1.0,0.0028002489110143126,0.9,0.89
EfficientNet-B0,50550,Boxers,0.0,0.0,0.0,0.0,0.0,0.0
EfficientNet-B0,5879,Tshirts,0.0005659309564233164,0.8,0.6433333333333333,0.0008488964346349745,0.6,0.49071428571428566
EfficientNet-B0,16513,Jeans,0.008237232289950576,1.0,1.0,0.016474464579901153,1.0,1.0
EfficientNet-B0,34471,Sports Sandals,0.06060606060606061,0.8,0.76,0.09090909090909091,0.6,0.53
EfficientNet-B0,12147,Kurtis,0.004291845493562232,0.2,0.2,0.004291845493562232,0.1,0.1
EfficientNet-B0,9218,Casual Shoes,0.00140597539543058,0.8,0.6433333333333333,0.003163444639718805,0.9,0.7571031746031747
EfficientNet-B0,37200,Jeans,0.008237232289950576,1.0,1.0,0.016474464579901153,1.0,1.0
EfficientNet-B0,54104,Flats,0.004008016032064128,0.4,0.16666666666666666,0.008016032064128256,0.4,0.15666666666666665
EfficientNet-B0,49489,Casual Shoes,0.0017574692442882249,1.0,1.0,0.0035149384885764497,1.0,1.0
EfficientNet-B0,30673,Sunglasses,0.0046641791044776115,1.0,1.0,0.009328358208955223,1.0,1.0
EfficientNet-B0,43381,Flip Flops,0.00546448087431694,1.0,1.0,0.009836065573770493,0.9,0.9
EfficientNet-B0,26716,Tshirts,0.0007074136955291454,1.0,1.0,0.0014148273910582908,1.0,1.0
EfficientNet-B0,43178,Watches,0.0019677292404565133,1.0,1.0,0.003935458480913027,1.0,1.0
EfficientNet-B0,32329,Watches,0.0019677292404565133,1.0,1.0,0.003935458480913027,1.0,1.0
EfficientNet-B0,53114,Tshirts,0.0007074136955291454,1.0,1.0,0.0014148273910582908,1.0,1.0
EfficientNet-B0,12372,Shirts,0.0015556938394523958,1.0,1.0,0.0031113876789047915,1.0,1.0
EfficientNet-B0,36321,Tshirts,0.0007074136955291454,1.0,1.0,0.0012733446519524619,0.9,0.8521031746031745
EfficientNet-B0,25736,Wallets,0.0053475935828877,1.0,1.0,0.0106951871657754,1.0,1.0
EfficientNet-B0,14627,Tops,0.0017035775127768314,0.6,0.55,0.0034071550255536627,0.6,0.4797619047619047
EfficientNet-B0,1871,Tshirts,0.0007074136955291454,1.0,1.0,0.0014148273910582908,1.0,1.0
EfficientNet-B0,15954,Ties,0.019083969465648856,1.0,1.0,0.03816793893129771,1.0,1.0
EfficientNet-B0,29130,Sunglasses,0.0046641791044776115,1.0,1.0,0.009328358208955223,1.0,1.0
EfficientNet-B0,45872,Watches,0.0019677292404565133,1.0,1.0,0.003935458480913027,1.0,1.0
EfficientNet-B0,57582,Lipstick,0.01592356687898089,1.0,1.0,0.03184713375796178,1.0,1.0
EfficientNet-B0,41245,Belts,0.006157635467980296,1.0,1.0,0.012315270935960592,1.0,1.0
EfficientNet-B0,54936,Tshirts,0.0001414827391058291,0.2,0.1,0.0002829654782116582,0.2,0.07857142857142857
EfficientNet-B0,46897,Deodorant,0.005780346820809248,0.4,0.3,0.017341040462427744,0.6,0.37269841269841264
EfficientNet-B0,47179,Sandals,0.005580357142857143,1.0,1.0,0.010044642857142858,0.9,0.89
EfficientNet-B0,56239,Night suits,0.02857142857142857,0.8,0.8,0.05,0.7,0.62
EfficientNet-B0,58961,Perfume and Body Mist,0.0065252854812398045,0.8,0.76,0.009787928221859706,0.6,0.5114285714285713
EfficientNet-B0,57743,Foundation and Primer,0.06666666666666667,1.0,1.0,0.06666666666666667,0.5,0.5
EfficientNet-B0,31551,Casual Shoes,0.001054481546572935,0.6,0.32,0.002460456942003515,0.7,0.45087301587301587
EfficientNet-B0,2256,Tshirts,0.0005659309564233164,0.8,0.8,0.0012733446519524619,0.9,0.8354365079365079
EfficientNet-B0,26720,Tshirts,0.0007074136955291454,1.0,1.0,0.0012733446519524619,0.9,0.8521031746031745
EfficientNet-B0,25952,Scarves,0.0423728813559322,1.0,1.0,0.0847457627118644,1.0,1.0
EfficientNet-B0,53328,Boxers,0.09803921568627451,1.0,1.0,0.17647058823529413,0.9,0.89
EfficientNet-B0,21559,Handbags,0.002844141069397042,1.0,1.0,0.004550625711035267,0.8,0.788888888888889
EfficientNet-B0,32972,Tshirts,0.0007074136955291454,1.0,1.0,0.0014148273910582908,1.0,1.0
EfficientNet-B0,51047,Bra,0.01050420168067227,1.0,1.0,0.02100840336134454,1.0,1.0
EfficientNet-B0,20686,Casual Shoes,0.001054481546572935,0.6,0.3833333333333333,0.0017574692442882249,0.5,0.2988095238095238
EfficientNet-B0,44939,Formal Shoes,0.006289308176100629,0.8,0.6433333333333333,0.012578616352201259,0.8,0.6377777777777778
EfficientNet-B0,57344,Bra,0.01050420168067227,1.0,1.0,0.02100840336134454,1.0,1.0
EfficientNet-B0,25764,Suspenders,0.1282051282051282,1.0,1.0,0.2564102564102564,1.0,1.0
EfficientNet-B0,8505,Socks,0.0072992700729927005,1.0,1.0,0.013138686131386862,0.9,0.89
EfficientNet-B0,49074,Nail Polish,0.01524390243902439,1.0,1.0,0.03048780487804878,1.0,1.0
EfficientNet-B0,56854,Shirts,0.0015556938394523958,1.0,1.0,0.0028002489110143126,0.9,0.89
EfficientNet-B0,4758,Tshirts,0.0007074136955291454,1.0,1.0,0.0012733446519524619,0.9,0.866388888888889
EfficientNet-B0,9611,Shirts,0.0015556938394523958,1.0,1.0,0.0031113876789047915,1.0,1.0
EfficientNet-B0,29733,Handbags,0.002844141069397042,1.0,1.0,0.005688282138794084,1.0,1.0
EfficientNet-B0,23494,Casual Shoes,0.00140597539543058,0.8,0.8,0.002460456942003515,0.7,0.6283333333333333
EfficientNet-B0,18883,Shirts,0.0015556938394523958,1.0,1.0,0.0028002489110143126,0.9,0.8788888888888889
EfficientNet-B0,6666,Flip Flops,0.00546448087431694,1.0,1.0,0.009836065573770493,0.9,0.866388888888889
EfficientNet-B0,9071,Shirts,0.0015556938394523958,1.0,1.0,0.0031113876789047915,1.0,1.0
EfficientNet-B0,36987,Clutches,0.0034602076124567475,0.2,0.2,0.010380622837370242,0.3,0.17083333333333334
EfficientNet-B0,7776,Casual Shoes,0.0017574692442882249,1.0,1.0,0.003163444639718805,0.9,0.8788888888888889
EfficientNet-B0,17697,Casual Shoes,0.0017574692442882249,1.0,1.0,0.0035149384885764497,1.0,1.0
EfficientNet-B0,56061,Lip Gloss,0.03496503496503497,1.0,1.0,0.06993006993006994,1.0,1.0
EfficientNet-B0,23035,Shirts,0.0015556938394523958,1.0,1.0,0.0031113876789047915,1.0,1.0
EfficientNet-B0,4332,Sports Shoes,0.002457002457002457,1.0,1.0,0.004422604422604423,0.9,0.866388888888889
EfficientNet-B0,5684,Casual Shoes,0.0017574692442882249,1.0,1.0,0.0035149384885764497,1.0,1.0
EfficientNet-B0,48994,Ring,0.042735042735042736,1.0,1.0,0.08547008547008547,1.0,1.0
EfficientNet-B0,35938,Sports Shoes,0.002457002457002457,1.0,1.0,0.003931203931203931,0.8,0.78
EfficientNet-B0,43184,Watches,0.0015741833923652105,0.8,0.8,0.0035419126328217238,0.9,0.8354365079365079
EfficientNet-B0,46066,Belts,0.006157635467980296,1.0,1.0,0.012315270935960592,1.0,1.0
EfficientNet-B0,13264,Skirts,0.023622047244094488,0.6,0.42000000000000004,0.05511811023622047,0.7,0.5008730158730159
EfficientNet-B0,50755,Sandals,0.005580357142857143,1.0,1.0,0.011160714285714286,1.0,1.0
EfficientNet-B0,9022,Flip Flops,0.001092896174863388,0.2,0.04,0.002185792349726776,0.2,0.04
EfficientNet-B0,3518,Tshirts,0.0007074136955291454,1.0,1.0,0.0014148273910582908,1.0,1.0
EfficientNet-B0,54568,Kurtas,0.0016277807921866521,0.6,0.4533333333333333,0.0037981551817688553,0.7,0.5175396825396825
EfficientNet-B0,38416,Belts,0.006157635467980296,1.0,1.0,0.012315270935960592,1.0,1.0
EfficientNet-B0,43389,Wallets,0.0053475935828877,1.0,1.0,0.0106951871657754,1.0,1.0
EfficientNet-B0,39530,Bra,0.01050420168067227,1.0,1.0,0.02100840336134454,1.0,1.0
EfficientNet-B0,39968,Casual Shoes,0.0017574692442882249,1.0,1.0,0.003163444639718805,0.9,0.8521031746031745
EfficientNet-B0,42899,Belts,0.006157635467980296,1.0,1.0,0.012315270935960592,1.0,1.0
EfficientNet-B0,34217,Tshirts,0.0007074136955291454,1.0,1.0,0.0014148273910582908,1.0,1.0
EfficientNet-B0,48933,Ring,0.042735042735042736,1.0,1.0,0.08547008547008547,1.0,1.0
EfficientNet-B0,3712,Tshirts,0.0005659309564233164,0.8,0.5433333333333333,0.0011318619128466328,0.8,0.6171031746031745
EfficientNet-B0,4361,Tshirts,0.0007074136955291454,1.0,1.0,0.0014148273910582908,1.0,1.0
EfficientNet-B0,2895,Heels,0.0015128593040847202,0.4,0.27999999999999997,0.0022692889561270802,0.3,0.1733333333333333
EfficientNet-B0,31337,Jeans,0.008237232289950576,1.0,1.0,0.016474464579901153,1.0,1.0
EfficientNet-B0,32780,Tshirts,0.0007074136955291454,1.0,1.0,0.0014148273910582908,1.0,1.0
EfficientNet-B0,22176,Sports Sandals,0.015151515151515152,0.2,0.2,0.030303030303030304,0.2,0.12857142857142856
EfficientNet-B0,6064,Tshirts,0.0007074136955291454,1.0,1.0,0.0014148273910582908,1.0,1.0
EfficientNet-B0,17433,Watches,0.0019677292404565133,1.0,1.0,0.003935458480913027,1.0,1.0
EfficientNet-B0,37206,Jeans,0.008237232289950576,1.0,1.0,0.016474464579901153,1.0,1.0
EfficientNet-B0,45289,Watches,0.0019677292404565133,1.0,1.0,0.003935458480913027,1.0,1.0
EfficientNet-B0,42890,Handbags,0.0005688282138794084,0.2,0.2,0.0011376564277588168,0.2,0.12
EfficientNet-B0,40991,Tops,0.0017035775127768314,0.6,0.55,0.0028392958546280523,0.5,0.41309523809523807
EfficientNet-B0,48902,Pendant,0.02857142857142857,1.0,1.0,0.05714285714285714,1.0,1.0
EfficientNet-B0,42636,Bracelet,0.07692307692307693,1.0,1.0,0.15384615384615385,1.0,1.0
EfficientNet-B0,17262,Tshirts,0.0007074136955291454,1.0,1.0,0.0014148273910582908,1.0,1.0
EfficientNet-B0,22171,Sandals,0.0033482142857142855,0.6,0.35333333333333333,0.006696428571428571,0.6,0.36297619047619045
EfficientNet-B0,13252,Shirts,0.0012445550715619166,0.8,0.76,0.0028002489110143126,0.9,0.8154365079365078
EfficientNet-B0,41275,Wallets,0.0053475935828877,1.0,1.0,0.0106951871657754,1.0,1.0
EfficientNet-B0,44535,Sandals,0.004464285714285714,0.8,0.6433333333333333,0.010044642857142858,0.9,0.7571031746031747
EfficientNet-B0,28480,Tshirts,0.0007074136955291454,1.0,1.0,0.0014148273910582908,1.0,1.0
EfficientNet-B0,18894,Dresses,0.004319654427645789,0.4,0.3333333333333333,0.0064794816414686825,0.3,0.2095238095238095
EfficientNet-B0,18860,Tshirts,0.0007074136955291454,1.0,1.0,0.0009903791737408036,0.7,0.6732142857142857
EfficientNet-B0,15327,Tshirts,0.0007074136955291454,1.0,1.0,0.0014148273910582908,1.0,1.0
EfficientNet-B0,10458,Tshirts,0.0007074136955291454,1.0,1.0,0.0014148273910582908,1.0,1.0
EfficientNet-B0,49097,Compact,0.0625,0.6,0.6,0.0625,0.3,0.3
EfficientNet-B0,30067,Watches,0.0019677292404565133,1.0,1.0,0.003935458480913027,1.0,1.0
EfficientNet-B0,24655,Socks,0.0072992700729927005,1.0,1.0,0.014598540145985401,1.0,1.0
EfficientNet-B0,56611,Compact,0.08333333333333333,0.8,0.8,0.14583333333333334,0.7,0.639047619047619
EfficientNet-B0,14696,Trousers,0.007561436672967864,0.8,0.8,0.013232514177693762,0.7,0.5991666666666667
EfficientNet-B0,39922,Laptop Bag,0.037037037037037035,0.6,0.4533333333333333,0.06172839506172839,0.5,0.3211111111111111
EfficientNet-B0,32159,Socks,0.0072992700729927005,1.0,1.0,0.014598540145985401,1.0,1.0
EfficientNet-B0,7139,Shirts,0.0012445550715619166,0.8,0.8,0.0015556938394523958,0.5,0.4833333333333333
EfficientNet-B0,37887,Socks,0.0072992700729927005,1.0,1.0,0.014598540145985401,1.0,1.0
EfficientNet-B0,5804,Jeans,0.004942339373970346,0.6,0.42000000000000004,0.006589785831960461,0.4,0.27666666666666667
EfficientNet-B0,33082,Tshirts,0.0007074136955291454,1.0,1.0,0.0014148273910582908,1.0,1.0
EfficientNet-B0,40570,Kurtas,0.002170374389582203,0.8,0.5433333333333333,0.004340748779164406,0.8,0.5984920634920635
EfficientNet-B0,23446,Kurtis,0.0,0.0,0.0,0.0,0.0,0.0
EfficientNet-B0,2677,Tshirts,0.0007074136955291454,1.0,1.0,0.0014148273910582908,1.0,1.0
EfficientNet-B0,44781,Casual Shoes,0.001054481546572935,0.6,0.2866666666666666,0.002460456942003515,0.7,0.43420634920634915
EfficientNet-B0,17674,Flats,0.008016032064128256,0.8,0.76,0.008016032064128256,0.4,0.38
EfficientNet-B0,10035,Sports Shoes,0.002457002457002457,1.0,1.0,0.004914004914004914,1.0,1.0
EfficientNet-B0,19517,Sweaters,0.0,0.0,0.0,0.0,0.0,0.0
EfficientNet-B0,11910,Formal Shoes,0.007861635220125786,1.0,1.0,0.014150943396226415,0.9,0.89
EfficientNet-B0,49603,Heels,0.0022692889561270802,0.6,0.35333333333333333,0.0045385779122541605,0.6,0.37476190476190474
EfficientNet-B0,48341,Necklace and Chains,0.031446540880503145,1.0,1.0,0.06289308176100629,1.0,1.0
EfficientNet-B0,59293,Watches,0.0019677292404565133,1.0,1.0,0.003935458480913027,1.0,1.0
EfficientNet-B0,41608,Shirts,0.0015556938394523958,1.0,1.0,0.0031113876789047915,1.0,1.0
EfficientNet-B0,40381,Tops,0.0005678591709256105,0.2,0.1,0.001135718341851221,0.2,0.075
EfficientNet-B0,12160,Leggings,0.022727272727272728,0.8,0.6433333333333333,0.05113636363636364,0.9,0.7571031746031747
EfficientNet-B0,51809,Nightdress,0.010638297872340425,0.4,0.2333333333333333,0.015957446808510637,0.3,0.14999999999999997
EfficientNet-B0,4144,Sports Shoes,0.002457002457002457,1.0,1.0,0.004914004914004914,1.0,1.0
EfficientNet-B0,17618,Leggings,0.0,0.0,0.0,0.0,0.0,0.0
EfficientNet-B0,6089,Tshirts,0.0001414827391058291,0.2,0.2,0.0002829654782116582,0.2,0.12
EfficientNet-B0,7369,Casual Shoes,0.00140597539543058,0.8,0.5433333333333333,0.0017574692442882249,0.5,0.33416666666666667
EfficientNet-B0,40524,Watches,0.0015741833923652105,0.8,0.6433333333333333,0.0035419126328217238,0.9,0.7571031746031747
EfficientNet-B0,24637,Sports Shoes,0.002457002457002457,1.0,1.0,0.004422604422604423,0.9,0.866388888888889
EfficientNet-B0,47365,Mobile Pouch,0.043478260869565216,0.4,0.4,0.043478260869565216,0.2,0.2
EfficientNet-B0,11716,Shirts,0.0015556938394523958,1.0,1.0,0.0028002489110143126,0.9,0.866388888888889
EfficientNet-B0,59099,Briefs,0.00589622641509434,1.0,1.0,0.01179245283018868,1.0,1.0
EfficientNet-B0,50570,Trunk,0.03597122302158273,1.0,1.0,0.07194244604316546,1.0,1.0
EfficientNet-B0,42889,Clutches,0.006920415224913495,0.4,0.18,0.006920415224913495,0.2,0.09
EfficientNet-B0,10092,Sports Shoes,0.002457002457002457,1.0,1.0,0.004422604422604423,0.9,0.9
EfficientNet-B0,33210,Tops,0.001135718341851221,0.4,0.3,0.002271436683702442,0.4,0.22333333333333333
EfficientNet-B0,19324,Sweatshirts,0.0,0.0,0.0,0.0,0.0,0.0
EfficientNet-B0,8773,Shirts,0.0015556938394523958,1.0,1.0,0.0031113876789047915,1.0,1.0
EfficientNet-B0,44945,Trousers,0.003780718336483932,0.4,0.16666666666666666,0.005671077504725898,0.3,0.1261904761904762
EfficientNet-B0,52820,Earrings,0.01201923076923077,1.0,1.0,0.021634615384615384,0.9,0.9
EfficientNet-B0,34493,Skirts,0.015748031496062992,0.4,0.3,0.03937007874015748,0.5,0.31269841269841264
EfficientNet-B0,26364,Skirts,0.031496062992125984,0.8,0.8,0.05511811023622047,0.7,0.62
EfficientNet-B0,37672,Backpacks,0.006915629322268326,1.0,1.0,0.013831258644536652,1.0,1.0
EfficientNet-B0,22192,Casual Shoes,0.000351493848857645,0.2,0.2,0.00070298769771529,0.2,0.12222222222222223
EfficientNet-B0,19915,Waist Pouch,0.125,0.4,0.3333333333333333,0.125,0.2,0.16666666666666666
EfficientNet-B0,5605,Flip Flops,0.00546448087431694,1.0,1.0,0.008743169398907104,0.8,0.7621031746031746
EfficientNet-B0,52827,Earrings,0.01201923076923077,1.0,1.0,0.02403846153846154,1.0,1.0
EfficientNet-B0,28464,Capris,0.0,0.0,0.0,0.005747126436781609,0.1,0.014285714285714285
EfficientNet-B0,4985,Sports Shoes,0.002457002457002457,1.0,1.0,0.004914004914004914,1.0,1.0
EfficientNet-B0,20863,Wallets,0.0053475935828877,1.0,1.0,0.0106951871657754,1.0,1.0
EfficientNet-B0,29314,Backpacks,0.005532503457814661,0.8,0.71,0.012448132780082987,0.9,0.7904365079365079
EfficientNet-B0,42873,Handbags,0.002844141069397042,1.0,1.0,0.005688282138794084,1.0,1.0
EfficientNet-B0,14067,Tshirts,0.0007074136955291454,1.0,1.0,0.0014148273910582908,1.0,1.0
EfficientNet-B0,31112,Capris,0.022988505747126436,0.8,0.8,0.034482758620689655,0.6,0.5314285714285714
EfficientNet-B0,5054,Sports Shoes,0.0019656019656019656,0.8,0.6433333333333333,0.004422604422604423,0.9,0.7571031746031747
EfficientNet-B0,34004,Tops,0.0017035775127768314,0.6,0.52,0.0028392958546280523,0.5,0.37964285714285717
EfficientNet-B0,56226,Night suits,0.02857142857142857,0.8,0.76,0.05,0.7,0.6042063492063492
EfficientNet-B0,24606,Sweatshirts,0.007042253521126761,0.4,0.4,0.014084507042253521,0.4,0.3
EfficientNet-B0,51003,Bra,0.01050420168067227,1.0,1.0,0.02100840336134454,1.0,1.0
EfficientNet-B0,10662,Tshirts,0.0007074136955291454,1.0,1.0,0.0012733446519524619,0.9,0.9
EfficientNet-B0,11582,Kurtis,0.008583690987124463,0.4,0.13,0.008583690987124463,0.2,0.065
EfficientNet-B0,44780,Casual Shoes,0.0017574692442882249,1.0,1.0,0.00281195079086116,0.8,0.7763888888888889
EfficientNet-B0,17675,Flats,0.006012024048096192,0.6,0.6,0.012024048096192385,0.6,0.4891666666666666
EfficientNet-B0,45236,Watches,0.0019677292404565133,1.0,1.0,0.003935458480913027,1.0,1.0
EfficientNet-B0,48529,Flip Flops,0.00546448087431694,1.0,1.0,0.01092896174863388,1.0,1.0
EfficientNet-B0,59464,Ring,0.042735042735042736,1.0,1.0,0.08547008547008547,1.0,1.0
EfficientNet-B0,21926,Kurtas,0.002170374389582203,0.8,0.6433333333333333,0.0037981551817688553,0.7,0.5458730158730158
EfficientNet-B0,19172,Tshirts,0.00042444821731748726,0.6,0.55,0.0005659309564233164,0.4,0.3194444444444445
EfficientNet-B0,3565,Casual Shoes,0.001054481546572935,0.6,0.3833333333333333,0.002460456942003515,0.7,0.46642857142857136
EfficientNet-B0,38692,Handbags,0.0017064846416382253,0.6,0.6,0.0022753128555176336,0.4,0.33999999999999997
EfficientNet-B0,49605,Heels,0.0022692889561270802,0.6,0.4533333333333333,0.00529500756429652,0.7,0.4829761904761905
EfficientNet-B0,13210,Sports Shoes,0.002457002457002457,1.0,1.0,0.004914004914004914,1.0,1.0
EfficientNet-B0,24654,Handbags,0.002844141069397042,1.0,1.0,0.005119453924914676,0.9,0.8521031746031745
EfficientNet-B0,37243,Casual Shoes,0.00140597539543058,0.8,0.8,0.00281195079086116,0.8,0.736547619047619
EfficientNet-B0,42674,Kurtas,0.002170374389582203,0.8,0.5433333333333333,0.004340748779164406,0.8,0.5758730158730159
EfficientNet-B0,19715,Shirts,0.0015556938394523958,1.0,1.0,0.0031113876789047915,1.0,1.0
EfficientNet-B0,22930,Watches,0.0019677292404565133,1.0,1.0,0.003935458480913027,1.0,1.0
EfficientNet-B0,13479,Flats,0.002004008016032064,0.2,0.2,0.006012024048096192,0.3,0.15857142857142856
EfficientNet-B0,45238,Watches,0.0019677292404565133,1.0,1.0,0.003935458480913027,1.0,1.0
EfficientNet-B0,18859,Tshirts,0.0005659309564233164,0.8,0.76,0.0009903791737408036,0.7,0.6
EfficientNet-B0,32158,Socks,0.0072992700729927005,1.0,1.0,0.014598540145985401,1.0,1.0
EfficientNet-B0,26560,Casual Shoes,0.000351493848857645,0.2,0.05,0.001054481546572935,0.3,0.08357142857142856
EfficientNet-B0,37082,Handbags,0.002844141069397042,1.0,1.0,0.005688282138794084,1.0,1.0
EfficientNet-B0,7332,Casual Shoes,0.0017574692442882249,1.0,1.0,0.0035149384885764497,1.0,1.0
EfficientNet-B0,26594,Sports Shoes,0.0019656019656019656,0.8,0.6433333333333333,0.0034398034398034397,0.7,0.5684920634920634
EfficientNet-B0,14664,Shirts,0.0015556938394523958,1.0,1.0,0.0031113876789047915,1.0,1.0
EfficientNet-B0,50726,Formal Shoes,0.0031446540880503146,0.4,0.13,0.009433962264150943,0.6,0.28055555555555556
EfficientNet-B0,29187,Tops,0.002271436683702442,0.8,0.8,0.0034071550255536627,0.6,0.5291666666666667
EfficientNet-B0,53900,Handbags,0.002844141069397042,1.0,1.0,0.005688282138794084,1.0,1.0
EfficientNet-B0,54319,Briefs,0.00589622641509434,1.0,1.0,0.01179245283018868,1.0,1.0
EfficientNet-B0,11719,Shirts,0.0015556938394523958,1.0,1.0,0.0031113876789047915,1.0,1.0
EfficientNet-B0,22709,Sports Shoes,0.002457002457002457,1.0,1.0,0.004914004914004914,1.0,1.0
EfficientNet-B0,26396,Shirts,0.0015556938394523958,1.0,1.0,0.0031113876789047915,1.0,1.0
EfficientNet-B0,50316,Ties,0.019083969465648856,1.0,1.0,0.03816793893129771,1.0,1.0
EfficientNet-B0,36938,Perfume and Body Mist,0.008156606851549755,1.0,1.0,0.01468189233278956,0.9,0.8788888888888889
EfficientNet-B0,59895,Dresses,0.004319654427645789,0.4,0.13,0.0064794816414686825,0.3,0.1025
EfficientNet-B0,7950,Tshirts,0.0007074136955291454,1.0,1.0,0.0014148273910582908,1.0,1.0
EfficientNet-B0,20891,Casual Shoes,0.0017574692442882249,1.0,1.0,0.0035149384885764497,1.0,1.0
EfficientNet-B0,27415,Capris,0.011494252873563218,0.4,0.2333333333333333,0.028735632183908046,0.5,0.25396825396825395
EfficientNet-B0,31114,Capris,0.028735632183908046,1.0,1.0,0.040229885057471264,0.7,0.67
EfficientNet-B0,57796,Face Wash and Cleanser,0.0,0.0,0.0,0.0,0.0,0.0
EfficientNet-B0,35918,Handbags,0.0022753128555176336,0.8,0.76,0.005119453924914676,0.9,0.8154365079365078
EfficientNet-B0,23273,Watches,0.0019677292404565133,1.0,1.0,0.003935458480913027,1.0,1.0
EfficientNet-B0,41864,Sandals,0.002232142857142857,0.4,0.16666666666666666,0.005580357142857143,0.5,0.22777777777777777
EfficientNet-B0,39384,Jeans,0.008237232289950576,1.0,1.0,0.016474464579901153,1.0,1.0
EfficientNet-B0,37810,Shirts,0.0015556938394523958,1.0,1.0,0.0031113876789047915,1.0,1.0
EfficientNet-B0,57566,Lipstick,0.01592356687898089,1.0,1.0,0.03184713375796178,1.0,1.0
EfficientNet-B0,54125,Heels,0.0015128593040847202,0.4,0.2333333333333333,0.0030257186081694403,0.4,0.1986111111111111
EfficientNet-B0,44185,Perfume and Body Mist,0.008156606851549755,1.0,1.0,0.01631321370309951,1.0,1.0
EfficientNet-B0,10863,Tshirts,0.0007074136955291454,1.0,1.0,0.0014148273910582908,1.0,1.0
EfficientNet-B0,6249,Tshirts,0.0007074136955291454,1.0,1.0,0.0014148273910582908,1.0,1.0
EfficientNet-B0,9691,Tshirts,0.0007074136955291454,1.0,1.0,0.0014148273910582908,1.0,1.0
EfficientNet-B0,19589,Tops,0.001135718341851221,0.4,0.16666666666666666,0.0034071550255536627,0.6,0.30603174603174604
EfficientNet-B0,36790,Watches,0.0019677292404565133,1.0,1.0,0.003935458480913027,1.0,1.0
EfficientNet-B0,14606,Socks,0.0072992700729927005,1.0,1.0,0.014598540145985401,1.0,1.0
EfficientNet-B0,19119,Flip Flops,0.004371584699453552,0.8,0.6433333333333333,0.008743169398907104,0.8,0.6258730158730159
EfficientNet-B0,2848,Tshirts,0.0007074136955291454,1.0,1.0,0.0014148273910582908,1.0,1.0
EfficientNet-B0,34033,Shirts,0.0015556938394523958,1.0,1.0,0.0031113876789047915,1.0,1.0
EfficientNet-B0,16363,Shirts,0.0015556938394523958,1.0,1.0,0.0028002489110143126,0.9,0.89
EfficientNet-B0,25717,Handbags,0.0005688282138794084,0.2,0.05,0.0017064846416382253,0.3,0.09166666666666665
EfficientNet-B0,4695,Watches,0.0019677292404565133,1.0,1.0,0.003935458480913027,1.0,1.0
EfficientNet-B0,51380,Shorts,0.007326007326007326,0.8,0.76,0.014652014652014652,0.8,0.7068253968253967
EfficientNet-B0,33955,Tshirts,0.0005659309564233164,0.8,0.8,0.0007074136955291454,0.5,0.45
EfficientNet-B0,32619,Tshirts,0.0002829654782116582,0.4,0.27999999999999997,0.0005659309564233164,0.4,0.23285714285714282
EfficientNet-B0,52398,Nightdress,0.010638297872340425,0.4,0.4,0.010638297872340425,0.2,0.2
EfficientNet-B0,49982,Briefs,0.00589622641509434,1.0,1.0,0.01061320754716981,0.9,0.866388888888889
EfficientNet-B0,3215,Sports Shoes,0.0014742014742014742,0.6,0.3833333333333333,0.0029484029484029483,0.6,0.3713095238095238
EfficientNet-B0,15467,Shorts,0.007326007326007326,0.8,0.76,0.016483516483516484,0.9,0.8154365079365078
EfficientNet-B0,57414,Briefs,0.00589622641509434,1.0,1.0,0.01179245283018868,1.0,1.0
EfficientNet-B0,52166,Pendant,0.022857142857142857,0.8,0.71,0.045714285714285714,0.8,0.6592063492063491
EfficientNet-B0,31262,Tshirts,0.0007074136955291454,1.0,1.0,0.0014148273910582908,1.0,1.0
EfficientNet-B0,23906,Casual Shoes,0.00070298769771529,0.4,0.3,0.0017574692442882249,0.5,0.3196428571428571
EfficientNet-B0,9380,Sports Shoes,0.0004914004914004914,0.2,0.04,0.002457002457002457,0.5,0.1961904761904762
EfficientNet-B0,28977,Kurta Sets,0.021505376344086023,0.4,0.2333333333333333,0.053763440860215055,0.5,0.26666666666666666
EfficientNet-B0,31891,Stoles,0.056179775280898875,1.0,1.0,0.11235955056179775,1.0,1.0
EfficientNet-B0,18715,Tops,0.002271436683702442,0.8,0.8,0.004542873367404884,0.8,0.7042063492063492
EfficientNet-B0,56963,Heels,0.0022692889561270802,0.6,0.6,0.00529500756429652,0.7,0.5747619047619048
EfficientNet-B0,15238,Casual Shoes,0.0017574692442882249,1.0,1.0,0.003163444639718805,0.9,0.8788888888888889
EfficientNet-B0,42309,Sarees,0.011737089201877934,1.0,1.0,0.023474178403755867,1.0,1.0
EfficientNet-B0,43821,Earrings,0.01201923076923077,1.0,1.0,0.02403846153846154,1.0,1.0
EfficientNet-B0,58667,Kurtas,0.0027129679869777536,1.0,1.0,0.0048833423765599565,0.9,0.8521031746031745
EfficientNet-B0,49143,Lip Gloss,0.03496503496503497,1.0,1.0,0.055944055944055944,0.8,0.7763888888888889
EfficientNet-B0,22220,Tshirts,0.0007074136955291454,1.0,1.0,0.0011318619128466328,0.8,0.7763888888888889
EfficientNet-B0,22644,Shorts,0.009157509157509158,1.0,1.0,0.018315018315018316,1.0,1.0
EfficientNet-B0,24311,Shorts,0.009157509157509158,1.0,1.0,0.014652014652014652,0.8,0.7675
EfficientNet-B0,55943,Nail Polish,0.01524390243902439,1.0,1.0,0.03048780487804878,1.0,1.0
EfficientNet-B0,57628,Sunscreen,0.20833333333333334,1.0,1.0,0.3333333333333333,0.8,0.7434920634920634
EfficientNet-B0,33997,Dresses,0.0,0.0,0.0,0.0,0.0,0.0
EfficientNet-B0,20944,Flip Flops,0.00546448087431694,1.0,1.0,0.009836065573770493,0.9,0.866388888888889
EfficientNet-B0,48694,Earrings,0.01201923076923077,1.0,1.0,0.021634615384615384,0.9,0.89
EfficientNet-B0,37907,Perfume and Body Mist,0.008156606851549755,1.0,1.0,0.009787928221859706,0.6,0.5666666666666667
EfficientNet-B0,41726,Heels,0.0030257186081694403,0.8,0.8,0.0037821482602118004,0.5,0.45555555555555555
EfficientNet-B0,47041,Salwar,0.16129032258064516,1.0,1.0,0.1935483870967742,0.6,0.5666666666666667
EfficientNet-B0,26412,Shirts,0.0015556938394523958,1.0,1.0,0.0031113876789047915,1.0,1.0
EfficientNet-B0,51540,Watches,0.0019677292404565133,1.0,1.0,0.003935458480913027,1.0,1.0
EfficientNet-B0,29650,Shirts,0.0015556938394523958,1.0,1.0,0.0031113876789047915,1.0,1.0
EfficientNet-B0,20729,Casual Shoes,0.00070298769771529,0.4,0.2333333333333333,0.00140597539543058,0.4,0.21111111111111108
EfficientNet-B0,28544,Shorts,0.009157509157509158,1.0,1.0,0.018315018315018316,1.0,1.0
EfficientNet-B0,40435,Tops,0.001135718341851221,0.4,0.4,0.001135718341851221,0.2,0.2
EfficientNet-B0,6705,Socks,0.0072992700729927005,1.0,1.0,0.014598540145985401,1.0,1.0
EfficientNet-B0,50839,Belts,0.006157635467980296,1.0,1.0,0.012315270935960592,1.0,1.0
EfficientNet-B0,6395,Sandals,0.005580357142857143,1.0,1.0,0.006696428571428571,0.6,0.5599999999999999
EfficientNet-B0,46160,Necklace and Chains,0.025157232704402517,0.8,0.76,0.050314465408805034,0.8,0.7068253968253967
EfficientNet-B0,33557,Tshirts,0.00042444821731748726,0.6,0.4833333333333333,0.0005659309564233164,0.4,0.2816666666666666
EfficientNet-B0,22617,Tshirts,0.0007074136955291454,1.0,1.0,0.0014148273910582908,1.0,1.0
EfficientNet-B0,52938,Sarees,0.011737089201877934,1.0,1.0,0.023474178403755867,1.0,1.0
EfficientNet-B0,23193,Shirts,0.0015556938394523958,1.0,1.0,0.0031113876789047915,1.0,1.0
EfficientNet-B0,44253,Wallets,0.0032085561497326204,0.6,0.6,0.006417112299465241,0.6,0.4891666666666666
EfficientNet-B0,38142,Backpacks,0.005532503457814661,0.8,0.8,0.012448132780082987,0.9,0.8354365079365079
EfficientNet-B0,48007,Watches,0.0019677292404565133,1.0,1.0,0.0035419126328217238,0.9,0.8788888888888889
EfficientNet-B0,59181,Formal Shoes,0.007861635220125786,1.0,1.0,0.015723270440251572,1.0,1.0
EfficientNet-B0,39064,Tshirts,0.0007074136955291454,1.0,1.0,0.0014148273910582908,1.0,1.0
EfficientNet-B0,5941,Shirts,0.0015556938394523958,1.0,1.0,0.0031113876789047915,1.0,1.0
EfficientNet-B0,40255,Shirts,0.0015556938394523958,1.0,1.0,0.0031113876789047915,1.0,1.0
EfficientNet-B0,41387,Tops,0.0,0.0,0.0,0.0,0.0,0.0
EfficientNet-B0,18748,Tops,0.001135718341851221,0.4,0.16666666666666666,0.0028392958546280523,0.5,0.24603174603174605
EfficientNet-B0,6357,Flip Flops,0.002185792349726776,0.4,0.3,0.003278688524590164,0.3,0.1875
EfficientNet-B0,24374,Kurtas,0.002170374389582203,0.8,0.71,0.0037981551817688553,0.7,0.5792063492063492
EfficientNet-B0,35808,Heels,0.0022692889561270802,0.6,0.2866666666666666,0.0037821482602118004,0.5,0.24888888888888888
EfficientNet-B0,14515,Shirts,0.0015556938394523958,1.0,1.0,0.0031113876789047915,1.0,1.0
EfficientNet-B0,2367,Formal Shoes,0.0031446540880503146,0.4,0.18,0.007861635220125786,0.5,0.2526984126984127
EfficientNet-B0,5348,Sports Shoes,0.0004914004914004914,0.2,0.2,0.0014742014742014742,0.3,0.15857142857142856
EfficientNet-B0,33559,Tshirts,0.00042444821731748726,0.6,0.52,0.0011318619128466328,0.8,0.6308730158730158
EfficientNet-B0,54699,Kurtas,0.0016277807921866521,0.6,0.35333333333333333,0.0027129679869777536,0.5,0.2838095238095238
EfficientNet-B0,38377,Belts,0.006157635467980296,1.0,1.0,0.012315270935960592,1.0,1.0
EfficientNet-B0,53448,Flip Flops,0.003278688524590164,0.6,0.6,0.008743169398907104,0.8,0.6708730158730158
EfficientNet-B0,12078,Kurtas,0.0027129679869777536,1.0,1.0,0.005425935973955507,1.0,1.0
EfficientNet-B0,11636,Watches,0.0019677292404565133,1.0,1.0,0.003935458480913027,1.0,1.0
EfficientNet-B0,26888,Tops,0.0005678591709256105,0.2,0.2,0.001135718341851221,0.2,0.12
EfficientNet-B0,46151,Necklace and Chains,0.031446540880503145,1.0,1.0,0.05660377358490566,0.9,0.89
EfficientNet-B0,10146,Formal Shoes,0.006289308176100629,0.8,0.8,0.014150943396226415,0.9,0.8354365079365079
EfficientNet-B0,6734,Sports Shoes,0.0009828009828009828,0.4,0.2,0.0034398034398034397,0.7,0.40630952380952373
EfficientNet-B0,46397,Shirts,0.0015556938394523958,1.0,1.0,0.0031113876789047915,1.0,1.0
EfficientNet-B0,57888,Mask and Peel,0.0,0.0,0.0,0.2727272727272727,0.3,0.06928571428571428
EfficientNet-B0,3641,Casual Shoes,0.001054481546572935,0.6,0.32,0.00210896309314587,0.6,0.3730952380952381
EfficientNet-B0,35434,Dresses,0.01079913606911447,1.0,1.0,0.02159827213822894,1.0,1.0
EfficientNet-B0,12672,Shorts,0.009157509157509158,1.0,1.0,0.018315018315018316,1.0,1.0
EfficientNet-B0,29292,Shirts,0.0015556938394523958,1.0,1.0,0.0028002489110143126,0.9,0.866388888888889
EfficientNet-B0,16645,Tshirts,0.0007074136955291454,1.0,1.0,0.0014148273910582908,1.0,1.0
EfficientNet-B0,16221,Track Pants,0.006600660066006601,0.4,0.18,0.013201320132013201,0.4,0.17285714285714288
EfficientNet-B0,35265,Tops,0.001135718341851221,0.4,0.14666666666666667,0.002271436683702442,0.4,0.14666666666666667
EfficientNet-B0,20585,Wallets,0.0053475935828877,1.0,1.0,0.0106951871657754,1.0,1.0
EfficientNet-B0,3646,Casual Shoes,0.0017574692442882249,1.0,1.0,0.0035149384885764497,1.0,1.0
EfficientNet-B0,50853,Sarees,0.011737089201877934,1.0,1.0,0.02112676056338028,0.9,0.8788888888888889
EfficientNet-B0,38121,Trousers,0.00945179584120983,1.0,1.0,0.01890359168241966,1.0,1.0
EfficientNet-B0,53287,Jeans,0.008237232289950576,1.0,1.0,0.016474464579901153,1.0,1.0
EfficientNet-B0,47025,Kurtas,0.0027129679869777536,1.0,1.0,0.005425935973955507,1.0,1.0
EfficientNet-B0,51372,Tshirts,0.0005659309564233164,0.8,0.71,0.0009903791737408036,0.7,0.575
EfficientNet-B0,30721,Kurtas,0.0016277807921866521,0.6,0.6,0.002170374389582203,0.4,0.36666666666666664
EfficientNet-B0,48436,Tshirts,0.0007074136955291454,1.0,1.0,0.0014148273910582908,1.0,1.0
EfficientNet-B0,12218,Trousers,0.00945179584120983,1.0,1.0,0.01890359168241966,1.0,1.0
EfficientNet-B0,1544,Casual Shoes,0.00140597539543058,0.8,0.5433333333333333,0.002460456942003515,0.7,0.5282142857142857
EfficientNet-B0,24928,Tops,0.0005678591709256105,0.2,0.05,0.002271436683702442,0.4,0.1269047619047619
EfficientNet-B0,6553,Backpacks,0.006915629322268326,1.0,1.0,0.013831258644536652,1.0,1.0
EfficientNet-B0,30342,Tshirts,0.0007074136955291454,1.0,1.0,0.0012733446519524619,0.9,0.866388888888889
EfficientNet-B0,15005,Jackets,0.011673151750972763,0.6,0.4833333333333333,0.011673151750972763,0.3,0.24166666666666664
EfficientNet-B0,31855,Watches,0.0019677292404565133,1.0,1.0,0.003935458480913027,1.0,1.0
EfficientNet-B0,46309,Watches,0.0019677292404565133,1.0,1.0,0.003935458480913027,1.0,1.0
EfficientNet-B0,23168,Tshirts,0.0007074136955291454,1.0,1.0,0.0014148273910582908,1.0,1.0
EfficientNet-B0,18924,Tshirts,0.0007074136955291454,1.0,1.0,0.0014148273910582908,1.0,1.0
EfficientNet-B0,43280,Handbags,0.002844141069397042,1.0,1.0,0.005688282138794084,1.0,1.0
EfficientNet-B0,37765,Shirts,0.0015556938394523958,1.0,1.0,0.0031113876789047915,1.0,1.0
EfficientNet-B0,35690,Casual Shoes,0.0017574692442882249,1.0,1.0,0.00281195079086116,0.8,0.7327777777777778
EfficientNet-B0,44051,Perfume and Body Mist,0.008156606851549755,1.0,1.0,0.01631321370309951,1.0,1.0
EfficientNet-B0,34114,Dresses,0.01079913606911447,1.0,1.0,0.01511879049676026,0.7,0.6527777777777778
EfficientNet-B0,8809,Shirts,0.0015556938394523958,1.0,1.0,0.0031113876789047915,1.0,1.0
EfficientNet-B0,22875,Casual Shoes,0.0017574692442882249,1.0,1.0,0.0035149384885764497,1.0,1.0
EfficientNet-B0,43273,Handbags,0.002844141069397042,1.0,1.0,0.005688282138794084,1.0,1.0
EfficientNet-B0,5527,Tshirts,0.0007074136955291454,1.0,1.0,0.0014148273910582908,1.0,1.0
EfficientNet-B0,24711,Casual Shoes,0.00140597539543058,0.8,0.5433333333333333,0.002460456942003515,0.7,0.4708333333333334
EfficientNet-B0,21263,Backpacks,0.006915629322268326,1.0,1.0,0.013831258644536652,1.0,1.0
EfficientNet-B0,30775,Kurtas,0.0005425935973955507,0.2,0.04,0.0005425935973955507,0.1,0.02
EfficientNet-B0,21435,Backpacks,0.006915629322268326,1.0,1.0,0.013831258644536652,1.0,1.0
EfficientNet-B0,48692,Earrings,0.007211538461538462,0.6,0.52,0.014423076923076924,0.6,0.4326984126984127
EfficientNet-B0,55549,Kajal and Eyeliner,0.04950495049504951,1.0,1.0,0.06930693069306931,0.7,0.7
EfficientNet-B0,39295,Sandals,0.004464285714285714,0.8,0.8,0.008928571428571428,0.8,0.7268253968253967
EfficientNet-B0,24972,Tshirts,0.0007074136955291454,1.0,1.0,0.0011318619128466328,0.8,0.7532142857142856
EfficientNet-B0,10149,Formal Shoes,0.0047169811320754715,0.6,0.4533333333333333,0.0110062893081761,0.7,0.4829761904761905
EfficientNet-B0,14374,Heels,0.0015128593040847202,0.4,0.4,0.0015128593040847202,0.2,0.2
EfficientNet-B0,33764,Casual Shoes,0.00070298769771529,0.4,0.13,0.00140597539543058,0.4,0.15499999999999997
EfficientNet-B0,44252,Handbags,0.002844141069397042,1.0,1.0,0.004550625711035267,0.8,0.8
EfficientNet-B0,54808,Handbags,0.0005688282138794084,0.2,0.2,0.0022753128555176336,0.4,0.21051587301587302
EfficientNet-B0,40606,Kurtas,0.0010851871947911015,0.4,0.4,0.0027129679869777536,0.5,0.3484126984126984
EfficientNet-B0,30743,Kurtas,0.002170374389582203,0.8,0.8,0.0027129679869777536,0.5,0.4625
EfficientNet-B0,7080,Backpacks,0.006915629322268326,1.0,1.0,0.013831258644536652,1.0,1.0
EfficientNet-B0,30911,Kurtis,0.0,0.0,0.0,0.0,0.0,0.0
EfficientNet-B0,26874,Tshirts,0.00042444821731748726,0.6,0.4533333333333333,0.0007074136955291454,0.5,0.3433333333333333
EfficientNet-B0,41972,Tops,0.0028392958546280523,1.0,1.0,0.005110732538330494,0.9,0.89
EfficientNet-B0,46965,Handbags,0.002844141069397042,1.0,1.0,0.005688282138794084,1.0,1.0
EfficientNet-B0,53440,Sports Shoes,0.0019656019656019656,0.8,0.71,0.004422604422604423,0.9,0.7904365079365079
EfficientNet-B0,15631,Track Pants,0.006600660066006601,0.4,0.2333333333333333,0.009900990099009901,0.3,0.15416666666666665
EfficientNet-B0,54475,Handbags,0.002844141069397042,1.0,1.0,0.005688282138794084,1.0,1.0
EfficientNet-B0,55137,Nail Polish,0.01524390243902439,1.0,1.0,0.03048780487804878,1.0,1.0
EfficientNet-B0,26258,Track Pants,0.006600660066006601,0.4,0.3,0.013201320132013201,0.4,0.23194444444444445
EfficientNet-B0,35019,Stoles,0.0449438202247191,0.8,0.6433333333333333,0.0898876404494382,0.8,0.6377777777777778
EfficientNet-B0,49765,Kurtas,0.0027129679869777536,1.0,1.0,0.005425935973955507,1.0,1.0
EfficientNet-B0,34769,Handbags,0.002844141069397042,1.0,1.0,0.004550625711035267,0.8,0.7763888888888889
EfficientNet-B0,34335,Tshirts,0.0007074136955291454,1.0,1.0,0.0014148273910582908,1.0,1.0
EfficientNet-B0,34107,Tops,0.0028392958546280523,1.0,1.0,0.0056785917092561046,1.0,1.0
EfficientNet-B0,5157,Tshirts,0.0007074136955291454,1.0,1.0,0.0014148273910582908,1.0,1.0
EfficientNet-B0,48476,Dresses,0.004319654427645789,0.4,0.18,0.01511879049676026,0.7,0.3963095238095238
EfficientNet-B0,46723,Perfume and Body Mist,0.0065252854812398045,0.8,0.71,0.011419249592169658,0.7,0.6018253968253967
EfficientNet-B0,22266,Heels,0.0015128593040847202,0.4,0.27999999999999997,0.0037821482602118004,0.5,0.27730158730158727
EfficientNet-B0,57463,Belts,0.006157635467980296,1.0,1.0,0.012315270935960592,1.0,1.0
EfficientNet-B0,20531,Wallets,0.0032085561497326204,0.6,0.6,0.0032085561497326204,0.3,0.3
EfficientNet-B0,37324,Watches,0.0019677292404565133,1.0,1.0,0.003935458480913027,1.0,1.0
EfficientNet-B0,27384,Night suits,0.03571428571428571,1.0,1.0,0.07142857142857142,1.0,1.0
EfficientNet-B0,10734,Handbags,0.002844141069397042,1.0,1.0,0.005688282138794084,1.0,1.0
EfficientNet-B0,51599,Jeggings,0.06060606060606061,0.4,0.4,0.06060606060606061,0.2,0.2
EfficientNet-B0,44877,Tshirts,0.0007074136955291454,1.0,1.0,0.0012733446519524619,0.9,0.866388888888889
EfficientNet-B0,29221,Socks,0.0072992700729927005,1.0,1.0,0.014598540145985401,1.0,1.0
EfficientNet-B0,2981,Tshirts,0.0007074136955291454,1.0,1.0,0.0014148273910582908,1.0,1.0
EfficientNet-B0,23181,Shirts,0.0015556938394523958,1.0,1.0,0.0031113876789047915,1.0,1.0
EfficientNet-B0,43064,Tshirts,0.0007074136955291454,1.0,1.0,0.0014148273910582908,1.0,1.0
EfficientNet-B0,31212,Sports Shoes,0.0014742014742014742,0.6,0.2866666666666666,0.0034398034398034397,0.7,0.3996428571428571
EfficientNet-B0,43400,Socks,0.0072992700729927005,1.0,1.0,0.014598540145985401,1.0,1.0
EfficientNet-B0,18798,Handbags,0.0022753128555176336,0.8,0.8,0.004550625711035267,0.8,0.7268253968253967
EfficientNet-B0,29642,Shirts,0.0015556938394523958,1.0,1.0,0.0031113876789047915,1.0,1.0
EfficientNet-B0,11088,Shirts,0.0015556938394523958,1.0,1.0,0.0031113876789047915,1.0,1.0
EfficientNet-B0,47857,Handbags,0.002844141069397042,1.0,1.0,0.005688282138794084,1.0,1.0
EfficientNet-B0,7890,Track Pants,0.013201320132013201,0.8,0.6433333333333333,0.0165016501650165,0.5,0.3930952380952381
EfficientNet-B0,33922,Watches,0.0019677292404565133,1.0,1.0,0.003935458480913027,1.0,1.0
EfficientNet-B0,28556,Tshirts,0.0007074136955291454,1.0,1.0,0.0014148273910582908,1.0,1.0
EfficientNet-B0,34539,Formal Shoes,0.007861635220125786,1.0,1.0,0.015723270440251572,1.0,1.0
EfficientNet-B0,11028,Tunics,0.0043859649122807015,0.2,0.2,0.0043859649122807015,0.1,0.1
EfficientNet-B0,47000,Kurtas,0.002170374389582203,0.8,0.5433333333333333,0.0037981551817688553,0.7,0.5000000000000001
EfficientNet-B0,1798,Tshirts,0.00042444821731748726,0.6,0.4833333333333333,0.0005659309564233164,0.4,0.2816666666666666
EfficientNet-B0,48084,Dresses,0.0064794816414686825,0.6,0.4833333333333333,0.0064794816414686825,0.3,0.24166666666666664
EfficientNet-B0,2579,Shorts,0.0018315018315018315,0.2,0.05,0.0018315018315018315,0.1,0.025
EfficientNet-B0,31241,Tshirts,0.0002829654782116582,0.4,0.4,0.0002829654782116582,0.2,0.2
EfficientNet-B0,4483,Casual Shoes,0.00070298769771529,0.4,0.18,0.00140597539543058,0.4,0.18285714285714286
EfficientNet-B0,32292,Watches,0.0019677292404565133,1.0,1.0,0.003935458480913027,1.0,1.0
EfficientNet-B0,37142,Shirts,0.0015556938394523958,1.0,1.0,0.0031113876789047915,1.0,1.0
EfficientNet-B0,28996,Tshirts,0.0007074136955291454,1.0,1.0,0.0014148273910582908,1.0,1.0
EfficientNet-B0,51162,Socks,0.0072992700729927005,1.0,1.0,0.014598540145985401,1.0,1.0
EfficientNet-B0,18736,Dresses,0.0021598272138228943,0.2,0.2,0.004319654427645789,0.2,0.13333333333333333
EfficientNet-B0,16031,Shirts,0.0015556938394523958,1.0,1.0,0.0031113876789047915,1.0,1.0
EfficientNet-B0,57065,Tops,0.0,0.0,0.0,0.0,0.0,0.0
EfficientNet-B0,8278,Tshirts,0.0007074136955291454,1.0,1.0,0.0014148273910582908,1.0,1.0
EfficientNet-B0,26234,Tshirts,0.0007074136955291454,1.0,1.0,0.0014148273910582908,1.0,1.0
EfficientNet-B0,17573,Shirts,0.0015556938394523958,1.0,1.0,0.0031113876789047915,1.0,1.0
EfficientNet-B0,30735,Churidar,0.10344827586206896,0.6,0.6,0.10344827586206896,0.3,0.3
EfficientNet-B0,34395,Tshirts,0.0007074136955291454,1.0,1.0,0.0014148273910582908,1.0,1.0
EfficientNet-B0,23914,Casual Shoes,0.00140597539543058,0.8,0.71,0.00281195079086116,0.8,0.671111111111111
EfficientNet-B0,24100,Sandals,0.0033482142857142855,0.6,0.4833333333333333,0.005580357142857143,0.5,0.3583333333333333
EfficientNet-B0,47452,Flats,0.004008016032064128,0.4,0.3333333333333333,0.004008016032064128,0.2,0.16666666666666666
EfficientNet-B0,54879,Necklace and Chains,0.031446540880503145,1.0,1.0,0.05660377358490566,0.9,0.89
EfficientNet-B0,15011,Track Pants,0.009900990099009901,0.6,0.52,0.013201320132013201,0.4,0.32666666666666666
EfficientNet-B0,3663,Sports Shoes,0.0,0.0,0.0,0.0,0.0,0.0
EfficientNet-B0,49158,Foundation and Primer,0.05333333333333334,0.8,0.8,0.05333333333333334,0.4,0.4
EfficientNet-B0,19628,Tshirts,0.0007074136955291454,1.0,1.0,0.0014148273910582908,1.0,1.0
EfficientNet-B0,22203,Sweatshirts,0.0035211267605633804,0.2,0.1,0.007042253521126761,0.2,0.075
EfficientNet-B0,25277,Handbags,0.002844141069397042,1.0,1.0,0.005688282138794084,1.0,1.0
EfficientNet-B0,23180,Shirts,0.0015556938394523958,1.0,1.0,0.0031113876789047915,1.0,1.0
EfficientNet-B0,36036,Handbags,0.0022753128555176336,0.8,0.76,0.002844141069397042,0.5,0.43555555555555553
EfficientNet-B0,6524,Shorts,0.009157509157509158,1.0,1.0,0.018315018315018316,1.0,1.0
EfficientNet-B0,25283,Handbags,0.002844141069397042,1.0,1.0,0.005119453924914676,0.9,0.8521031746031745
EfficientNet-B0,27349,Tshirts,0.0007074136955291454,1.0,1.0,0.0011318619128466328,0.8,0.78
EfficientNet-B0,8223,Backpacks,0.006915629322268326,1.0,1.0,0.012448132780082987,0.9,0.866388888888889
EfficientNet-B0,29015,Tshirts,0.0007074136955291454,1.0,1.0,0.0014148273910582908,1.0,1.0
EfficientNet-B0,45361,Heels,0.0037821482602118004,1.0,1.0,0.0045385779122541605,0.6,0.575
EfficientNet-B0,17948,Track Pants,0.009900990099009901,0.6,0.35333333333333333,0.0165016501650165,0.5,0.2963095238095238
EfficientNet-B0,55335,Hair Colour,0.05555555555555555,0.2,0.2,0.05555555555555555,0.1,0.1
EfficientNet-B0,17983,Backpacks,0.006915629322268326,1.0,1.0,0.013831258644536652,1.0,1.0
EfficientNet-B0,58071,Earrings,0.01201923076923077,1.0,1.0,0.02403846153846154,1.0,1.0
EfficientNet-B0,6727,Flip Flops,0.00546448087431694,1.0,1.0,0.008743169398907104,0.8,0.78
EfficientNet-B0,24360,Kurtas,0.0010851871947911015,0.4,0.4,0.0016277807921866521,0.3,0.2375
EfficientNet-B0,5390,Sports Shoes,0.0004914004914004914,0.2,0.05,0.0019656019656019656,0.4,0.13166666666666665
EfficientNet-B0,22894,Sandals,0.005580357142857143,1.0,1.0,0.011160714285714286,1.0,1.0
EfficientNet-B0,12259,Shirts,0.0015556938394523958,1.0,1.0,0.0031113876789047915,1.0,1.0
EfficientNet-B0,14368,Heels,0.0015128593040847202,0.4,0.4,0.0030257186081694403,0.4,0.29444444444444445
EfficientNet-B0,25073,Accessory Gift Set,0.045454545454545456,1.0,1.0,0.09090909090909091,1.0,1.0
EfficientNet-B0,17383,Mufflers,0.05405405405405406,0.4,0.4,0.10810810810810811,0.4,0.2733333333333333
EfficientNet-B0,3252,Sports Shoes,0.0004914004914004914,0.2,0.04,0.0009828009828009828,0.2,0.042222222222222223
EfficientNet-B0,5999,Shirts,0.0015556938394523958,1.0,1.0,0.0031113876789047915,1.0,1.0
EfficientNet-B0,20191,Tshirts,0.0002829654782116582,0.4,0.3,0.0007074136955291454,0.5,0.29444444444444445
EfficientNet-B0,52922,Sarees,0.011737089201877934,1.0,1.0,0.02112676056338028,0.9,0.8521031746031745
EfficientNet-B0,36803,Watches,0.0019677292404565133,1.0,1.0,0.003935458480913027,1.0,1.0
EfficientNet-B0,38397,Tshirts,0.0007074136955291454,1.0,1.0,0.0014148273910582908,1.0,1.0
EfficientNet-B0,17778,Belts,0.0049261083743842365,0.8,0.6433333333333333,0.011083743842364532,0.9,0.7571031746031747
EfficientNet-B0,37971,Heels,0.0015128593040847202,0.4,0.4,0.0030257186081694403,0.4,0.29444444444444445
EfficientNet-B0,53408,Kurtas,0.0016277807921866521,0.6,0.3833333333333333,0.0032555615843733042,0.6,0.38749999999999996
EfficientNet-B0,12804,Tshirts,0.0007074136955291454,1.0,1.0,0.0014148273910582908,1.0,1.0
EfficientNet-B0,13121,Casual Shoes,0.001054481546572935,0.6,0.52,0.002460456942003515,0.7,0.5163095238095239
EfficientNet-B0,25443,Casual Shoes,0.00140597539543058,0.8,0.5433333333333333,0.003163444639718805,0.9,0.7071031746031746
EfficientNet-B0,52949,Sarees,0.011737089201877934,1.0,1.0,0.023474178403755867,1.0,1.0
EfficientNet-B0,21487,Handbags,0.002844141069397042,1.0,1.0,0.005688282138794084,1.0,1.0
EfficientNet-B0,32256,Tunics,0.0,0.0,0.0,0.0,0.0,0.0
EfficientNet-B0,12651,Tshirts,0.0007074136955291454,1.0,1.0,0.0014148273910582908,1.0,1.0
EfficientNet-B0,6122,Flip Flops,0.004371584699453552,0.8,0.71,0.009836065573770493,0.9,0.7904365079365079
EfficientNet-B0,29414,Watches,0.0019677292404565133,1.0,1.0,0.003935458480913027,1.0,1.0
EfficientNet-B0,12669,Shirts,0.0015556938394523958,1.0,1.0,0.0031113876789047915,1.0,1.0
EfficientNet-B0,38566,Shorts,0.009157509157509158,1.0,1.0,0.018315018315018316,1.0,1.0
EfficientNet-B0,58645,Kurtas,0.002170374389582203,0.8,0.5433333333333333,0.0048833423765599565,0.9,0.7071031746031746
EfficientNet-B0,27748,Handbags,0.0022753128555176336,0.8,0.8,0.005119453924914676,0.9,0.8354365079365079
EfficientNet-B0,47666,Scarves,0.00847457627118644,0.2,0.2,0.00847457627118644,0.1,0.1
EfficientNet-B0,40671,Shirts,0.0009334163036714375,0.6,0.52,0.0021779713752333543,0.7,0.5258333333333334
EfficientNet-B0,13542,Flats,0.002004008016032064,0.2,0.2,0.002004008016032064,0.1,0.1
EfficientNet-B0,36437,Casual Shoes,0.00070298769771529,0.4,0.3333333333333333,0.00210896309314587,0.6,0.4029761904761905
EfficientNet-B0,46324,Sports Shoes,0.002457002457002457,1.0,1.0,0.004914004914004914,1.0,1.0
EfficientNet-B0,53439,Flip Flops,0.00546448087431694,1.0,1.0,0.01092896174863388,1.0,1.0
EfficientNet-B0,15021,Jackets,0.007782101167315175,0.4,0.18,0.011673151750972763,0.3,0.12
EfficientNet-B0,1938,Tshirts,0.0007074136955291454,1.0,1.0,0.0014148273910582908,1.0,1.0
EfficientNet-B0,6113,Tshirts,0.0005659309564233164,0.8,0.5433333333333333,0.0012733446519524619,0.9,0.7071031746031746
EfficientNet-B0,5762,Shorts,0.007326007326007326,0.8,0.8,0.007326007326007326,0.4,0.4
EfficientNet-B0,34164,Tops,0.0028392958546280523,1.0,1.0,0.0056785917092561046,1.0,1.0
EfficientNet-B0,5930,Casual Shoes,0.001054481546572935,0.6,0.42000000000000004,0.00281195079086116,0.8,0.5808730158730159
EfficientNet-B0,41759,Dresses,0.0021598272138228943,0.2,0.2,0.004319654427645789,0.2,0.12222222222222223
EfficientNet-B0,52143,Tshirts,0.0007074136955291454,1.0,1.0,0.0014148273910582908,1.0,1.0
EfficientNet-B0,42587,Tshirts,0.0007074136955291454,1.0,1.0,0.0014148273910582908,1.0,1.0
EfficientNet-B0,45332,Heels,0.0037821482602118004,1.0,1.0,0.007564296520423601,1.0,1.0
EfficientNet-B0,56233,Night suits,0.02857142857142857,0.8,0.71,0.05714285714285714,0.8,0.6592063492063491
EfficientNet-B0,51486,Trousers,0.005671077504725898,0.6,0.3833333333333333,0.005671077504725898,0.3,0.19166666666666665
EfficientNet-B0,45086,Night suits,0.007142857142857143,0.2,0.1,0.014285714285714285,0.2,0.07857142857142857
EfficientNet-B0,2855,Tshirts,0.0007074136955291454,1.0,1.0,0.0014148273910582908,1.0,1.0
EfficientNet-B0,5842,Tshirts,0.0007074136955291454,1.0,1.0,0.0014148273910582908,1.0,1.0
EfficientNet-B0,30684,Sunglasses,0.0046641791044776115,1.0,1.0,0.009328358208955223,1.0,1.0
EfficientNet-B0,55021,Lipstick,0.01592356687898089,1.0,1.0,0.03184713375796178,1.0,1.0
EfficientNet-B0,43978,Perfume and Body Mist,0.008156606851549755,1.0,1.0,0.013050570962479609,0.8,0.78
EfficientNet-B0,56006,Lipstick,0.01592356687898089,1.0,1.0,0.03184713375796178,1.0,1.0
EfficientNet-B0,25190,Handbags,0.002844141069397042,1.0,1.0,0.005688282138794084,1.0,1.0
EfficientNet-B0,48558,Belts,0.006157635467980296,1.0,1.0,0.012315270935960592,1.0,1.0
EfficientNet-B0,23856,Casual Shoes,0.00070298769771529,0.4,0.3,0.00140597539543058,0.4,0.24444444444444446
EfficientNet-B0,55641,Heels,0.0030257186081694403,0.8,0.71,0.0045385779122541605,0.6,0.5133333333333333
EfficientNet-B0,51685,Sunglasses,0.0046641791044776115,1.0,1.0,0.008395522388059701,0.9,0.866388888888889
EfficientNet-B0,24074,Flats,0.002004008016032064,0.2,0.05,0.004008016032064128,0.2,0.05833333333333333
EfficientNet-B0,50591,Briefs,0.00589622641509434,1.0,1.0,0.01179245283018868,1.0,1.0
EfficientNet-B0,35562,Sandals,0.002232142857142857,0.4,0.18,0.002232142857142857,0.2,0.09
EfficientNet-B0,6057,Shirts,0.0015556938394523958,1.0,1.0,0.0031113876789047915,1.0,1.0
EfficientNet-B0,41870,Sandals,0.005580357142857143,1.0,1.0,0.0078125,0.7,0.6777777777777778
EfficientNet-B0,7388,Formal Shoes,0.006289308176100629,0.8,0.71,0.014150943396226415,0.9,0.7904365079365079
EfficientNet-B0,59611,Sarees,0.011737089201877934,1.0,1.0,0.023474178403755867,1.0,1.0
EfficientNet-B0,4955,Shirts,0.0012445550715619166,0.8,0.6433333333333333,0.001866832607342875,0.6,0.49071428571428566
EfficientNet-B0,53777,Sports Shoes,0.0019656019656019656,0.8,0.5433333333333333,0.003931203931203931,0.8,0.5984920634920635
EfficientNet-B0,8768,Sunglasses,0.0046641791044776115,1.0,1.0,0.009328358208955223,1.0,1.0
EfficientNet-B0,50750,Casual Shoes,0.0017574692442882249,1.0,1.0,0.0035149384885764497,1.0,1.0
EfficientNet-B0,17097,Wallets,0.0053475935828877,1.0,1.0,0.0106951871657754,1.0,1.0
EfficientNet-B0,19569,Tshirts,0.0007074136955291454,1.0,1.0,0.0014148273910582908,1.0,1.0
EfficientNet-B0,46251,Tunics,0.0043859649122807015,0.2,0.04,0.0043859649122807015,0.1,0.02
EfficientNet-B0,13261,Jeans,0.008237232289950576,1.0,1.0,0.016474464579901153,1.0,1.0
EfficientNet-B0,1844,Tshirts,0.0007074136955291454,1.0,1.0,0.0014148273910582908,1.0,1.0
EfficientNet-B0,39397,Tshirts,0.00042444821731748726,0.6,0.4833333333333333,0.00042444821731748726,0.3,0.24166666666666664
EfficientNet-B0,56498,Nail Polish,0.01524390243902439,1.0,1.0,0.03048780487804878,1.0,1.0
EfficientNet-B0,13408,Shirts,0.0015556938394523958,1.0,1.0,0.0031113876789047915,1.0,1.0
EfficientNet-B0,42038,Sports Shoes,0.0019656019656019656,0.8,0.76,0.002457002457002457,0.5,0.4425
EfficientNet-B0,51883,Wallets,0.0053475935828877,1.0,1.0,0.0106951871657754,1.0,1.0
EfficientNet-B0,59484,Ring,0.042735042735042736,1.0,1.0,0.08547008547008547,1.0,1.0
EfficientNet-B0,23666,Shirts,0.0015556938394523958,1.0,1.0,0.0031113876789047915,1.0,1.0
EfficientNet-B0,54734,Casual Shoes,0.0017574692442882249,1.0,1.0,0.0035149384885764497,1.0,1.0
EfficientNet-B0,51410,Shirts,0.0012445550715619166,0.8,0.76,0.002489110143123833,0.8,0.7254365079365078
EfficientNet-B0,33064,Shirts,0.0015556938394523958,1.0,1.0,0.0031113876789047915,1.0,1.0
EfficientNet-B0,4595,Backpacks,0.006915629322268326,1.0,1.0,0.013831258644536652,1.0,1.0
EfficientNet-B0,4901,Tops,0.0017035775127768314,0.6,0.55,0.004542873367404884,0.8,0.6458730158730158
EfficientNet-B0,58797,Shirts,0.0015556938394523958,1.0,1.0,0.0031113876789047915,1.0,1.0
EfficientNet-B0,39901,Sports Shoes,0.0009828009828009828,0.4,0.3333333333333333,0.0014742014742014742,0.3,0.2095238095238095
EfficientNet-B0,19962,Sweaters,0.018115942028985508,1.0,1.0,0.018115942028985508,0.5,0.5
EfficientNet-B0,12770,Tops,0.0,0.0,0.0,0.0,0.0,0.0
EfficientNet-B0,40565,Kurtas,0.002170374389582203,0.8,0.6433333333333333,0.0048833423765599565,0.9,0.7571031746031747
EfficientNet-B0,31196,Wallets,0.0032085561497326204,0.6,0.6,0.0042780748663101605,0.4,0.33999999999999997
EfficientNet-B0,13835,Jackets,0.0038910505836575876,0.2,0.05,0.0038910505836575876,0.1,0.025
EfficientNet-B0,59819,Shirts,0.0015556938394523958,1.0,1.0,0.0028002489110143126,0.9,0.9
EfficientNet-B0,40108,Track Pants,0.013201320132013201,0.8,0.8,0.019801980198019802,0.6,0.5583333333333333
EfficientNet-B0,43322,Tops,0.001135718341851221,0.4,0.3,0.001135718341851221,0.2,0.15
EfficientNet-B0,33293,Shirts,0.0015556938394523958,1.0,1.0,0.0031113876789047915,1.0,1.0
EfficientNet-B0,38227,Sunglasses,0.0046641791044776115,1.0,1.0,0.009328358208955223,1.0,1.0
EfficientNet-B0,47588,Flats,0.002004008016032064,0.2,0.2,0.008016032064128256,0.4,0.21527777777777776
EfficientNet-B0,44903,Tshirts,0.0007074136955291454,1.0,1.0,0.0014148273910582908,1.0,1.0
EfficientNet-B0,8351,Tshirts,0.0005659309564233164,0.8,0.71,0.0012733446519524619,0.9,0.7904365079365079
EfficientNet-B0,15564,Heels,0.0022692889561270802,0.6,0.42000000000000004,0.0022692889561270802,0.3,0.21000000000000002
EfficientNet-B0,10472,Tshirts,0.0007074136955291454,1.0,1.0,0.0012733446519524619,0.9,0.8521031746031745
EfficientNet-B0,57187,Tunics,0.0,0.0,0.0,0.0,0.0,0.0
EfficientNet-B0,46001,Sarees,0.011737089201877934,1.0,1.0,0.023474178403755867,1.0,1.0
EfficientNet-B0,50356,Kurtas,0.002170374389582203,0.8,0.6433333333333333,0.0027129679869777536,0.5,0.37722222222222224
EfficientNet-B0,7721,Sports Shoes,0.002457002457002457,1.0,1.0,0.004914004914004914,1.0,1.0
EfficientNet-B0,53782,Tshirts,0.0007074136955291454,1.0,1.0,0.0014148273910582908,1.0,1.0
EfficientNet-B0,14045,Shirts,0.0015556938394523958,1.0,1.0,0.0031113876789047915,1.0,1.0
EfficientNet-B0,55475,Lip Liner,0.10638297872340426,1.0,1.0,0.1276595744680851,0.6,0.6
EfficientNet-B0,33455,Handbags,0.0017064846416382253,0.6,0.55,0.0034129692832764505,0.6,0.4572222222222222
EfficientNet-B0,4534,Tshirts,0.0007074136955291454,1.0,1.0,0.0014148273910582908,1.0,1.0
EfficientNet-B0,10623,Flip Flops,0.0,0.0,0.0,0.001092896174863388,0.1,0.0125
EfficientNet-B0,45045,Watches,0.0019677292404565133,1.0,1.0,0.0035419126328217238,0.9,0.9
EfficientNet-B0,47349,Handbags,0.002844141069397042,1.0,1.0,0.005688282138794084,1.0,1.0
EfficientNet-B0,3140,Heels,0.0030257186081694403,0.8,0.6433333333333333,0.00529500756429652,0.7,0.5416666666666667
EfficientNet-B0,50332,Kurtas,0.0027129679869777536,1.0,1.0,0.0048833423765599565,0.9,0.8788888888888889
EfficientNet-B0,52465,Camisoles,0.0,0.0,0.0,0.02631578947368421,0.1,0.016666666666666666
EfficientNet-B0,33660,Sandals,0.0033482142857142855,0.6,0.52,0.0078125,0.7,0.5508730158730158
EfficientNet-B0,25705,Tops,0.0017035775127768314,0.6,0.4833333333333333,0.002271436683702442,0.4,0.2861111111111111
EfficientNet-B0,44732,Flip Flops,0.00546448087431694,1.0,1.0,0.009836065573770493,0.9,0.8788888888888889
EfficientNet-B0,5071,Watches,0.0019677292404565133,1.0,1.0,0.003935458480913027,1.0,1.0
EfficientNet-B0,39533,Bra,0.01050420168067227,1.0,1.0,0.02100840336134454,1.0,1.0
EfficientNet-B0,50903,Sarees,0.007042253521126761,0.6,0.6,0.01643192488262911,0.7,0.5747619047619048
EfficientNet-B0,25191,Handbags,0.002844141069397042,1.0,1.0,0.005688282138794084,1.0,1.0
EfficientNet-B0,20625,Wallets,0.0053475935828877,1.0,1.0,0.009625668449197862,0.9,0.866388888888889
EfficientNet-B0,26384,Trousers,0.00945179584120983,1.0,1.0,0.01890359168241966,1.0,1.0
EfficientNet-B0,38423,Wallets,0.0053475935828877,1.0,1.0,0.0106951871657754,1.0,1.0
EfficientNet-B0,45883,Watches,0.0019677292404565133,1.0,1.0,0.003935458480913027,1.0,1.0
EfficientNet-B0,33463,Belts,0.006157635467980296,1.0,1.0,0.012315270935960592,1.0,1.0
EfficientNet-B0,2265,Tshirts,0.0007074136955291454,1.0,1.0,0.0014148273910582908,1.0,1.0
EfficientNet-B0,25350,Briefs,0.00589622641509434,1.0,1.0,0.01179245283018868,1.0,1.0
EfficientNet-B0,54565,Kurtas,0.002170374389582203,0.8,0.6433333333333333,0.0048833423765599565,0.9,0.7571031746031747
EfficientNet-B0,29931,Watches,0.0019677292404565133,1.0,1.0,0.003935458480913027,1.0,1.0
EfficientNet-B0,21152,Tshirts,0.0002829654782116582,0.4,0.18,0.00042444821731748726,0.3,0.1275
EfficientNet-B0,8760,Track Pants,0.0165016501650165,1.0,1.0,0.026402640264026403,0.8,0.7621031746031746
EfficientNet-B0,28828,Briefs,0.00589622641509434,1.0,1.0,0.01179245283018868,1.0,1.0
EfficientNet-B0,17259,Tshirts,0.0007074136955291454,1.0,1.0,0.0014148273910582908,1.0,1.0
EfficientNet-B0,16119,Sandals,0.002232142857142857,0.4,0.2,0.002232142857142857,0.2,0.1
EfficientNet-B0,13659,Shirts,0.0015556938394523958,1.0,1.0,0.0031113876789047915,1.0,1.0
EfficientNet-B0,28888,Briefs,0.00589622641509434,1.0,1.0,0.01179245283018868,1.0,1.0
EfficientNet-B0,44101,Perfume and Body Mist,0.0065252854812398045,0.8,0.76,0.009787928221859706,0.6,0.5114285714285713
EfficientNet-B0,3919,Track Pants,0.009900990099009901,0.6,0.6,0.019801980198019802,0.6,0.4891666666666666
EfficientNet-B0,56054,Lip Gloss,0.03496503496503497,1.0,1.0,0.06993006993006994,1.0,1.0
EfficientNet-B0,16784,Watches,0.0019677292404565133,1.0,1.0,0.003935458480913027,1.0,1.0
EfficientNet-B0,34088,Casual Shoes,0.001054481546572935,0.6,0.55,0.002460456942003515,0.7,0.5408333333333333
EfficientNet-B0,9427,Shirts,0.0015556938394523958,1.0,1.0,0.0031113876789047915,1.0,1.0
EfficientNet-B0,56098,Lip Gloss,0.03496503496503497,1.0,1.0,0.06993006993006994,1.0,1.0
EfficientNet-B0,31358,Tshirts,0.0007074136955291454,1.0,1.0,0.0014148273910582908,1.0,1.0
EfficientNet-B0,31956,Sports Shoes,0.0009828009828009828,0.4,0.2333333333333333,0.002457002457002457,0.5,0.27936507936507937
EfficientNet-B0,44905,Track Pants,0.0,0.0,0.0,0.0,0.0,0.0
EfficientNet-B0,26324,Tracksuits,0.10714285714285714,0.6,0.6,0.17857142857142858,0.5,0.4291666666666666
EfficientNet-B0,14682,Tshirts,0.0007074136955291454,1.0,1.0,0.0014148273910582908,1.0,1.0
EfficientNet-B0,13205,Sports Shoes,0.002457002457002457,1.0,1.0,0.004914004914004914,1.0,1.0
EfficientNet-B0,31155,Tshirts,0.0007074136955291454,1.0,1.0,0.0014148273910582908,1.0,1.0
EfficientNet-B0,34081,Casual Shoes,0.001054481546572935,0.6,0.6,0.0017574692442882249,0.5,0.40714285714285714
EfficientNet-B0,8950,Trousers,0.005671077504725898,0.6,0.4833333333333333,0.00945179584120983,0.5,0.3416666666666667
EfficientNet-B0,28618,Tshirts,0.00042444821731748726,0.6,0.4833333333333333,0.0005659309564233164,0.4,0.2861111111111111
EfficientNet-B0,46667,Deodorant,0.014450867052023121,1.0,1.0,0.028901734104046242,1.0,1.0
EfficientNet-B0,5479,Sports Shoes,0.0009828009828009828,0.4,0.18,0.0014742014742014742,0.3,0.12
EfficientNet-B0,52052,Tshirts,0.0002829654782116582,0.4,0.16666666666666666,0.0009903791737408036,0.7,0.3896428571428571
EfficientNet-B0,11335,Jeans,0.008237232289950576,1.0,1.0,0.016474464579901153,1.0,1.0
EfficientNet-B0,2035,Tshirts,0.0007074136955291454,1.0,1.0,0.0014148273910582908,1.0,1.0
EfficientNet-B0,13462,Tshirts,0.0007074136955291454,1.0,1.0,0.0014148273910582908,1.0,1.0
EfficientNet-B0,28049,Briefs,0.00589622641509434,1.0,1.0,0.01179245283018868,1.0,1.0
EfficientNet-B0,24442,Innerwear Vests,0.016597510373443983,0.8,0.71,0.029045643153526972,0.7,0.5940476190476189
EfficientNet-B0,25590,Kurta Sets,0.053763440860215055,1.0,1.0,0.10752688172043011,1.0,1.0
EfficientNet-B0,47574,Heels,0.0037821482602118004,1.0,1.0,0.00680786686838124,0.9,0.8788888888888889
